{
"type": "FeatureCollection",
"name": "gemeenten_nl_fallback",
"crs": { "type": "name", "properties": { "name": "urn:ogc:def:crs:OGC:1.3:CRS84" } },
"features": [
{ "type": "Feature", "properties": { "code": "0518", "gemeente": "'s-Gravenhage", "provincie": "Zuid-Holland" }, "geometry": { "type": "Polygon", "coordinates": [ [ [ 4.403923545775008, 52.077845265108564 ], [ 4.388650954079345, 52.072973790320688 ], [ 4.384582663866547, 52.076234278769185 ], [ 4.379995842690557, 52.074745019647594 ], [ 4.356011121090189, 52.061567468861931 ], [ 4.36082611131236, 52.05846834162304 ], [ 4.359822718973534, 52.057366335041877 ], [ 4.357349787614223, 52.056254715768461 ], [ 4.352281472042108, 52.059394100935513 ], [ 4.348003601009905, 52.056498117680086 ], [ 4.342195732249102, 52.061134564671143 ], [ 4.355518702715685, 52.06803980641795 ], [ 4.335213192018469, 52.075000404889124 ], [ 4.373514471446235, 52.092296803941103 ], [ 4.371466750763354, 52.093834656118908 ], [ 4.372709297259285, 52.094772598397334 ], [ 4.35848925842442, 52.105761317231703 ], [ 4.342318093152446, 52.097481832257174 ], [ 4.338573373898094, 52.097434813021394 ], [ 4.337252930472784, 52.098769514979594 ], [ 4.327484459342835, 52.095567099831143 ], [ 4.323282025903335, 52.099216514751156 ], [ 4.33226427551944, 52.103040088688743 ], [ 4.330317365933293, 52.104342013773923 ], [ 4.333060414087713, 52.105730785884546 ], [ 4.30250579445719, 52.12861600203253 ], [ 4.290063187592509, 52.13503622543206 ], [ 4.256907466377269, 52.113587625022895 ], [ 4.243142799486765, 52.110625570101014 ], [ 4.237587551095204, 52.104304697547313 ], [ 4.238716741326851, 52.099980061035552 ], [ 4.184998420321056, 52.061450722866056 ], [ 4.196328766294654, 52.055676958841282 ], [ 4.198853544577202, 52.050002364140923 ], [ 4.212434346528366, 52.034033060582438 ], [ 4.209584526712712, 52.033654697698829 ], [ 4.212292221091473, 52.030711628327602 ], [ 4.219226713610123, 52.033736783083732 ], [ 4.228326255775513, 52.034642099439779 ], [ 4.235014721699172, 52.039294994089268 ], [ 4.248217103062684, 52.02522579872187 ], [ 4.272662683006528, 52.035917129800268 ], [ 4.281710779096819, 52.027430993573162 ], [ 4.285249861231249, 52.027422329417561 ], [ 4.288254549704481, 52.023757632467522 ], [ 4.286733718543717, 52.022984588246636 ], [ 4.294344584618382, 52.019358653021499 ], [ 4.289736089014387, 52.017647818364161 ], [ 4.295512149142484, 52.014848436654638 ], [ 4.301075365238693, 52.017868955881823 ], [ 4.302664062132372, 52.016488053138005 ], [ 4.307638585447274, 52.018151363570844 ], [ 4.297929931114194, 52.029410031450674 ], [ 4.290951689873563, 52.041572979381314 ], [ 4.298366723395157, 52.045557105158423 ], [ 4.31988199258095, 52.051993594989959 ], [ 4.321360543730054, 52.05462081438727 ], [ 4.340306866327151, 52.061946821826744 ], [ 4.346983797747426, 52.056825428536342 ], [ 4.344519141065002, 52.054046967299577 ], [ 4.352638708400133, 52.049095179495133 ], [ 4.34606270453031, 52.044018175128365 ], [ 4.357586943987723, 52.026973099085602 ], [ 4.359769518514386, 52.026546046242252 ], [ 4.373499187455531, 52.03259881250797 ], [ 4.379735288795736, 52.026732686386566 ], [ 4.393891012695107, 52.032917424925941 ], [ 4.387436173518875, 52.03864691917515 ], [ 4.379858197168308, 52.035952287677944 ], [ 4.372640431553344, 52.041005729068708 ], [ 4.394444998529276, 52.05405390472135 ], [ 4.398549538616934, 52.051217874274336 ], [ 4.401624777604684, 52.053536420106049 ], [ 4.422072404318316, 52.051673092176543 ], [ 4.415230887342235, 52.05701290739453 ], [ 4.422489655046307, 52.057194044377873 ], [ 4.420690707243428, 52.063455242136229 ], [ 4.405295877501633, 52.077074933485257 ], [ 4.403923545775008, 52.077845265108564 ] ] ] } },
{ "type": "Feature", "properties": { "code": "0796", "gemeente": "'s-Hertogenbosch", "provincie": "Noord-Brabant" }, "geometry": { "type": "Polygon", "coordinates": [ [ [ 5.338883190089097, 51.663996644677447 ], [ 5.343959686242113, 51.667445898394774 ], [ 5.353692934900476, 51.671073468182776 ], [ 5.355962138918092, 51.674003906042913 ], [ 5.350939364996377, 51.677144820087229 ], [ 5.352783526881835, 51.681417618744305 ], [ 5.357351353282125, 51.682002758950603 ], [ 5.377110255436783, 51.678801808310091 ], [ 5.366354336370053, 51.688028651722824 ], [ 5.359272288242861, 51.69868199046747 ], [ 5.366829144842419, 51.696908366039651 ], [ 5.374030476345823, 51.700088057220952 ], [ 5.381023330362555, 51.700790958201949 ], [ 5.397715370585698, 51.698488513301704 ], [ 5.428452429202732, 51.701484488059265 ], [ 5.43793484033624, 51.700631303659115 ], [ 5.443350175489405, 51.697618041776302 ], [ 5.441353393488158, 51.694656091140338 ], [ 5.44754723118439, 51.694960236474074 ], [ 5.445167497953284, 51.688581211434887 ], [ 5.45167881991187, 51.686751272627532 ], [ 5.452718757624569, 51.68847496646152 ], [ 5.456872729671454, 51.687590845241466 ], [ 5.458768414706021, 51.692029387340519 ], [ 5.460326840732069, 51.689651423805579 ], [ 5.46984978714289, 51.689136750351601 ], [ 5.469401361478653, 51.691268859406392 ], [ 5.47100615198533, 51.691068256040147 ], [ 5.47829147706415, 51.701431274315851 ], [ 5.483075004909635, 51.701463583543813 ], [ 5.492385883838199, 51.706100658479073 ], [ 5.499048196557679, 51.707025261802549 ], [ 5.49770657396973, 51.711710606039397 ], [ 5.484547155760125, 51.713297538420683 ], [ 5.478697614753002, 51.723895534614492 ], [ 5.48013704794, 51.724464025809816 ], [ 5.47424432098918, 51.728964724071645 ], [ 5.463187922436755, 51.725866279157756 ], [ 5.46007361194656, 51.730707595052017 ], [ 5.457844005709352, 51.729974696316781 ], [ 5.454714806122436, 51.732869561220049 ], [ 5.453139634026525, 51.732393182308151 ], [ 5.451929694926853, 51.734001335942374 ], [ 5.454208571353457, 51.73546828886429 ], [ 5.443646656682051, 51.750780685462459 ], [ 5.438816386140545, 51.765030281754996 ], [ 5.391262565871198, 51.760074177608075 ], [ 5.374292683497447, 51.753324103888829 ], [ 5.363779379823577, 51.751462566531856 ], [ 5.35590476865541, 51.751434987675516 ], [ 5.353514364268974, 51.755477254014252 ], [ 5.3220412219146, 51.746523633683772 ], [ 5.297444186914962, 51.736808876005213 ], [ 5.282960145740267, 51.739835005374694 ], [ 5.272824926857511, 51.740068254749659 ], [ 5.264141429970178, 51.738828052284383 ], [ 5.255466237893697, 51.73489966567508 ], [ 5.248231952006241, 51.733614958420802 ], [ 5.225036716154613, 51.742969144000682 ], [ 5.216347457848755, 51.743451176671933 ], [ 5.206494175075469, 51.741477188321035 ], [ 5.21037493325136, 51.737711101925889 ], [ 5.210015475366251, 51.733946107918101 ], [ 5.219346148219203, 51.728150672215683 ], [ 5.221743800067881, 51.729386200902979 ], [ 5.231031888337696, 51.724086297616076 ], [ 5.228535672220104, 51.714767762432309 ], [ 5.229977436870342, 51.71056956413706 ], [ 5.241204244700547, 51.713988889604195 ], [ 5.23575644874394, 51.704653071478702 ], [ 5.241120329811701, 51.701025540577575 ], [ 5.247012612219589, 51.70273538740954 ], [ 5.251602757753131, 51.6995132414661 ], [ 5.247667278254594, 51.694549436540079 ], [ 5.226061559314446, 51.690043559561516 ], [ 5.231901758849669, 51.689257199405723 ], [ 5.234271732205078, 51.685499388024795 ], [ 5.246867636331408, 51.683168881359812 ], [ 5.265633812743288, 51.684725204746265 ], [ 5.288029181896924, 51.682237275857375 ], [ 5.291389724547871, 51.671983262546156 ], [ 5.294248066120094, 51.672198329982038 ], [ 5.298930743482791, 51.667123786887231 ], [ 5.319057405839139, 51.670372135036928 ], [ 5.327474754591667, 51.673367161881217 ], [ 5.338883190089097, 51.663996644677447 ] ] ] } },
{ "type": "Feature", "properties": { "code": "1680", "gemeente": "Aa en Hunze", "provincie": "Drenthe" }, "geometry": { "type": "Polygon", "coordinates": [ [ [ 6.714772234704915, 52.86825979703945 ], [ 6.736337073892061, 52.878691292969947 ], [ 6.728262364468228, 52.906865339364067 ], [ 6.724175195113244, 52.937287582974463 ], [ 6.731422442066771, 52.937555033401281 ], [ 6.727711794763978, 52.954719766608278 ], [ 6.788759007302782, 52.962774670812252 ], [ 6.837767803969217, 52.977894481743697 ], [ 6.93568480714008, 52.993352549950636 ], [ 6.776509378804717, 53.094760667992851 ], [ 6.746407509407379, 53.086080261589807 ], [ 6.745233125903574, 53.084498378561463 ], [ 6.749251922099197, 53.083745667210437 ], [ 6.749991703591567, 53.081649445681862 ], [ 6.713687195010563, 53.068696922505161 ], [ 6.711432977592481, 53.070113023670373 ], [ 6.699014672827083, 53.065173570216956 ], [ 6.692448156786751, 53.070383714695978 ], [ 6.67329375831496, 53.079319035173711 ], [ 6.657774204664199, 53.084030263587394 ], [ 6.648855090192447, 53.082188604265561 ], [ 6.649643917727643, 53.079577212839368 ], [ 6.654091815117997, 53.080028907632908 ], [ 6.65445039059956, 53.076867575582035 ], [ 6.655508845138962, 53.078042334271018 ], [ 6.659673788257099, 53.076364606207186 ], [ 6.660035853800792, 53.074389193355501 ], [ 6.662144996199651, 53.075042286708346 ], [ 6.662084092747508, 53.072095801118749 ], [ 6.666306591751816, 53.072129595196316 ], [ 6.6644197518788, 53.06905481503172 ], [ 6.670175812211258, 53.067285826948108 ], [ 6.669561217512747, 53.064851460264855 ], [ 6.671661564969981, 53.064790715377526 ], [ 6.664473233991716, 53.061518335123694 ], [ 6.666496577006583, 53.057702469267205 ], [ 6.653751155347712, 53.055513400657702 ], [ 6.642329809925107, 53.045932192068655 ], [ 6.640517582767739, 53.041724588317145 ], [ 6.644658486988881, 53.039386878394048 ], [ 6.6485933086905, 53.026332531573523 ], [ 6.631221432399776, 53.026105245566129 ], [ 6.629668959451513, 53.023605419336064 ], [ 6.632644321818828, 53.022052212105294 ], [ 6.630634441297357, 53.018317458411275 ], [ 6.632237796942983, 53.017107386153143 ], [ 6.625903217660086, 53.014850043983877 ], [ 6.621247269639188, 53.012115163634391 ], [ 6.62076061568153, 53.009184896620603 ], [ 6.618229803655328, 53.009348480888697 ], [ 6.615681392278755, 53.006220890902881 ], [ 6.611388341329347, 53.005077940014701 ], [ 6.613945391074799, 53.003360546574577 ], [ 6.611418820308541, 53.002464407390455 ], [ 6.612471924822772, 52.999141570854704 ], [ 6.607505053117386, 52.994636143994057 ], [ 6.607470549015622, 52.987462852228283 ], [ 6.604768743804393, 52.983290168406157 ], [ 6.596201837972439, 52.978954808967565 ], [ 6.596043481936817, 52.972657993891815 ], [ 6.581265319964372, 52.967449066428358 ], [ 6.570466248707691, 52.958545835006824 ], [ 6.561504804559523, 52.946652125194532 ], [ 6.565071298886452, 52.944980774751357 ], [ 6.58582798323869, 52.919451925008921 ], [ 6.614824897845653, 52.918326548762053 ], [ 6.625450157739684, 52.912810509559392 ], [ 6.66673385406318, 52.909449377506697 ], [ 6.674985752011562, 52.905017210274409 ], [ 6.686373939946682, 52.875330797287404 ], [ 6.714772234704915, 52.86825979703945 ] ] ] } },
{ "type": "Feature", "properties": { "code": "0358", "gemeente": "Aalsmeer", "provincie": "Noord-Holland" }, "geometry": { "type": "Polygon", "coordinates": [ [ [ 4.723764401008538, 52.216573656158836 ], [ 4.773271521547667, 52.241034022753389 ], [ 4.768504643424513, 52.244688509092846 ], [ 4.768471332387556, 52.247930337093386 ], [ 4.795085338519876, 52.260256095437661 ], [ 4.823792829987671, 52.289806428824761 ], [ 4.809883693761244, 52.305776103929269 ], [ 4.795761536630788, 52.29942802084193 ], [ 4.789562320081991, 52.28953305014592 ], [ 4.779910315906112, 52.283130299313733 ], [ 4.764012465255433, 52.276417700746855 ], [ 4.74669928829652, 52.27225335636507 ], [ 4.739579235684153, 52.267748490747358 ], [ 4.725940939569874, 52.263371036195188 ], [ 4.72078565754693, 52.258781503270043 ], [ 4.713220180073574, 52.255400901068029 ], [ 4.701756850426896, 52.244401964887395 ], [ 4.681248683543583, 52.23914288921079 ], [ 4.677327247884581, 52.234561571573082 ], [ 4.670293394871721, 52.23079527489967 ], [ 4.676699024401488, 52.225925524285046 ], [ 4.68615099553412, 52.226610136624451 ], [ 4.696494090739414, 52.232216483772234 ], [ 4.703714237275567, 52.233789195435044 ], [ 4.724154532373784, 52.232371337507971 ], [ 4.723764401008538, 52.216573656158836 ] ] ] } },
{ "type": "Feature", "properties": { "code": "0197", "gemeente": "Aalten", "provincie": "Gelderland" }, "geometry": { "type": "Polygon", "coordinates": [ [ [ 6.472589586346253, 51.85398547253449 ], [ 6.477199731780787, 51.85670678792318 ], [ 6.482910874873221, 51.857104955257149 ], [ 6.500290985217949, 51.862272391509244 ], [ 6.502207901889038, 51.864705244512635 ], [ 6.501150174328408, 51.868114295805412 ], [ 6.503154937384386, 51.867616464386792 ], [ 6.51548926935926, 51.873493063384132 ], [ 6.524572492280527, 51.873692249167341 ], [ 6.539898612985577, 51.880916191237752 ], [ 6.544150635694094, 51.884609798271448 ], [ 6.549586245955482, 51.883149489784678 ], [ 6.548363009345231, 51.885346659487048 ], [ 6.552425545831691, 51.886191423013479 ], [ 6.555862876093957, 51.881804690562916 ], [ 6.560611037791308, 51.882219236368627 ], [ 6.560998135409823, 51.884123782246654 ], [ 6.569517396358717, 51.888305056531408 ], [ 6.585779946170403, 51.894081980370402 ], [ 6.62530992160135, 51.901941880776441 ], [ 6.634173725087381, 51.901005382202925 ], [ 6.637717056235432, 51.904454675834216 ], [ 6.668733391654479, 51.913863394198607 ], [ 6.664375885130214, 51.916579726717146 ], [ 6.661009811599279, 51.915603382489465 ], [ 6.660766761875588, 51.918368843070439 ], [ 6.663126573667677, 51.919793686049914 ], [ 6.658030598043672, 51.924331793696929 ], [ 6.65897210111241, 51.929043804485424 ], [ 6.653653153825613, 51.930266956401731 ], [ 6.651292622554618, 51.928542285535102 ], [ 6.643557337201745, 51.930094708964411 ], [ 6.63200792442634, 51.93781689946627 ], [ 6.634519443590777, 51.944588951282412 ], [ 6.629071274664041, 51.950092029072557 ], [ 6.639471075692249, 51.959810889573475 ], [ 6.639078374365352, 51.962523972166245 ], [ 6.633928398665445, 51.965669574133116 ], [ 6.59843313976629, 51.971143206451117 ], [ 6.592541150653197, 51.970841426855856 ], [ 6.591864870727627, 51.972160919453152 ], [ 6.57510420370463, 51.973224566582999 ], [ 6.569683623687435, 51.972157953761673 ], [ 6.559256238268385, 51.974368360149775 ], [ 6.546961996863994, 51.972707105979083 ], [ 6.5272694171613, 51.966023559495817 ], [ 6.532828984862113, 51.962353483938287 ], [ 6.519832243031062, 51.95556266634896 ], [ 6.517457143804829, 51.947907229593838 ], [ 6.504780561707323, 51.945984326961707 ], [ 6.5007763912364, 51.939522324762876 ], [ 6.503127509145551, 51.93931313599942 ], [ 6.495579935706597, 51.930287602036536 ], [ 6.497089414375115, 51.929599587430054 ], [ 6.492538161165315, 51.926319929522471 ], [ 6.493275431926254, 51.918010005257997 ], [ 6.487100180056292, 51.914095632971453 ], [ 6.488668621838264, 51.912731711688679 ], [ 6.472348273079327, 51.907356475190298 ], [ 6.480415506029166, 51.893984451689214 ], [ 6.479023127704627, 51.888228459044733 ], [ 6.484251804737169, 51.878846556659198 ], [ 6.481168039387585, 51.874199020006948 ], [ 6.47183480186895, 51.868962554921751 ], [ 6.47128548814933, 51.864525989318246 ], [ 6.468402115724289, 51.864176273309674 ], [ 6.468045244889798, 51.860125462999939 ], [ 6.464335039244168, 51.855665753949687 ], [ 6.472589586346253, 51.85398547253449 ] ] ] } },
{ "type": "Feature", "properties": { "code": "0059", "gemeente": "Achtkarspelen", "provincie": "Fryslân" }, "geometry": { "type": "Polygon", "coordinates": [ [ [ 6.121632849971259, 53.144993403602584 ], [ 6.148118253078406, 53.157827436499915 ], [ 6.15198645398482, 53.150832781261471 ], [ 6.176750362134579, 53.159504517914982 ], [ 6.177754763014364, 53.167886278210055 ], [ 6.181375454894971, 53.170556730585922 ], [ 6.192854390089151, 53.189068306202365 ], [ 6.19943203428309, 53.193253587488101 ], [ 6.19960316438832, 53.198336029228834 ], [ 6.209426175971873, 53.199884474806524 ], [ 6.219057590746456, 53.205993521684704 ], [ 6.224802906381227, 53.211947563054807 ], [ 6.224750139540674, 53.214578577919191 ], [ 6.229892602953794, 53.217641654360513 ], [ 6.230173322961223, 53.222440436129141 ], [ 6.225339460043724, 53.225455386131308 ], [ 6.22472016547243, 53.229984130743603 ], [ 6.214257623246248, 53.234163414809473 ], [ 6.216753399367729, 53.234341652002257 ], [ 6.215542525548546, 53.236985159405471 ], [ 6.224972059256153, 53.238592843693446 ], [ 6.217978240683567, 53.24193213508368 ], [ 6.231043486123601, 53.245067088810352 ], [ 6.231947743327157, 53.247198023444831 ], [ 6.229480783044765, 53.249825577043843 ], [ 6.233704723093148, 53.250799815243312 ], [ 6.235097180661779, 53.253397825481279 ], [ 6.232157805194982, 53.256871870608585 ], [ 6.223971313841585, 53.257240132111036 ], [ 6.218947335718388, 53.259872595659147 ], [ 6.216804775587383, 53.265350891332709 ], [ 6.19378991139785, 53.270036524487324 ], [ 6.190720066915323, 53.268583696192572 ], [ 6.189219941126813, 53.269890237515256 ], [ 6.185669591229678, 53.267273011428614 ], [ 6.190384405156236, 53.263377669381299 ], [ 6.180721000785095, 53.261049647955623 ], [ 6.179400764540894, 53.259049689346199 ], [ 6.176604580628611, 53.26102068302486 ], [ 6.164195761234526, 53.263957660952812 ], [ 6.160523209339176, 53.261984676569277 ], [ 6.158780563326395, 53.263683711271526 ], [ 6.148451675293774, 53.26002384299855 ], [ 6.147403502951633, 53.261136712527176 ], [ 6.144978090852327, 53.260164804889556 ], [ 6.141058345806407, 53.264382932899352 ], [ 6.110774085182346, 53.259854679280764 ], [ 6.074515024749066, 53.24844822402946 ], [ 6.038848879270734, 53.242616618848444 ], [ 6.028816186724663, 53.242758573620193 ], [ 6.027705536852568, 53.24139287131117 ], [ 6.023094167296067, 53.242791422599112 ], [ 6.019939400724033, 53.24125303566835 ], [ 6.027244176079198, 53.230132546778172 ], [ 6.086288984962213, 53.215025988369909 ], [ 6.081699676220677, 53.214085773578596 ], [ 6.080137612272551, 53.213155344395915 ], [ 6.081904603504685, 53.211171473313229 ], [ 6.078723894563105, 53.210677736660614 ], [ 6.084109917213476, 53.208463248264451 ], [ 6.078558221572597, 53.20671601750319 ], [ 6.084052825387462, 53.195765898033557 ], [ 6.099772049833984, 53.185764107149964 ], [ 6.108946751138745, 53.176331736840126 ], [ 6.114593423498231, 53.175977649861487 ], [ 6.105012979713952, 53.151799402450571 ], [ 6.109025176549735, 53.152198324060372 ], [ 6.112537321504151, 53.150196135534863 ], [ 6.119338488879478, 53.149419963941689 ], [ 6.11879150035738, 53.145740542441445 ], [ 6.121632849971259, 53.144993403602584 ] ] ] } },
{ "type": "Feature", "properties": { "code": "0482", "gemeente": "Alblasserdam", "provincie": "Zuid-Holland" }, "geometry": { "type": "Polygon", "coordinates": [ [ [ 4.672606188829503, 51.838650332565805 ], [ 4.680397525409619, 51.844439430082595 ], [ 4.681348895032091, 51.848678141561344 ], [ 4.683190671869963, 51.848491458073298 ], [ 4.680708896603758, 51.859638567725483 ], [ 4.686449444014219, 51.866289951433345 ], [ 4.690438932240165, 51.866847051852282 ], [ 4.700239704884472, 51.879709884338311 ], [ 4.687814952157315, 51.878717658773148 ], [ 4.672914035513067, 51.874791942860305 ], [ 4.663984559914991, 51.874980824197756 ], [ 4.642138302789577, 51.880199676311669 ], [ 4.637075576444876, 51.876294453899924 ], [ 4.628774664574679, 51.881212156581597 ], [ 4.626391054972969, 51.880657766942612 ], [ 4.634220403350251, 51.870362982845364 ], [ 4.648849901815855, 51.861842246773648 ], [ 4.672606188829503, 51.838650332565805 ] ] ] } },
{ "type": "Feature", "properties": { "code": "0613", "gemeente": "Albrandswaard", "provincie": "Zuid-Holland" }, "geometry": { "type": "Polygon", "coordinates": [ [ [ 4.489094304511749, 51.83539557366268 ], [ 4.489731943449208, 51.840754550983704 ], [ 4.492227115425741, 51.841444219101099 ], [ 4.487187289540009, 51.84854916378201 ], [ 4.490125179271572, 51.851315498781297 ], [ 4.48028751091599, 51.855148592825032 ], [ 4.480402616197929, 51.862327565386181 ], [ 4.464356351262009, 51.862129843813719 ], [ 4.446475414730398, 51.866050920073626 ], [ 4.441020225701531, 51.865909746569933 ], [ 4.436530166350424, 51.868573554739562 ], [ 4.424549117028227, 51.87131282564205 ], [ 4.416946122172807, 51.872454383534439 ], [ 4.412252882424378, 51.87142858624788 ], [ 4.405770930884923, 51.873198200091025 ], [ 4.392841187302253, 51.871806012732655 ], [ 4.386219940993894, 51.866217431926493 ], [ 4.38350479276664, 51.857762658079956 ], [ 4.385162229240263, 51.853759226073535 ], [ 4.383228671427708, 51.852402154863462 ], [ 4.383664525461244, 51.8421182589693 ], [ 4.414172446288442, 51.842789009703729 ], [ 4.44389251008335, 51.833430585284425 ], [ 4.453773105824808, 51.831820152110602 ], [ 4.473186071599786, 51.832811664800978 ], [ 4.489094304511749, 51.83539557366268 ] ] ] } },
{ "type": "Feature", "properties": { "code": "0361", "gemeente": "Alkmaar", "provincie": "Noord-Holland" }, "geometry": { "type": "Polygon", "coordinates": [ [ [ 4.782476458831739, 52.51958096433858 ], [ 4.792439651680905, 52.519725206333355 ], [ 4.798284276855788, 52.524360483362372 ], [ 4.804923351548274, 52.525435535483759 ], [ 4.811626573477623, 52.530190504864223 ], [ 4.821581753396199, 52.531877401264353 ], [ 4.824451328902357, 52.533834565767116 ], [ 4.816992995739453, 52.535648212572731 ], [ 4.82446171445791, 52.542689312121247 ], [ 4.833910386347743, 52.538960353120999 ], [ 4.842278025246566, 52.543493491345224 ], [ 4.851828284445875, 52.554831638411379 ], [ 4.861449335128551, 52.562407502372871 ], [ 4.865627003006846, 52.573705444109528 ], [ 4.880215985669688, 52.580308945775258 ], [ 4.886444671116656, 52.586267691234504 ], [ 4.890010471093692, 52.594188266725574 ], [ 4.898774092195358, 52.601599513163386 ], [ 4.915415364085448, 52.608650659164859 ], [ 4.926925471537758, 52.606697003388554 ], [ 4.922427206892277, 52.611471198500887 ], [ 4.883992167025391, 52.613138557104541 ], [ 4.889414311691917, 52.624032601999673 ], [ 4.884792880491687, 52.631273916194722 ], [ 4.880722534177687, 52.633693031563936 ], [ 4.863881992315675, 52.635359506014026 ], [ 4.860645579862727, 52.639092062544137 ], [ 4.84747648030348, 52.642033126199841 ], [ 4.842635469845135, 52.645962816117944 ], [ 4.83854929862447, 52.646137825704592 ], [ 4.830224613685147, 52.632677864006475 ], [ 4.807816215125225, 52.633989684887901 ], [ 4.791767946112856, 52.638530581769764 ], [ 4.785278977306906, 52.638114685162918 ], [ 4.799030347248121, 52.654083587579613 ], [ 4.800509468323408, 52.660240921613287 ], [ 4.773669372038507, 52.648354453902755 ], [ 4.775710977870044, 52.652863382819518 ], [ 4.7729810673842, 52.653403629758017 ], [ 4.778042042300751, 52.664317770760242 ], [ 4.774486666858221, 52.665330198653528 ], [ 4.779025774209344, 52.67648396371515 ], [ 4.747858860733088, 52.682438457942318 ], [ 4.741741608617726, 52.680806871776703 ], [ 4.752410998351586, 52.671445552868612 ], [ 4.749013451807476, 52.665968868100094 ], [ 4.742605461904724, 52.661181611634511 ], [ 4.739034208618413, 52.662977661401442 ], [ 4.734099575064813, 52.662930619261033 ], [ 4.735281890868664, 52.661396881728606 ], [ 4.731210887920705, 52.661714999297196 ], [ 4.732853378663279, 52.659890020320923 ], [ 4.725707163008197, 52.657309418790426 ], [ 4.729368632497853, 52.656203596771235 ], [ 4.721793071912761, 52.65072502299045 ], [ 4.722676470845625, 52.64936490384558 ], [ 4.716908091681155, 52.649593476484988 ], [ 4.717609117125944, 52.646649768756141 ], [ 4.712814555476953, 52.646210625949152 ], [ 4.714200941666323, 52.642821626086295 ], [ 4.710037897857381, 52.642486123099324 ], [ 4.708275693004498, 52.630849593425928 ], [ 4.711418558330202, 52.629887027888373 ], [ 4.709796383826073, 52.628723832009449 ], [ 4.715286743613485, 52.625819720065167 ], [ 4.714586524316552, 52.62478190254631 ], [ 4.728850598384318, 52.61978505708413 ], [ 4.739451074712085, 52.613868177609881 ], [ 4.733347835586438, 52.607547192167083 ], [ 4.736413018374781, 52.605460283826076 ], [ 4.737461909991865, 52.593858297966435 ], [ 4.756477861802101, 52.591568343627856 ], [ 4.745083763376241, 52.566851532835962 ], [ 4.752932440752879, 52.56262822922583 ], [ 4.781622846459035, 52.557102241989661 ], [ 4.777886183466397, 52.544192891639234 ], [ 4.777795827564189, 52.531992491332488 ], [ 4.782476458831739, 52.51958096433858 ] ] ] } },
{ "type": "Feature", "properties": { "code": "0141", "gemeente": "Almelo", "provincie": "Overijssel" }, "geometry": { "type": "Polygon", "coordinates": [ [ [ 6.658073238548255, 52.295889803786132 ], [ 6.690940201143314, 52.308391068334394 ], [ 6.690042306197748, 52.313009557812272 ], [ 6.692319542589084, 52.313967605759842 ], [ 6.690229458207108, 52.314792423143409 ], [ 6.705895957640011, 52.317956857557263 ], [ 6.704353854859728, 52.319736343725189 ], [ 6.707010186041495, 52.321004151898087 ], [ 6.694945201422568, 52.326822902966683 ], [ 6.696953856171273, 52.329807274455533 ], [ 6.706841174854159, 52.332258760832346 ], [ 6.709446969587383, 52.330599818166085 ], [ 6.721010488050605, 52.340127668391759 ], [ 6.720845664995322, 52.341207540046277 ], [ 6.709740895099249, 52.343434587629005 ], [ 6.720563192862254, 52.352329130751485 ], [ 6.719693376013955, 52.361288971327248 ], [ 6.715661340144728, 52.366549122649133 ], [ 6.713465300518114, 52.376489076022985 ], [ 6.705302739546631, 52.378131808735006 ], [ 6.697881646115459, 52.391274036409463 ], [ 6.698635306444283, 52.393741075158808 ], [ 6.685229056789864, 52.39310491640893 ], [ 6.684391227523223, 52.390899001345822 ], [ 6.676119899442258, 52.396150669333487 ], [ 6.67189592196263, 52.388851401234838 ], [ 6.664168724967485, 52.389514296197 ], [ 6.651751703199206, 52.398724525933844 ], [ 6.647626008008486, 52.395453627744239 ], [ 6.64019957146601, 52.399122751276664 ], [ 6.636381545257131, 52.395535655172395 ], [ 6.621763178388036, 52.389545325558352 ], [ 6.619492092313622, 52.389830409925935 ], [ 6.613979386402216, 52.386119474736347 ], [ 6.609454972884192, 52.389551485500107 ], [ 6.598851202251204, 52.383658304291785 ], [ 6.608543365647338, 52.367173667398461 ], [ 6.614103416762404, 52.364615248629541 ], [ 6.61556914809625, 52.361833592795378 ], [ 6.614276985195567, 52.356434869331082 ], [ 6.61031805986516, 52.354457660346135 ], [ 6.604673382587447, 52.344897747656695 ], [ 6.597704801700184, 52.342899989424197 ], [ 6.603422505973644, 52.335955636046798 ], [ 6.616558981588719, 52.329158043858868 ], [ 6.619020268412858, 52.326145140477834 ], [ 6.604762772404268, 52.31222533903091 ], [ 6.611427344846279, 52.313123676273797 ], [ 6.614739910998292, 52.311422281296281 ], [ 6.613915127821371, 52.309658996566128 ], [ 6.616782018188424, 52.309101808776582 ], [ 6.607915102399454, 52.307541330304403 ], [ 6.618747463287221, 52.306175493233681 ], [ 6.631782333939372, 52.301779913726619 ], [ 6.626066254974344, 52.289973951632142 ], [ 6.636704910889292, 52.290738129778163 ], [ 6.637787515216213, 52.291985808053013 ], [ 6.641604113092554, 52.291736276727562 ], [ 6.658073238548255, 52.295889803786132 ] ] ] } },
{ "type": "Feature", "properties": { "code": "0034", "gemeente": "Almere", "provincie": "Flevoland" }, "geometry": { "type": "Polygon", "coordinates": [ [ [ 5.315179087203822, 52.302392176786505 ], [ 5.333504828745339, 52.314273719435207 ], [ 5.348617123041166, 52.309165249977148 ], [ 5.379211050079881, 52.313994835402539 ], [ 5.30124450085733, 52.381986440656561 ], [ 5.338610403576234, 52.395581046762238 ], [ 5.346371310164612, 52.396113601127674 ], [ 5.3507724053105, 52.400208682836954 ], [ 5.349514177695301, 52.401467953477528 ], [ 5.343357251160087, 52.401152438980468 ], [ 5.333799036549054, 52.406105389456663 ], [ 5.278374475087872, 52.42243627253869 ], [ 5.269491149951273, 52.426381479909033 ], [ 5.074623581412193, 52.583681701779511 ], [ 5.060428139316071, 52.578936135010906 ], [ 5.100721613729942, 52.50804059867037 ], [ 5.151023784138607, 52.466360035825581 ], [ 5.185490011105041, 52.415644501360525 ], [ 5.137331049573407, 52.415552765927572 ], [ 5.079162221016464, 52.3886541209122 ], [ 5.079288908922896, 52.370407721064176 ], [ 5.148879097121446, 52.318729160120171 ], [ 5.223536019619202, 52.325873867931278 ], [ 5.281140895556205, 52.316770347689754 ], [ 5.30108037225405, 52.309668733721963 ], [ 5.315179087203822, 52.302392176786505 ] ] ] } },
{ "type": "Feature", "properties": { "code": "0484", "gemeente": "Alphen aan den Rijn", "provincie": "Zuid-Holland" }, "geometry": { "type": "Polygon", "coordinates": [ [ [ 4.665876685125146, 52.064278654946946 ], [ 4.665660022821316, 52.065723943269866 ], [ 4.677246985106966, 52.06552053181413 ], [ 4.679298396938012, 52.059215900445423 ], [ 4.681973527515819, 52.059104067766739 ], [ 4.685296680467936, 52.069394789126292 ], [ 4.694411204085573, 52.067767392860489 ], [ 4.696528677410778, 52.074546781964088 ], [ 4.704905030042298, 52.076836414604081 ], [ 4.713034264258225, 52.076929510760351 ], [ 4.71550585404515, 52.081188416237616 ], [ 4.708758134998992, 52.093643897422389 ], [ 4.704731801836743, 52.095240865680005 ], [ 4.734878941914379, 52.10189095425374 ], [ 4.740222863921984, 52.104648095734859 ], [ 4.738856700924891, 52.106507441323387 ], [ 4.754951692342907, 52.121458261664429 ], [ 4.760064948142674, 52.13095258100077 ], [ 4.759025223926552, 52.135142521871124 ], [ 4.741838811440797, 52.162673225561619 ], [ 4.726811409436036, 52.158995214378294 ], [ 4.726053875035661, 52.156396892439957 ], [ 4.703800566029412, 52.144620150532198 ], [ 4.705672694372303, 52.152156606321157 ], [ 4.698217687132284, 52.158527965907517 ], [ 4.681209372743337, 52.167504231537244 ], [ 4.679841096328905, 52.162745427154256 ], [ 4.642606668820952, 52.161952957238491 ], [ 4.572736680012285, 52.152248321398275 ], [ 4.571480910527129, 52.153109032048363 ], [ 4.57046744576208, 52.142858239212977 ], [ 4.566053965129194, 52.135217581169904 ], [ 4.560121363625263, 52.131903336674483 ], [ 4.55162114305589, 52.137927467960964 ], [ 4.549309835472759, 52.137697983585127 ], [ 4.540640915844835, 52.121562281889446 ], [ 4.542948831203319, 52.121234815748046 ], [ 4.54190529946697, 52.118660206045931 ], [ 4.535322768727996, 52.120432481905453 ], [ 4.537134665602345, 52.083945983048821 ], [ 4.530103521994262, 52.080082108480831 ], [ 4.536047380019448, 52.076928100474987 ], [ 4.53369495772883, 52.073051135067779 ], [ 4.557180248214537, 52.061239370368959 ], [ 4.565042961959669, 52.05856938344882 ], [ 4.607427111806944, 52.065526522624282 ], [ 4.606906814255578, 52.077049719040424 ], [ 4.625320377665846, 52.076443340513762 ], [ 4.625307180997198, 52.074447230438317 ], [ 4.636850896284097, 52.073737133232513 ], [ 4.638225122372804, 52.064823599147317 ], [ 4.665876685125146, 52.064278654946946 ] ] ] } },
{ "type": "Feature", "properties": { "code": "1723", "gemeente": "Alphen-Chaam", "provincie": "Noord-Brabant" }, "geometry": { "type": "Polygon", "coordinates": [ [ [ 4.934865271153408, 51.45873106493594 ], [ 4.944662568760371, 51.456790348762908 ], [ 4.947162181029589, 51.458568726938005 ], [ 4.957197747615337, 51.459897218356609 ], [ 4.958860287597732, 51.458419679699574 ], [ 4.966135033532016, 51.459560366993458 ], [ 4.970077094470819, 51.458740891858746 ], [ 4.976456316821701, 51.461140832539897 ], [ 5.010462631119971, 51.45824440175501 ], [ 5.007772974175214, 51.462311926497328 ], [ 5.007974856797022, 51.466789786733528 ], [ 5.010836011123228, 51.472307435271517 ], [ 5.016667287881953, 51.475249761374442 ], [ 5.015272493603312, 51.476329359745691 ], [ 5.008338214409036, 51.47329958871471 ], [ 4.999165150264615, 51.479357055571526 ], [ 4.999176406925375, 51.482015881308577 ], [ 4.987993347474682, 51.483044730028965 ], [ 4.993391039662779, 51.485479310779752 ], [ 4.991637889742189, 51.48618246275467 ], [ 4.992942212650059, 51.487623219710997 ], [ 4.997185872376647, 51.487766941802874 ], [ 5.000363945174326, 51.491862477253299 ], [ 4.992466437769973, 51.493945539395135 ], [ 4.996756580059555, 51.496774717453555 ], [ 4.994642971597363, 51.497650695359589 ], [ 4.986739821643027, 51.495329268656967 ], [ 4.985775986447183, 51.499754548344974 ], [ 4.9924213743502, 51.512294384646331 ], [ 4.982496200257611, 51.514088059347941 ], [ 4.984554602887117, 51.517882120549402 ], [ 4.980868798402567, 51.518630930796498 ], [ 4.977595843506173, 51.521651624701128 ], [ 4.968861447743543, 51.520677646384719 ], [ 4.962572747195389, 51.525864416525096 ], [ 4.956643641823423, 51.518676606226535 ], [ 4.9110628436682, 51.51008128826264 ], [ 4.866232444188249, 51.538066608724769 ], [ 4.854563988114696, 51.533926587752589 ], [ 4.844738939850266, 51.533327701800189 ], [ 4.845060615666788, 51.528481557603882 ], [ 4.841952360172332, 51.526713273351071 ], [ 4.829671375692921, 51.527889483095912 ], [ 4.829260987640279, 51.529689437584651 ], [ 4.836794884234208, 51.532770895007687 ], [ 4.834605914939082, 51.53860015255124 ], [ 4.848468393466645, 51.543019537523143 ], [ 4.864261137222315, 51.552020149700873 ], [ 4.86298496638384, 51.557269561228651 ], [ 4.856249784681308, 51.555101519829606 ], [ 4.853991188161933, 51.556031878146904 ], [ 4.839780208153872, 51.553185776657671 ], [ 4.837396648705001, 51.549513171622799 ], [ 4.830769544340775, 51.550351800445938 ], [ 4.822086715605791, 51.546831652077458 ], [ 4.822600476431673, 51.545862491172635 ], [ 4.821069729637739, 51.546647502998802 ], [ 4.81461661467048, 51.54394439879227 ], [ 4.816373017617896, 51.542482152823212 ], [ 4.813810594985796, 51.543514818469234 ], [ 4.799329425566493, 51.537054912091492 ], [ 4.801325993497138, 51.536083449863789 ], [ 4.799902385153872, 51.53538056954676 ], [ 4.794252964996752, 51.534897116505363 ], [ 4.770060457974506, 51.527357293875369 ], [ 4.77027308753599, 51.523711633244133 ], [ 4.768632851018674, 51.52512898754005 ], [ 4.764807659786722, 51.524214085352959 ], [ 4.760185113356911, 51.519308214505138 ], [ 4.748909301331497, 51.518961451013745 ], [ 4.746995143071571, 51.515478577558689 ], [ 4.750947631305893, 51.509106748877826 ], [ 4.753472065531658, 51.505795758846226 ], [ 4.760023282352154, 51.502372769551705 ], [ 4.773757551550369, 51.505114467066186 ], [ 4.778690033226353, 51.504499758111137 ], [ 4.780944399353112, 51.504045552812904 ], [ 4.783060983083131, 51.499564224150319 ], [ 4.790866488290633, 51.498158671066392 ], [ 4.79797712037346, 51.499804851442313 ], [ 4.802422037496592, 51.497517499484367 ], [ 4.813805199414993, 51.495354354247198 ], [ 4.817569733389958, 51.492925269766481 ], [ 4.817419114660995, 51.488991739919392 ], [ 4.820960400733592, 51.483221044512597 ], [ 4.824833097147275, 51.482179877489564 ], [ 4.837649894118583, 51.481955209852643 ], [ 4.861950008711725, 51.477609736313369 ], [ 4.87178240709982, 51.479827065086283 ], [ 4.883077286023085, 51.477308337890314 ], [ 4.89129454565862, 51.478216536787919 ], [ 4.917048258472383, 51.46804097221932 ], [ 4.934865271153408, 51.45873106493594 ] ] ] } },
{ "type": "Feature", "properties": { "code": "1959", "gemeente": "Altena", "provincie": "Noord-Brabant" }, "geometry": { "type": "Polygon", "coordinates": [ [ [ 4.873054922160477, 51.719998271388661 ], [ 4.906723821213022, 51.718814746092136 ], [ 4.938129080398177, 51.722642082505608 ], [ 4.953997858113244, 51.722928517786407 ], [ 4.969381253345504, 51.721209311475796 ], [ 5.016220943301703, 51.712013346617553 ], [ 5.038473671117734, 51.710817523420374 ], [ 5.055430001881529, 51.712146987531739 ], [ 5.06790237213071, 51.715763109354427 ], [ 5.100487718366209, 51.730841562603196 ], [ 5.128054700924634, 51.737607146093879 ], [ 5.125984491665287, 51.739629196179202 ], [ 5.126335923397741, 51.745021486865319 ], [ 5.138112604714786, 51.750726296222382 ], [ 5.142713818515569, 51.755210230182534 ], [ 5.135890660232552, 51.760319748469165 ], [ 5.139399911511537, 51.771106989265853 ], [ 5.136541647653741, 51.773362960445596 ], [ 5.117681797438203, 51.778155395572021 ], [ 5.105549657196437, 51.785408822799596 ], [ 5.098710801222882, 51.787428712968406 ], [ 5.090143596812019, 51.786451812261149 ], [ 5.078539166610136, 51.779563748231517 ], [ 5.068411908162924, 51.779922157507364 ], [ 5.061912674900396, 51.784413940162125 ], [ 5.050836325399993, 51.796617616325335 ], [ 5.016001029761322, 51.80820704970143 ], [ 5.010941338203422, 51.812104621440369 ], [ 5.009324919633174, 51.817511979245744 ], [ 5.00036390896183, 51.820933386575831 ], [ 4.987756925050364, 51.821059367360377 ], [ 4.936064117519737, 51.828314503367537 ], [ 4.922728469994818, 51.828072483266226 ], [ 4.911273501944068, 51.825981784855422 ], [ 4.889400949316152, 51.818895019144541 ], [ 4.854413463893493, 51.800683132168594 ], [ 4.836108442103979, 51.797839100485504 ], [ 4.806875682439158, 51.800336290275574 ], [ 4.797194139286982, 51.799769968433381 ], [ 4.773539018867302, 51.793324339574568 ], [ 4.755239672232467, 51.781611409311125 ], [ 4.744788206786357, 51.763487435411882 ], [ 4.736630795018202, 51.755568383252935 ], [ 4.703745678757415, 51.736927475613918 ], [ 4.681597590088832, 51.72841873177137 ], [ 4.676304224453329, 51.724923654316157 ], [ 4.677286225315931, 51.720110256893982 ], [ 4.698553146370825, 51.721992053730297 ], [ 4.721842545735543, 51.734271926939563 ], [ 4.733650891911311, 51.736507371902732 ], [ 4.7374507563791, 51.741300406287252 ], [ 4.747363735829407, 51.746622488846732 ], [ 4.750726956914833, 51.7522892255272 ], [ 4.75511371390607, 51.755043399643547 ], [ 4.764199376566292, 51.759857408583358 ], [ 4.772109349646062, 51.759329646087089 ], [ 4.782449208038776, 51.766568307452395 ], [ 4.785404000677827, 51.755932806768925 ], [ 4.802501612709278, 51.757586361846997 ], [ 4.828089466604695, 51.753784087772289 ], [ 4.841881360335388, 51.756686636250542 ], [ 4.851941431485602, 51.75587968320464 ], [ 4.853047539341444, 51.750168641822292 ], [ 4.849411440217222, 51.74482723142259 ], [ 4.850230730706977, 51.738573455177651 ], [ 4.846932049306382, 51.735895590947315 ], [ 4.846937676100384, 51.725524107954151 ], [ 4.836904720536256, 51.712611867495916 ], [ 4.873054922160477, 51.719998271388661 ] ] ] } },
{ "type": "Feature", "properties": { "code": "0060", "gemeente": "Ameland", "provincie": "Fryslân" }, "geometry": { "type": "Polygon", "coordinates": [ [ [ 5.702880545503977, 53.394913192258727 ], [ 5.747975781395001, 53.394786422090071 ], [ 5.777875798829596, 53.376722821638694 ], [ 5.792901119986423, 53.3766730831302 ], [ 5.82313376664563, 53.394537597230155 ], [ 5.95877362712159, 53.420925221128762 ], [ 5.959012818409086, 53.438894248105626 ], [ 6.00441114469045, 53.456640245401324 ], [ 6.004928513832971, 53.492577468372275 ], [ 5.959611799815169, 53.483816297585491 ], [ 5.935560368661935, 53.482136455012267 ], [ 5.839015294323101, 53.47534391256309 ], [ 5.703442563113404, 53.471283625660831 ], [ 5.613209202230105, 53.493948565270742 ], [ 5.552855806567676, 53.471584861625146 ], [ 5.58291181850538, 53.458062582310276 ], [ 5.61283079266714, 53.422070724854024 ], [ 5.612289359934144, 53.318743075759755 ], [ 5.6272408815069, 53.323183203236219 ], [ 5.702682731380549, 53.367958420718175 ], [ 5.702880545503977, 53.394913192258727 ] ] ] } },
{ "type": "Feature", "properties": { "code": "0307", "gemeente": "Amersfoort", "provincie": "Utrecht" }, "geometry": { "type": "Polygon", "coordinates": [ [ [ 5.310919802561747, 52.108384391238069 ], [ 5.334036460885771, 52.120414858452207 ], [ 5.355635210696156, 52.136829577728001 ], [ 5.374388788520087, 52.130992812165729 ], [ 5.398074701006314, 52.133547811491425 ], [ 5.407563250209822, 52.141959815071296 ], [ 5.409390978364833, 52.140387427620006 ], [ 5.408318343713204, 52.142588217390298 ], [ 5.416513129189036, 52.150698753895853 ], [ 5.417843573748412, 52.154784687222694 ], [ 5.423607952109879, 52.15763648304268 ], [ 5.442203931037775, 52.161504071768746 ], [ 5.45909439644558, 52.152977914560303 ], [ 5.476647055514972, 52.152231463976641 ], [ 5.48130372853588, 52.150470359906322 ], [ 5.48431729751754, 52.158063859124212 ], [ 5.481495537912771, 52.158297312822043 ], [ 5.482116097133522, 52.159795685933283 ], [ 5.479196698936229, 52.161360742083069 ], [ 5.472433305806162, 52.162850869943433 ], [ 5.479922364393748, 52.165814559003401 ], [ 5.44882436315541, 52.167704267287952 ], [ 5.439875545109578, 52.171197459130596 ], [ 5.438086207211972, 52.184584824995952 ], [ 5.441039361278947, 52.205693439576777 ], [ 5.439237131713266, 52.204601435378351 ], [ 5.434713927891234, 52.205875785674223 ], [ 5.409669928407623, 52.218579571170565 ], [ 5.40722183428668, 52.213404659475344 ], [ 5.395522357735698, 52.219153851918279 ], [ 5.392735467282442, 52.205527711197284 ], [ 5.330541369292348, 52.214731713408419 ], [ 5.327882061122091, 52.209350047086957 ], [ 5.330691740642287, 52.203384837779346 ], [ 5.314282027771842, 52.203022731839383 ], [ 5.30931610711383, 52.194661375547533 ], [ 5.310594587813519, 52.191486067290683 ], [ 5.321471361263266, 52.189923912033201 ], [ 5.32438356664861, 52.187924639644955 ], [ 5.323886505764837, 52.182463013275758 ], [ 5.336949122417814, 52.182572308758608 ], [ 5.340782713189375, 52.178096610271922 ], [ 5.349897623500033, 52.175605043256617 ], [ 5.349925436906076, 52.173856672144318 ], [ 5.347315458500958, 52.172788715907316 ], [ 5.343483727281614, 52.160270547038621 ], [ 5.338720282891178, 52.160056514331359 ], [ 5.336298112649423, 52.14585569672564 ], [ 5.330968589528164, 52.137290580356712 ], [ 5.333851663440242, 52.131345355243603 ], [ 5.33126784565761, 52.126630205476751 ], [ 5.306458637277721, 52.110271467531476 ], [ 5.310919802561747, 52.108384391238069 ] ] ] } },
{ "type": "Feature", "properties": { "code": "0362", "gemeente": "Amstelveen", "provincie": "Noord-Holland" }, "geometry": { "type": "Polygon", "coordinates": [ [ [ 4.834811159091146, 52.249946662592741 ], [ 4.854806415424611, 52.242044518728157 ], [ 4.857521717553076, 52.24772305977298 ], [ 4.868779159531011, 52.251698348961668 ], [ 4.873624640392525, 52.260891403039466 ], [ 4.878462667725594, 52.261474250572533 ], [ 4.882344832444004, 52.26403950748476 ], [ 4.879470152802597, 52.267075612613446 ], [ 4.881629633790406, 52.274462860024784 ], [ 4.878909654004846, 52.279240238559794 ], [ 4.885759630504657, 52.286489185968215 ], [ 4.889731415134206, 52.287484615071307 ], [ 4.88707457235495, 52.289738447271283 ], [ 4.890913311007323, 52.291494013279589 ], [ 4.892079869251899, 52.294931839567319 ], [ 4.901094069451335, 52.296160178966282 ], [ 4.898527783250384, 52.299858002389442 ], [ 4.907678186567111, 52.306572196195297 ], [ 4.905390629864233, 52.315912740045434 ], [ 4.909151213515113, 52.318145304259069 ], [ 4.896291649775524, 52.322419862832135 ], [ 4.85675488700423, 52.321413291119079 ], [ 4.85592435538264, 52.330317819490261 ], [ 4.848006708265789, 52.330569910249565 ], [ 4.840475703983754, 52.329576351575824 ], [ 4.83940527567271, 52.327359362907465 ], [ 4.818752571839402, 52.325560262164451 ], [ 4.816773980852425, 52.311077866961107 ], [ 4.809883693761244, 52.305776103929269 ], [ 4.823860423596285, 52.289937551763551 ], [ 4.794545502396996, 52.260848204367512 ], [ 4.834811159091146, 52.249946662592741 ] ] ] } },
{ "type": "Feature", "properties": { "code": "0363", "gemeente": "Amsterdam", "provincie": "Noord-Holland" }, "geometry": { "type": "MultiPolygon", "coordinates": [ [ [ [ 5.063855740319802, 52.278523703551116 ], [ 5.084596294507315, 52.279400853485875 ], [ 5.087704174584911, 52.281684929284459 ], [ 5.102065808012513, 52.279890840821288 ], [ 5.104275022159332, 52.283208302161512 ], [ 5.104700161325594, 52.285561192120952 ], [ 5.098473543095408, 52.291636154366401 ], [ 5.106065061819564, 52.294668492776388 ], [ 5.107674362201546, 52.297291614192169 ], [ 5.101301559065742, 52.297922566556792 ], [ 5.097186934567177, 52.299952768333441 ], [ 5.096257259331249, 52.306863546676972 ], [ 5.100554105270062, 52.310436922536994 ], [ 5.092125954895129, 52.313013745284721 ], [ 5.092807632639925, 52.314265257661624 ], [ 5.065858825505723, 52.32223747619809 ], [ 5.065259457380757, 52.319181524031919 ], [ 5.058340032102302, 52.316317296009494 ], [ 5.056741792441616, 52.319599438592206 ], [ 5.061468426124057, 52.321747100959016 ], [ 5.061513567424403, 52.323674721682899 ], [ 5.028765740485801, 52.330782574141622 ], [ 5.017273291928094, 52.330186715230759 ], [ 5.018489480888504, 52.323294983404942 ], [ 5.016653254959452, 52.322986900019387 ], [ 5.016133680929632, 52.324512125762602 ], [ 4.997860333893348, 52.313978854388161 ], [ 4.990741768714739, 52.326346840493883 ], [ 4.983965405798546, 52.330666476154612 ], [ 4.975307119535427, 52.330561679917693 ], [ 4.970254483322252, 52.326169307431044 ], [ 4.967541190422375, 52.327757593533001 ], [ 4.952675654769896, 52.322644044078658 ], [ 4.947658677303342, 52.328138282711024 ], [ 4.937961030146477, 52.324122357278284 ], [ 4.941042847466019, 52.319619792840108 ], [ 4.939830361325428, 52.317119586528484 ], [ 4.929472810722252, 52.307413609688581 ], [ 4.955240526213262, 52.278304905818857 ], [ 4.961053635578863, 52.278174205163978 ], [ 4.962243970240777, 52.280206531520605 ], [ 4.966165619974515, 52.28097984413494 ], [ 4.967674338298763, 52.279582305366766 ], [ 4.969726307901991, 52.283120831835518 ], [ 4.983505891974168, 52.290368140749855 ], [ 4.997475368621348, 52.289118359056047 ], [ 5.001789347134429, 52.292792911836493 ], [ 5.003834505908855, 52.298509320235823 ], [ 5.014264635656791, 52.303677039776701 ], [ 5.021543197750095, 52.302456854109295 ], [ 5.021867210334992, 52.28265327298395 ], [ 5.024381634026803, 52.281357450835692 ], [ 5.030528419199376, 52.288487185379374 ], [ 5.042778658857368, 52.282488143421226 ], [ 5.050404332048175, 52.287871986500974 ], [ 5.0527691460713, 52.286485258894778 ], [ 5.05954030067901, 52.289320137228202 ], [ 5.065471488012995, 52.285198161228166 ], [ 5.065901187418859, 52.280549625929446 ], [ 5.063855740319802, 52.278523703551116 ] ] ], [ [ [ 4.913585487564944, 52.320693876905615 ], [ 4.910334169781093, 52.323566328228516 ], [ 4.913881307114028, 52.324551540039181 ], [ 4.912931720275803, 52.330510418161445 ], [ 4.922550464709047, 52.333084199262771 ], [ 4.923765285074267, 52.335442677780556 ], [ 4.928493322509842, 52.336554819082664 ], [ 4.936511667850848, 52.334591991841698 ], [ 4.949548297755692, 52.338378646871881 ], [ 4.965822862332298, 52.354696678825491 ], [ 4.969594781826068, 52.356101682353859 ], [ 4.999320654335117, 52.341536328918551 ], [ 5.009527459953102, 52.342004154221755 ], [ 5.015899097131542, 52.348322872236132 ], [ 5.039056501152197, 52.354575576912474 ], [ 5.037679685440173, 52.375401270034793 ], [ 5.079162221016464, 52.3886541209122 ], [ 5.074261628427726, 52.413838463985321 ], [ 5.065412547417216, 52.417239452005241 ], [ 5.049177134812214, 52.415129276715 ], [ 5.035470171744685, 52.418273964246197 ], [ 5.030044793147905, 52.415643499958129 ], [ 5.028357308945505, 52.41941642929072 ], [ 5.021610886498195, 52.421222053293938 ], [ 5.018205110573977, 52.419059553601379 ], [ 5.000156687504728, 52.425443123213654 ], [ 4.990445199019318, 52.425520784140858 ], [ 4.987101493225988, 52.422841702046597 ], [ 4.982636420832047, 52.426762296562195 ], [ 4.973319809817728, 52.42279733833864 ], [ 4.955949733658417, 52.421954407441454 ], [ 4.952769748035283, 52.423679409148555 ], [ 4.951481367206782, 52.421929748841308 ], [ 4.947788575475351, 52.421562245289849 ], [ 4.944068987890583, 52.414342481396666 ], [ 4.930715884491994, 52.411607585595767 ], [ 4.901885797860575, 52.423623017586188 ], [ 4.892458063124916, 52.425448961887056 ], [ 4.877666292064161, 52.425882814973363 ], [ 4.870740970526199, 52.430394612416599 ], [ 4.862677454652231, 52.429941319141861 ], [ 4.857947579759114, 52.424717109626926 ], [ 4.85985771433775, 52.420473700277988 ], [ 4.856078012038456, 52.416662171473746 ], [ 4.7392080969197, 52.431063833889134 ], [ 4.728758928786465, 52.40071135200882 ], [ 4.757818089449324, 52.396663389034103 ], [ 4.759124708669686, 52.379329248204598 ], [ 4.756433873807737, 52.377763544148962 ], [ 4.75859637973801, 52.372217639161398 ], [ 4.754901826604686, 52.358383846281072 ], [ 4.756106014093909, 52.355829433395016 ], [ 4.790541200500789, 52.341841694736267 ], [ 4.797765491194787, 52.335282519641488 ], [ 4.818425787210058, 52.325557199627582 ], [ 4.83940527567271, 52.327359362907465 ], [ 4.839476485396236, 52.329145698583623 ], [ 4.843960964352574, 52.330218486965585 ], [ 4.85592435538264, 52.330317819490261 ], [ 4.85675488700423, 52.321413291119079 ], [ 4.896291649775524, 52.322419862832135 ], [ 4.909135283442597, 52.318253201299441 ], [ 4.912375607129473, 52.318248014776238 ], [ 4.913585487564944, 52.320693876905615 ] ] ] ] } },
{ "type": "Feature", "properties": { "code": "0200", "gemeente": "Apeldoorn", "provincie": "Gelderland" }, "geometry": { "type": "Polygon", "coordinates": [ [ [ 6.008848603049344, 52.074014192893543 ], [ 6.031593800710812, 52.09560566436587 ], [ 6.034053262764401, 52.095723873820731 ], [ 6.032384477028947, 52.101449647133052 ], [ 6.034825282966463, 52.102899787596108 ], [ 6.035817767178268, 52.109466142230481 ], [ 6.041129968078208, 52.112371428688178 ], [ 6.040579656496102, 52.11456710928379 ], [ 6.047646131473683, 52.119194677773699 ], [ 6.051108775278958, 52.124206346211146 ], [ 6.06962218145666, 52.131304937114969 ], [ 6.071392165576915, 52.134572401000064 ], [ 6.078484119146222, 52.138878172918446 ], [ 6.074725905863095, 52.148162525545857 ], [ 6.064370497494632, 52.156990047878679 ], [ 6.065694091982515, 52.165221404249564 ], [ 6.060673387583135, 52.175152648949606 ], [ 6.049540088938115, 52.184286130982549 ], [ 6.053873812486655, 52.194999402617398 ], [ 6.058250903705347, 52.196171173529457 ], [ 6.053473595167613, 52.201212817190417 ], [ 6.047908008551946, 52.213004038592914 ], [ 6.04690921197342, 52.221367721733195 ], [ 6.040875522917307, 52.224159888062488 ], [ 6.03342453369761, 52.224079569968978 ], [ 6.033639151312442, 52.231514866068238 ], [ 6.036050794087116, 52.231996717775374 ], [ 6.026505716572808, 52.242904398495924 ], [ 6.028927269666356, 52.24439043211639 ], [ 6.024864460552068, 52.249227989535264 ], [ 6.028465760557531, 52.248657758229477 ], [ 6.03176939193121, 52.258550520639851 ], [ 6.035149236049466, 52.25831471672673 ], [ 6.037570598177029, 52.261526398320534 ], [ 6.034659342734553, 52.265905473719975 ], [ 6.036417572856319, 52.268594704838577 ], [ 6.030312507318477, 52.269232521005399 ], [ 6.031044817068012, 52.270924745898604 ], [ 6.028530881948118, 52.270985714057346 ], [ 6.030285367520685, 52.276330885286235 ], [ 6.016214436451712, 52.276794346431068 ], [ 5.98897456307245, 52.274094466798978 ], [ 5.992422413901691, 52.284900364344189 ], [ 5.985743800089243, 52.285669414405767 ], [ 5.982169758902471, 52.283825514824137 ], [ 5.973889796906958, 52.273209067110869 ], [ 5.957921467682812, 52.27236700941291 ], [ 5.936211288637536, 52.274419298782767 ], [ 5.879592535159478, 52.264991270842884 ], [ 5.860891914473768, 52.255807058031706 ], [ 5.854520746754444, 52.260102263873932 ], [ 5.850811154670149, 52.268695374497149 ], [ 5.842718419559553, 52.267145864657152 ], [ 5.821426653974501, 52.272671892242563 ], [ 5.811633705377355, 52.270474280711916 ], [ 5.797241626155871, 52.269695743034156 ], [ 5.779920116201803, 52.27060203588924 ], [ 5.751263269305796, 52.269561223513172 ], [ 5.749227319325027, 52.268272928913092 ], [ 5.761448677244301, 52.248303831561962 ], [ 5.726388868249309, 52.242503064926055 ], [ 5.729553171332967, 52.238921904041021 ], [ 5.730915020090693, 52.231568663660248 ], [ 5.738400562760638, 52.231467986930994 ], [ 5.74302877501557, 52.223490021495138 ], [ 5.741673355249505, 52.219881585091528 ], [ 5.727435345794901, 52.219298290209423 ], [ 5.730764538179815, 52.208599248807332 ], [ 5.750584687656494, 52.193730657229857 ], [ 5.792025351030552, 52.196986522220122 ], [ 5.799657173509537, 52.194651801248895 ], [ 5.811932331806798, 52.184878222276005 ], [ 5.801959079924684, 52.177363796602357 ], [ 5.809646450325205, 52.166691792854699 ], [ 5.809843141926092, 52.151414721162126 ], [ 5.845761283879935, 52.151609500530192 ], [ 5.859545360224587, 52.148749444484949 ], [ 5.864749298712394, 52.125555224971791 ], [ 5.883449228552116, 52.106342158861594 ], [ 5.900104018281078, 52.103784696002293 ], [ 5.911720978544742, 52.100232796209383 ], [ 5.951465744844805, 52.099900992864711 ], [ 5.945643898664748, 52.078084600212165 ], [ 5.955930936966597, 52.073338554803577 ], [ 5.9646459518644, 52.076322219134234 ], [ 5.984081721907329, 52.07898006352827 ], [ 5.990479831310359, 52.079164182563893 ], [ 6.008848603049344, 52.074014192893543 ] ] ] } },
{ "type": "Feature", "properties": { "code": "0202", "gemeente": "Arnhem", "provincie": "Gelderland" }, "geometry": { "type": "Polygon", "coordinates": [ [ [ 5.887768703672974, 51.936135402965668 ], [ 5.901863665361955, 51.933464200894967 ], [ 5.912767048913597, 51.945292930332172 ], [ 5.911366570155519, 51.947272978820827 ], [ 5.915165851441945, 51.949964083194907 ], [ 5.929446258493394, 51.950592553502609 ], [ 5.932334401155796, 51.959726626694874 ], [ 5.935597113480957, 51.960415664643016 ], [ 5.940327673638963, 51.956039763257962 ], [ 5.955225442663514, 51.948753543016387 ], [ 5.949249362700407, 51.957451461981591 ], [ 5.950973249824174, 51.962832006979063 ], [ 5.955457451493363, 51.967017980536404 ], [ 5.964633732668394, 51.971424078727573 ], [ 5.990340041370783, 51.974406095556127 ], [ 5.98065137880371, 51.981454359665094 ], [ 5.959196512299112, 51.98963700802944 ], [ 5.953613364058847, 51.995001587726073 ], [ 5.948125762732052, 52.006586801280463 ], [ 5.943310344558653, 52.010134261115375 ], [ 5.946067160644894, 52.010605318282131 ], [ 5.941402109430099, 52.011486002819922 ], [ 5.937098859652185, 52.048533041304182 ], [ 5.94328704671802, 52.06245559100244 ], [ 5.955930936966597, 52.073338554803577 ], [ 5.946102764911095, 52.07789053398556 ], [ 5.90974336279607, 52.062096097268764 ], [ 5.898124392214085, 52.063361997104536 ], [ 5.899401353229364, 52.049958183908466 ], [ 5.882063164072219, 52.049410788675047 ], [ 5.859667891359694, 52.052017432144609 ], [ 5.850045245868183, 52.051601725821506 ], [ 5.837918049381818, 52.046631844153275 ], [ 5.808338237739769, 52.018759938586648 ], [ 5.802960561108616, 52.004054095036999 ], [ 5.826275861230117, 51.999555676560988 ], [ 5.863739547373941, 51.995890028720979 ], [ 5.863153794946774, 51.985290553163281 ], [ 5.866237074077812, 51.98411235016971 ], [ 5.867369741543063, 51.980289964794842 ], [ 5.863736866702227, 51.977964671934558 ], [ 5.865899827098448, 51.975685707950639 ], [ 5.870860248644236, 51.975112996101629 ], [ 5.865320910490508, 51.970915310895016 ], [ 5.859120798385249, 51.969536330380492 ], [ 5.835342642655857, 51.973558730674846 ], [ 5.835181204651153, 51.96416856830335 ], [ 5.829339468016688, 51.960848073755798 ], [ 5.831344524301852, 51.958535740015414 ], [ 5.828770599743752, 51.950040119229719 ], [ 5.829927593785896, 51.945236941276953 ], [ 5.868500282628874, 51.942184478682741 ], [ 5.887768703672974, 51.936135402965668 ] ] ] } },
{ "type": "Feature", "properties": { "code": "0106", "gemeente": "Assen", "provincie": "Drenthe" }, "geometry": { "type": "Polygon", "coordinates": [ [ [ 6.530562713314699, 52.933878227811057 ], [ 6.535914707857055, 52.932590562016138 ], [ 6.542997491741485, 52.955338240518273 ], [ 6.561504804559523, 52.946652125194532 ], [ 6.570466248707691, 52.958545835006824 ], [ 6.581265319964372, 52.967449066428358 ], [ 6.596043481936817, 52.972657993891815 ], [ 6.596201837972439, 52.978954808967565 ], [ 6.604768743804393, 52.983290168406157 ], [ 6.607470549015622, 52.987462852228283 ], [ 6.607505053117386, 52.994636143994057 ], [ 6.612471924822772, 52.999141570854704 ], [ 6.611418820308541, 53.002464407390455 ], [ 6.613945391074799, 53.003360546574577 ], [ 6.611388341329347, 53.005077940014701 ], [ 6.615681392278755, 53.006220890902881 ], [ 6.618229803655328, 53.009348480888697 ], [ 6.62076061568153, 53.009184896620603 ], [ 6.621247269639188, 53.012115163634391 ], [ 6.625903217660086, 53.014850043983877 ], [ 6.632237796942983, 53.017107386153143 ], [ 6.630634441297357, 53.018317458411275 ], [ 6.632644321818828, 53.022052212105294 ], [ 6.629668959451513, 53.023605419336064 ], [ 6.631221432399776, 53.026105245566129 ], [ 6.603014571918995, 53.033087380018365 ], [ 6.606384724073215, 53.037857204050582 ], [ 6.608096639778019, 53.048521899436444 ], [ 6.601099083482901, 53.061920594543167 ], [ 6.588077253831039, 53.057999294332944 ], [ 6.586432289010505, 53.05970416295915 ], [ 6.57580413188193, 53.059187613342779 ], [ 6.574867684912054, 53.054581196191933 ], [ 6.570097586403626, 53.055005929332971 ], [ 6.569728463896983, 53.059862477557438 ], [ 6.555213269570161, 53.058608088154635 ], [ 6.556076143721692, 53.055726500791813 ], [ 6.552730229748735, 53.055146702111813 ], [ 6.553955762079913, 53.0527276972172 ], [ 6.549995690285738, 53.047074948956954 ], [ 6.55255241409589, 53.043175892337615 ], [ 6.547306764044602, 53.035066966313288 ], [ 6.533683243278643, 53.038156263259445 ], [ 6.52514141196647, 53.04627255786891 ], [ 6.510770900486852, 53.044313799841248 ], [ 6.505130063317868, 53.046354762038163 ], [ 6.499950965215487, 53.038430298957685 ], [ 6.502893482941409, 53.032212799511271 ], [ 6.495527758937772, 53.030897699351833 ], [ 6.503873050361728, 53.016041583444959 ], [ 6.509978607753596, 53.017039438379058 ], [ 6.513036287940021, 53.010556666985686 ], [ 6.505935001967739, 53.010130071555047 ], [ 6.488212022652623, 53.005405284476559 ], [ 6.492585960370248, 52.993058840926558 ], [ 6.498060830167853, 52.993780965005755 ], [ 6.493658792312292, 52.9923235544777 ], [ 6.499004414450397, 52.990215795817235 ], [ 6.492244483533657, 52.984201138849564 ], [ 6.49659524015918, 52.983239385290233 ], [ 6.485502071932367, 52.972984651280697 ], [ 6.495743245233462, 52.968990539291717 ], [ 6.487558127049366, 52.96120495511952 ], [ 6.493831407779137, 52.958747322983889 ], [ 6.4839476710688, 52.950173066591994 ], [ 6.49312811770276, 52.947995894676225 ], [ 6.496971750733715, 52.95156609732998 ], [ 6.519577255596277, 52.942955739350595 ], [ 6.517622171930595, 52.939762975371039 ], [ 6.527629661237935, 52.935582028528721 ], [ 6.530906602139098, 52.935872331439228 ], [ 6.530562713314699, 52.933878227811057 ] ] ] } },
{ "type": "Feature", "properties": { "code": "0743", "gemeente": "Asten", "provincie": "Noord-Brabant" }, "geometry": { "type": "Polygon", "coordinates": [ [ [ 5.770448614942778, 51.333804592247795 ], [ 5.870359567180287, 51.352534969507126 ], [ 5.866018878977012, 51.35462045829069 ], [ 5.856580607389327, 51.353763921635561 ], [ 5.854103105826331, 51.376429634581548 ], [ 5.838270974334406, 51.395257299312576 ], [ 5.831876537224658, 51.39958966459001 ], [ 5.787882041135657, 51.412647326565889 ], [ 5.783601703337681, 51.416604998423914 ], [ 5.776005415161117, 51.41883474744165 ], [ 5.770941957169293, 51.423632213217317 ], [ 5.766245061663033, 51.425276424890228 ], [ 5.762414804159362, 51.430574928147998 ], [ 5.755698873483079, 51.434267878683187 ], [ 5.733996585332118, 51.439070574867628 ], [ 5.721331239337978, 51.438228556058014 ], [ 5.708285170660248, 51.440056298465791 ], [ 5.698265810187943, 51.438029982632003 ], [ 5.693983453955684, 51.439239796603516 ], [ 5.703852771440519, 51.411072570146366 ], [ 5.735569087745291, 51.390308243376325 ], [ 5.74021604007549, 51.369793276818733 ], [ 5.745459769328089, 51.371105728638526 ], [ 5.770448614942778, 51.333804592247795 ] ] ] } },
{ "type": "Feature", "properties": { "code": "0744", "gemeente": "Baarle-Nassau", "provincie": "Noord-Brabant" }, "geometry": { "type": "MultiPolygon", "coordinates": [ [ [ [ 4.93091984632122, 51.438777454005923 ], [ 4.932386581012659, 51.440030465055379 ], [ 4.930634755832989, 51.439886095954911 ], [ 4.93091984632122, 51.438777454005923 ] ] ], [ [ [ 4.924718481374406, 51.43896904320107 ], [ 4.923277605439847, 51.439834338894286 ], [ 4.924120178363831, 51.441856030648708 ], [ 4.921503561504269, 51.439249742352033 ], [ 4.922320661656787, 51.437682117050592 ], [ 4.924718481374406, 51.43896904320107 ] ] ], [ [ [ 4.941650450240789, 51.449475395690207 ], [ 4.941571368643362, 51.447941337096495 ], [ 4.942202306336706, 51.449488557200333 ], [ 4.941650450240789, 51.449475395690207 ] ] ], [ [ [ 4.869233378373568, 51.411785704457245 ], [ 4.873107369395732, 51.412418848299197 ], [ 4.87220197554972, 51.412924791650028 ], [ 4.869233378373568, 51.411785704457245 ] ] ], [ [ [ 4.934180443713821, 51.431951928933977 ], [ 4.93550213493361, 51.433490811503084 ], [ 4.93411428065664, 51.43342925093318 ], [ 4.934180443713821, 51.431951928933977 ] ] ], [ [ [ 4.931329229658948, 51.43644187646975 ], [ 4.932733081954786, 51.43443152420916 ], [ 4.932684863472137, 51.436469546554378 ], [ 4.931329229658948, 51.43644187646975 ] ] ], [ [ [ 4.935458799114746, 51.436180721251652 ], [ 4.936478329283357, 51.437546466176549 ], [ 4.935374031206677, 51.437521701313102 ], [ 4.935458799114746, 51.436180721251652 ] ] ], [ [ [ 4.93090716648411, 51.436725171829252 ], [ 4.931632461980725, 51.437169265715347 ], [ 4.930689573531249, 51.437155603386415 ], [ 4.93090716648411, 51.436725171829252 ] ] ], [ [ [ 4.928683705652891, 51.395899505055297 ], [ 4.963218656641871, 51.422293025663386 ], [ 5.004581757599822, 51.443925038131916 ], [ 5.005097190766056, 51.450095467989165 ], [ 5.010345619941175, 51.453610611290706 ], [ 5.010462631119971, 51.45824440175501 ], [ 4.976456316821701, 51.461140832539897 ], [ 4.970077094470819, 51.458740891858746 ], [ 4.966135033532016, 51.459560366993458 ], [ 4.958860287597732, 51.458419679699574 ], [ 4.957197747615337, 51.459897218356609 ], [ 4.942235970283461, 51.457049034748529 ], [ 4.932121814014931, 51.459212969476532 ], [ 4.917048258472383, 51.46804097221932 ], [ 4.89129454565862, 51.478216536787919 ], [ 4.883077286023085, 51.477308337890314 ], [ 4.87178240709982, 51.479827065086283 ], [ 4.861950008711725, 51.477609736313369 ], [ 4.841878211677325, 51.480735771036166 ], [ 4.836108904995695, 51.461245492471541 ], [ 4.844020687937217, 51.459065560808867 ], [ 4.838471364359902, 51.456049808913875 ], [ 4.835210091346955, 51.458735821631358 ], [ 4.828583836791394, 51.450877167644869 ], [ 4.823362936799216, 51.448618879585688 ], [ 4.828153208924162, 51.422210943632599 ], [ 4.833256551085356, 51.420344012515976 ], [ 4.841469315564543, 51.422442212979803 ], [ 4.836491365322011, 51.417254268753922 ], [ 4.836758456102698, 51.418848904474032 ], [ 4.826505729946378, 51.421103105146798 ], [ 4.826222153136509, 51.423076299760837 ], [ 4.821439554767284, 51.422574429832913 ], [ 4.8162319830122, 51.425674400531669 ], [ 4.808359199658485, 51.426438329754234 ], [ 4.805671946549571, 51.428622351582661 ], [ 4.792852767112367, 51.428573284114329 ], [ 4.789121446382937, 51.429742798947245 ], [ 4.786653555593684, 51.432719134922102 ], [ 4.766569690829019, 51.430488802594788 ], [ 4.77014770675557, 51.426637904926643 ], [ 4.770974327086706, 51.423215577479489 ], [ 4.768577186134211, 51.419646293660968 ], [ 4.771875220204666, 51.416606447459195 ], [ 4.771193654014941, 51.414909060782918 ], [ 4.773366561980024, 51.413440653745397 ], [ 4.777752883757668, 51.413824469351511 ], [ 4.789334299915915, 51.408987020143066 ], [ 4.792213608408038, 51.410542315262049 ], [ 4.793067496631334, 51.409489187070605 ], [ 4.839330625917607, 51.41461757730719 ], [ 4.846276147194104, 51.412856345904103 ], [ 4.849818303307114, 51.41430383451015 ], [ 4.856707428858647, 51.412687855196168 ], [ 4.85990658804828, 51.413314654469168 ], [ 4.86035688344206, 51.410500760179652 ], [ 4.867366401950176, 51.409113589557947 ], [ 4.866255041798252, 51.411444419875444 ], [ 4.868721383646699, 51.412887790617241 ], [ 4.885836764831486, 51.416636068711007 ], [ 4.885881272047, 51.415334658635878 ], [ 4.890863132576286, 51.415125290550968 ], [ 4.897132766338745, 51.411693201981826 ], [ 4.899993651448181, 51.41467075372006 ], [ 4.900661874424353, 51.413286135057277 ], [ 4.903187185306687, 51.413552381700335 ], [ 4.900252081637495, 51.412525884827389 ], [ 4.899893289323316, 51.410627069274163 ], [ 4.902710737250029, 51.410245094939299 ], [ 4.904877965254762, 51.411900281287146 ], [ 4.903701729064258, 51.409955173292609 ], [ 4.909804423047255, 51.407435465236375 ], [ 4.9101615952412, 51.402260251863773 ], [ 4.917815917542824, 51.400511223861287 ], [ 4.916120961502955, 51.398723289963272 ], [ 4.91815204410816, 51.397927335899148 ], [ 4.924275526292153, 51.397820368330784 ], [ 4.924586780478609, 51.396883853388339 ], [ 4.917805572791428, 51.396842392764363 ], [ 4.913848902441769, 51.395076805562965 ], [ 4.920959386278615, 51.393686986002201 ], [ 4.927853751116538, 51.395438752894499 ], [ 4.9244280202448, 51.398783550623449 ], [ 4.927897563735805, 51.39973468320909 ], [ 4.928683705652891, 51.395899505055297 ] ], [ [ 4.921540370415022, 51.442193182541075 ], [ 4.921241704276387, 51.445308677204324 ], [ 4.918302790399965, 51.445784818712532 ], [ 4.923034806953852, 51.447377942510229 ], [ 4.923732820344068, 51.44389405157316 ], [ 4.928054991389413, 51.443618820148764 ], [ 4.925790239086056, 51.442779682787886 ], [ 4.928300177175599, 51.438553428234812 ], [ 4.928701893403328, 51.441597445856168 ], [ 4.933730305641081, 51.443159839740396 ], [ 4.935623258445474, 51.446306245578675 ], [ 4.935477033690161, 51.444282032998352 ], [ 4.93811756810865, 51.444717303315315 ], [ 4.939525410765998, 51.44182760224038 ], [ 4.938467793525906, 51.443435051054493 ], [ 4.938106435148229, 51.441876532650326 ], [ 4.934269605336922, 51.442112761940827 ], [ 4.933740594396941, 51.440882388812518 ], [ 4.936430737649001, 51.437792395577382 ], [ 4.939881182788858, 51.43944621738823 ], [ 4.939971362463011, 51.436118552012914 ], [ 4.936248702268196, 51.434226196180504 ], [ 4.9399367825831, 51.43411688443927 ], [ 4.93969738474411, 51.430742561028467 ], [ 4.936152715752709, 51.42946508756129 ], [ 4.933598528855007, 51.431021215058038 ], [ 4.930594388944635, 51.429973987947804 ], [ 4.926880102701377, 51.433592758394759 ], [ 4.915012032602127, 51.435355323263437 ], [ 4.921205737364309, 51.436896363346122 ], [ 4.921200657119624, 51.440403953872526 ], [ 4.919189625597386, 51.44067024448146 ], [ 4.921540370415022, 51.442193182541075 ] ], [ [ 4.939971362463011, 51.436118552012914 ], [ 4.942189610493874, 51.436454673842512 ], [ 4.942755666738042, 51.435113186253048 ], [ 4.94099871140971, 51.434642120210377 ], [ 4.939971362463011, 51.436118552012914 ] ], [ [ 4.918524559479779, 51.443439093003789 ], [ 4.918147169508469, 51.443958837468493 ], [ 4.918878334824312, 51.444005818931046 ], [ 4.918524559479779, 51.443439093003789 ] ], [ [ 4.942226824405041, 51.438108394087187 ], [ 4.94075966965528, 51.43931474948937 ], [ 4.94311719110484, 51.440164376198723 ], [ 4.942226824405041, 51.438108394087187 ] ], [ [ 4.945994359002564, 51.449093064537571 ], [ 4.939722404331428, 51.446565719888277 ], [ 4.940132469749138, 51.445162972834666 ], [ 4.933082134321465, 51.449529564365896 ], [ 4.947623941117383, 51.450572744347141 ], [ 4.951469265173682, 51.453712651268958 ], [ 4.952400582605947, 51.450150724746884 ], [ 4.948269819105417, 51.449025868384631 ], [ 4.947952815863463, 51.447333436160314 ], [ 4.944761408471616, 51.447784124595863 ], [ 4.945994359002564, 51.449093064537571 ] ], [ [ 4.949022651022171, 51.453765425303551 ], [ 4.949590676006811, 51.455111648396283 ], [ 4.949350877547327, 51.453789668242237 ], [ 4.949022651022171, 51.453765425303551 ] ], [ [ 4.935716326763662, 51.409291359644754 ], [ 4.936394796096247, 51.405342313207477 ], [ 4.928495115156201, 51.405114478835721 ], [ 4.932382178855816, 51.406507775968407 ], [ 4.929865221748287, 51.407677267036519 ], [ 4.927792362479065, 51.407880448385399 ], [ 4.927265970894845, 51.408243050244053 ], [ 4.935716326763662, 51.409291359644754 ] ], [ [ 4.86631617309827, 51.413182884592125 ], [ 4.866997312045295, 51.414386115173933 ], [ 4.86781868995189, 51.413262573802342 ], [ 4.86631617309827, 51.413182884592125 ] ], [ [ 4.875310268274024, 51.416064792788035 ], [ 4.873392684015807, 51.415916585870185 ], [ 4.874828457049336, 51.416508164534214 ], [ 4.875310268274024, 51.416064792788035 ] ], [ [ 4.88936734158776, 51.423453774830875 ], [ 4.89012365656026, 51.425282630742331 ], [ 4.892306720133347, 51.424102240031637 ], [ 4.88936734158776, 51.423453774830875 ] ], [ [ 4.83875027244963, 51.418178386336777 ], [ 4.841364338725541, 51.41789644168216 ], [ 4.84085742779887, 51.41745361444201 ], [ 4.83875027244963, 51.418178386336777 ] ], [ [ 4.949787735953947, 51.444955692796498 ], [ 4.948073031975599, 51.444038689776654 ], [ 4.943904066711707, 51.443788951069834 ], [ 4.94771877998252, 51.445736236850088 ], [ 4.949787735953947, 51.444955692796498 ] ], [ [ 4.944928819897662, 51.453034658421942 ], [ 4.942769220450568, 51.45332686083686 ], [ 4.94478893923112, 51.453512870884005 ], [ 4.944928819897662, 51.453034658421942 ] ], [ [ 4.83574478920971, 51.448459361472366 ], [ 4.836664186307729, 51.448398802628361 ], [ 4.836224934697279, 51.448046793882696 ], [ 4.83574478920971, 51.448459361472366 ] ], [ [ 4.939857416241793, 51.439508418621813 ], [ 4.941434980458878, 51.43998654652529 ], [ 4.941528206752109, 51.439733868096496 ], [ 4.939857416241793, 51.439508418621813 ] ], [ [ 4.939214518744204, 51.443619673136105 ], [ 4.939910058769529, 51.442967237850191 ], [ 4.940281946646524, 51.441801557931505 ], [ 4.939214518744204, 51.443619673136105 ] ], [ [ 4.941185422603959, 51.444882775989107 ], [ 4.942115626084442, 51.445549160378427 ], [ 4.942315428484124, 51.445136527790829 ], [ 4.941185422603959, 51.444882775989107 ] ], [ [ 4.925719221460707, 51.444906780790525 ], [ 4.925504481164311, 51.446651376070093 ], [ 4.926926522518642, 51.445360808428042 ], [ 4.925719221460707, 51.444906780790525 ] ], [ [ 4.934073774900021, 51.447400558087615 ], [ 4.931512198242607, 51.4476313048281 ], [ 4.933258419149244, 51.448281796928185 ], [ 4.934073774900021, 51.447400558087615 ] ], [ [ 4.928398255062281, 51.447827825243849 ], [ 4.928152886318252, 51.448937246169116 ], [ 4.929125472861839, 51.448124435449216 ], [ 4.928398255062281, 51.447827825243849 ] ], [ [ 4.930402933270973, 51.44872369125779 ], [ 4.930736890852692, 51.450425946916212 ], [ 4.931813162103644, 51.449269967746247 ], [ 4.930402933270973, 51.44872369125779 ] ], [ [ 4.940622364933896, 51.4553251433002 ], [ 4.940715847281164, 51.455629959986055 ], [ 4.942094920405911, 51.455239261882781 ], [ 4.940622364933896, 51.4553251433002 ] ] ] ] } },
{ "type": "Feature", "properties": { "code": "0308", "gemeente": "Baarn", "provincie": "Utrecht" }, "geometry": { "type": "Polygon", "coordinates": [ [ [ 5.223889216588932, 52.16537958062456 ], [ 5.236315790283606, 52.167458254736466 ], [ 5.236156395896145, 52.171148949027597 ], [ 5.237900722889122, 52.171250914621318 ], [ 5.239041319981394, 52.167622274323001 ], [ 5.268406482451801, 52.187678278829033 ], [ 5.303906844632929, 52.199960305906203 ], [ 5.308521343616949, 52.204474012817101 ], [ 5.310605720291154, 52.203450963049107 ], [ 5.313831091599906, 52.204192330230882 ], [ 5.314311374844334, 52.203021042230397 ], [ 5.330691740642287, 52.203384837779346 ], [ 5.327907720776961, 52.209616118112272 ], [ 5.334323492881863, 52.220123114440383 ], [ 5.33578493307037, 52.228569189785702 ], [ 5.312277975818657, 52.232828833728973 ], [ 5.30806687985127, 52.231774043008386 ], [ 5.306719185084178, 52.229883311942366 ], [ 5.311593699987699, 52.226507826895173 ], [ 5.311206984190233, 52.224567477399226 ], [ 5.313128566881527, 52.225649022736008 ], [ 5.31475798941492, 52.224133857869226 ], [ 5.312646628718918, 52.221495348285579 ], [ 5.306875126943183, 52.219273402101493 ], [ 5.300969553213095, 52.22352429845099 ], [ 5.287464336761083, 52.222883114914254 ], [ 5.22473024288246, 52.225197098426946 ], [ 5.214232351585019, 52.200786271964574 ], [ 5.213254081200114, 52.190081840372393 ], [ 5.216002864087977, 52.18806087466384 ], [ 5.212075565909245, 52.176373934817455 ], [ 5.220994979040906, 52.178260478496959 ], [ 5.223889216588932, 52.16537958062456 ] ] ] } },
{ "type": "Feature", "properties": { "code": "0489", "gemeente": "Barendrecht", "provincie": "Zuid-Holland" }, "geometry": { "type": "Polygon", "coordinates": [ [ [ 4.525477943404058, 51.829854244943675 ], [ 4.548652811223639, 51.831763084076805 ], [ 4.55360870140994, 51.829896909520087 ], [ 4.560013425147341, 51.838791268595749 ], [ 4.571227263312246, 51.847333088360621 ], [ 4.569970696493372, 51.852620541791893 ], [ 4.56596125716934, 51.852086314024604 ], [ 4.564105825326209, 51.853473388592413 ], [ 4.549383137830367, 51.874027234579671 ], [ 4.542578666869306, 51.870798658734508 ], [ 4.532026634187878, 51.868776716812214 ], [ 4.526095438087862, 51.869730762613969 ], [ 4.494040269593106, 51.868968184554106 ], [ 4.479915516315602, 51.865274467149113 ], [ 4.48028751091599, 51.855148592825032 ], [ 4.490125179271572, 51.851315498781297 ], [ 4.487187289540009, 51.84854916378201 ], [ 4.492227115425741, 51.841444219101099 ], [ 4.489731943449208, 51.840754550983704 ], [ 4.489094304511749, 51.83539557366268 ], [ 4.50218824893018, 51.83486596888612 ], [ 4.525477943404058, 51.829854244943675 ] ] ] } },
{ "type": "Feature", "properties": { "code": "0203", "gemeente": "Barneveld", "provincie": "Gelderland" }, "geometry": { "type": "Polygon", "coordinates": [ [ [ 5.517766370404352, 52.100590678512248 ], [ 5.523186565932936, 52.104322307707015 ], [ 5.525163764358786, 52.100751458698191 ], [ 5.54153992715932, 52.103737100539298 ], [ 5.543538247454745, 52.102052158406913 ], [ 5.546302199248784, 52.102443641280786 ], [ 5.545291793986515, 52.104390045709636 ], [ 5.550342589426021, 52.105419546448367 ], [ 5.54674477970957, 52.111370019724447 ], [ 5.553942231528969, 52.113477542477845 ], [ 5.561894515497343, 52.121682217525994 ], [ 5.565299061385124, 52.122010286097286 ], [ 5.568619573919835, 52.118209397659626 ], [ 5.569172287461355, 52.122190903111338 ], [ 5.578851686171294, 52.120676614940308 ], [ 5.591385666782711, 52.124434947979758 ], [ 5.607078747290244, 52.124904927557694 ], [ 5.615880768038035, 52.127748262210247 ], [ 5.623011367917744, 52.127584826651578 ], [ 5.638242860506129, 52.130765348938169 ], [ 5.646724931319784, 52.130259284549098 ], [ 5.656954408466721, 52.132580069556397 ], [ 5.661091101145705, 52.131944863881351 ], [ 5.669017704193056, 52.13468609568838 ], [ 5.680420320026529, 52.131612878802059 ], [ 5.683932067157305, 52.132144556397982 ], [ 5.688820904334794, 52.137027188434338 ], [ 5.701825388995418, 52.135376930919598 ], [ 5.7172793785599, 52.136449215492924 ], [ 5.721938868536577, 52.138594961520418 ], [ 5.72034928199364, 52.146259903557329 ], [ 5.743295211997635, 52.14870041861905 ], [ 5.762105091004779, 52.147597992394893 ], [ 5.774690564593818, 52.15222847444835 ], [ 5.809843141926092, 52.151414721162126 ], [ 5.809646450325205, 52.166691792854699 ], [ 5.801959079924684, 52.177363796602357 ], [ 5.811932331806798, 52.184878222276005 ], [ 5.799657173509537, 52.194651801248895 ], [ 5.792025351030552, 52.196986522220122 ], [ 5.750584687656494, 52.193730657229857 ], [ 5.730764538179815, 52.208599248807332 ], [ 5.727435345794901, 52.219298290209423 ], [ 5.741673355249505, 52.219881585091528 ], [ 5.74302877501557, 52.223490021495138 ], [ 5.738400562760638, 52.231467986930994 ], [ 5.730915020090693, 52.231568663660248 ], [ 5.729553171332967, 52.238921904041021 ], [ 5.726388868249309, 52.242503064926055 ], [ 5.709873587022908, 52.239325098848482 ], [ 5.683642097393023, 52.240616866571372 ], [ 5.681270072523501, 52.225339471213665 ], [ 5.665518662579046, 52.222704486585052 ], [ 5.633267393400756, 52.208166601683608 ], [ 5.634862023827067, 52.203805758865862 ], [ 5.625650860446672, 52.192724372529725 ], [ 5.619633806500005, 52.193119240989589 ], [ 5.617796534510697, 52.191181568359895 ], [ 5.617444273580531, 52.194358760393065 ], [ 5.607762230555243, 52.194197514120063 ], [ 5.600304134254788, 52.197649525034336 ], [ 5.588160323344633, 52.194841453957139 ], [ 5.577666733563839, 52.194797004190846 ], [ 5.575173829332548, 52.192665966992088 ], [ 5.577930271163181, 52.186183227497274 ], [ 5.566493492674291, 52.186521491797954 ], [ 5.564527965338607, 52.185340596118905 ], [ 5.56522900353006, 52.180724574967257 ], [ 5.56818088456476, 52.17991636402266 ], [ 5.568891379079301, 52.177908702269001 ], [ 5.548927288186133, 52.175317058201017 ], [ 5.542960921579357, 52.177443794857787 ], [ 5.530807870136107, 52.191539267315079 ], [ 5.521209093624414, 52.19183457726259 ], [ 5.512084484766804, 52.188573825778477 ], [ 5.500823503579206, 52.18857686090918 ], [ 5.485609595012736, 52.181974295002078 ], [ 5.485168827466406, 52.17173894555669 ], [ 5.47888273725541, 52.164401501620027 ], [ 5.472433305806162, 52.162850869943433 ], [ 5.479196698936229, 52.161360742083069 ], [ 5.482116097133522, 52.159795685933283 ], [ 5.481495537912771, 52.158297312822043 ], [ 5.48431729751754, 52.158063859124212 ], [ 5.481341767345246, 52.150500978375298 ], [ 5.498982469646529, 52.147393360915906 ], [ 5.497306244646741, 52.141443505201771 ], [ 5.514079392133685, 52.135923066815906 ], [ 5.511927531798336, 52.132104651749287 ], [ 5.49791306088531, 52.130282895852623 ], [ 5.496759076937296, 52.124814288334903 ], [ 5.494694929553268, 52.12469789135163 ], [ 5.496917683134232, 52.119557490989862 ], [ 5.505353946869918, 52.119750450651829 ], [ 5.503755993855127, 52.116585637069768 ], [ 5.507548674359438, 52.115644552951849 ], [ 5.507702069111476, 52.113896967670264 ], [ 5.503949639824818, 52.113720287850406 ], [ 5.4989165207799, 52.116017641161591 ], [ 5.486447090089501, 52.115359740306296 ], [ 5.491873259425573, 52.114485127727406 ], [ 5.493861743083361, 52.111097267184796 ], [ 5.500958928160371, 52.110869813717073 ], [ 5.510400682635207, 52.107842426276939 ], [ 5.517766370404352, 52.100590678512248 ] ] ] } },
{ "type": "Feature", "properties": { "code": "0888", "gemeente": "Beek", "provincie": "Limburg" }, "geometry": { "type": "Polygon", "coordinates": [ [ [ 5.758442538734498, 50.898555419424532 ], [ 5.774665381770022, 50.911277159052425 ], [ 5.778981374327322, 50.910973083004151 ], [ 5.782440631848377, 50.913376375473383 ], [ 5.792352808687435, 50.910502564660291 ], [ 5.800346674675462, 50.914789281117272 ], [ 5.831557125954892, 50.917180241494862 ], [ 5.831245905367735, 50.919392031239184 ], [ 5.83345682811085, 50.920207663840763 ], [ 5.841497766628426, 50.91960653091607 ], [ 5.850092472958934, 50.927291118421039 ], [ 5.855540191180244, 50.936006657233015 ], [ 5.856929662566522, 50.944001430629413 ], [ 5.855309624910149, 50.945873786525176 ], [ 5.853256755062946, 50.946481037219108 ], [ 5.84846126803942, 50.944711182175489 ], [ 5.839891583871147, 50.950191302620716 ], [ 5.838608892123644, 50.946601737680766 ], [ 5.833344378206593, 50.94712624537312 ], [ 5.811885574738935, 50.955143265019395 ], [ 5.802249888839041, 50.947394687959488 ], [ 5.793361487141127, 50.951904452213398 ], [ 5.779037404131852, 50.943979574856549 ], [ 5.783730985210692, 50.942996890484608 ], [ 5.779230537424556, 50.93924120746037 ], [ 5.777919440152323, 50.932689343871708 ], [ 5.772188385848906, 50.928112432983475 ], [ 5.773764490138846, 50.924076082810011 ], [ 5.771236785805327, 50.919246437702867 ], [ 5.754845466336947, 50.900592458459109 ], [ 5.758442538734498, 50.898555419424532 ] ] ] } },
{ "type": "Feature", "properties": { "code": "1954", "gemeente": "Beekdaelen", "provincie": "Limburg" }, "geometry": { "type": "Polygon", "coordinates": [ [ [ 5.848642170688301, 50.883683926042998 ], [ 5.880823685358833, 50.882481760243856 ], [ 5.887345249537486, 50.883788119535218 ], [ 5.889605243044119, 50.885636496628273 ], [ 5.894007299362431, 50.88560206335189 ], [ 5.890389749549609, 50.888413360852454 ], [ 5.90366611494919, 50.894238456709573 ], [ 5.901533039195028, 50.89577610675213 ], [ 5.914707109363161, 50.901721680916282 ], [ 5.91339270395764, 50.902724972070871 ], [ 5.916366491669395, 50.904131337415578 ], [ 5.920543407130905, 50.90306370400053 ], [ 5.923720770133408, 50.904965303205621 ], [ 5.916304922301605, 50.909964823858452 ], [ 5.904207425591981, 50.913447949407001 ], [ 5.907977840192239, 50.915607344016117 ], [ 5.904104016904985, 50.917283506136634 ], [ 5.899586303175336, 50.916824300339592 ], [ 5.895951202578702, 50.918796008608226 ], [ 5.89822459158498, 50.92330894493977 ], [ 5.900745484591002, 50.922982570168529 ], [ 5.901140990038717, 50.925086643873186 ], [ 5.905274347260825, 50.927553179301469 ], [ 5.913132311790722, 50.927894255501172 ], [ 5.920210390492649, 50.931711921341552 ], [ 5.918933601030314, 50.933224351372424 ], [ 5.934416132805755, 50.938635793042394 ], [ 5.931400568274087, 50.94155720111106 ], [ 5.936029073056818, 50.946325026965987 ], [ 5.95267325852344, 50.952470189555228 ], [ 5.965861593793653, 50.962417689222818 ], [ 5.96999017387461, 50.962502334303082 ], [ 5.969083800158293, 50.961035584465996 ], [ 5.974109043844469, 50.958336303417788 ], [ 5.980123456662959, 50.960679653497841 ], [ 6.006053522758721, 50.957535402857921 ], [ 6.013000396658705, 50.960397768224801 ], [ 6.021163120061757, 50.971002928495899 ], [ 6.026511761417984, 50.983272033319167 ], [ 5.984222163877534, 50.982114589923718 ], [ 5.98135715044214, 50.983217269123152 ], [ 5.967575766110855, 50.979395900748983 ], [ 5.957392229404199, 50.985005267110701 ], [ 5.955185000009991, 50.988417001402652 ], [ 5.933886364758307, 50.985353205546616 ], [ 5.918554018545108, 50.977746640213979 ], [ 5.905600834365842, 50.974720337825715 ], [ 5.891036368714366, 50.974093970203604 ], [ 5.890848412633419, 50.971724908377048 ], [ 5.886692070200177, 50.968448169150506 ], [ 5.873503088632544, 50.962804313250544 ], [ 5.869177866817925, 50.966567525768596 ], [ 5.865843889275829, 50.963962001031234 ], [ 5.858873015148329, 50.966567451594514 ], [ 5.856398886794579, 50.96475543179141 ], [ 5.852185085501931, 50.968026992825287 ], [ 5.843265976359179, 50.963516683053946 ], [ 5.839779554751201, 50.956917600870035 ], [ 5.839891583871147, 50.950191302620716 ], [ 5.847560699619829, 50.945014664311337 ], [ 5.853726479327044, 50.946497572367136 ], [ 5.856929662566522, 50.944001430629413 ], [ 5.855540191180244, 50.936006657233015 ], [ 5.851930445699184, 50.930002214494493 ], [ 5.841497766628426, 50.91960653091607 ], [ 5.83345682811085, 50.920207663840763 ], [ 5.831245905367735, 50.919392031239184 ], [ 5.831557125954892, 50.917180241494862 ], [ 5.801714639370125, 50.914130024426662 ], [ 5.801002962851315, 50.908754891882069 ], [ 5.796556973168434, 50.907478728452034 ], [ 5.802256891109059, 50.902412069180109 ], [ 5.798667127001007, 50.901015122686431 ], [ 5.801971752813374, 50.900675612981189 ], [ 5.803481126626439, 50.89803727554041 ], [ 5.801488264508299, 50.896306529171468 ], [ 5.800519995596033, 50.89818054323257 ], [ 5.796563438117311, 50.897696755343084 ], [ 5.796711128560458, 50.892060080132154 ], [ 5.799842066920858, 50.885672879989187 ], [ 5.809865890861855, 50.887847370103863 ], [ 5.819207237994387, 50.883843190862898 ], [ 5.833112009704982, 50.892208872868324 ], [ 5.836647715380999, 50.891599898071014 ], [ 5.832716797669844, 50.885773852827448 ], [ 5.834687332257681, 50.880648247194003 ], [ 5.848642170688301, 50.883683926042998 ] ] ] } },
{ "type": "Feature", "properties": { "code": "0889", "gemeente": "Beesel", "provincie": "Limburg" }, "geometry": { "type": "Polygon", "coordinates": [ [ [ 6.026637763806376, 51.245737059157456 ], [ 6.043119053397544, 51.247050092137357 ], [ 6.051332264934874, 51.252527467946265 ], [ 6.072663658475577, 51.242560095266157 ], [ 6.085617167173437, 51.247625708876861 ], [ 6.124502208914264, 51.274729004798495 ], [ 6.124559495782999, 51.279914658317878 ], [ 6.120071164183736, 51.285104472012186 ], [ 6.10902654645958, 51.291182745109992 ], [ 6.107008469069277, 51.291469303787295 ], [ 6.103152320159255, 51.288700430695599 ], [ 6.093595579267194, 51.295526529850008 ], [ 6.08743248938056, 51.295041801874319 ], [ 6.084717160818315, 51.297454385140149 ], [ 6.07089088135677, 51.293676882288118 ], [ 6.066818805050097, 51.28888141041115 ], [ 6.058425204174502, 51.290246616039759 ], [ 6.050591193295404, 51.287648577257606 ], [ 6.030536361339155, 51.274026946210213 ], [ 6.027453648154729, 51.26744557581862 ], [ 6.02221721482303, 51.265957145458835 ], [ 6.01041022925336, 51.266100699391224 ], [ 6.005643511290511, 51.262052147661727 ], [ 6.006548278749568, 51.258006976537089 ], [ 6.016082415874703, 51.253976561510491 ], [ 6.015998386047638, 51.250911213880869 ], [ 6.019866323727706, 51.250601104823339 ], [ 6.026637763806376, 51.245737059157456 ] ] ] } },
{ "type": "Feature", "properties": { "code": "1945", "gemeente": "Berg en Dal", "provincie": "Gelderland" }, "geometry": { "type": "Polygon", "coordinates": [ [ [ 5.93276688191203, 51.741938451061586 ], [ 5.943962074104908, 51.741816816850665 ], [ 5.952435605538113, 51.744536752051395 ], [ 5.951988193253487, 51.748949422358343 ], [ 5.974095031163201, 51.759256248432457 ], [ 5.979209745739971, 51.760052704955207 ], [ 5.990501101943519, 51.76627731091606 ], [ 5.992066974245589, 51.770245911220449 ], [ 5.982359844671688, 51.773697011850821 ], [ 5.983431936184317, 51.778725038115581 ], [ 5.990226727093948, 51.783401309326131 ], [ 5.987887790739698, 51.782888731565961 ], [ 5.984678686747495, 51.785057138349508 ], [ 5.981765614160521, 51.784136709263507 ], [ 5.979538841300998, 51.785977081450284 ], [ 5.974548404165746, 51.78506197944634 ], [ 5.97507035737935, 51.788788222569075 ], [ 5.97263248474369, 51.789565296027 ], [ 5.976782100218723, 51.794276174371035 ], [ 5.974391912968787, 51.795623081864129 ], [ 5.97906533807095, 51.797650667479203 ], [ 5.956537327674425, 51.810044012261748 ], [ 5.947977866451145, 51.811371376999887 ], [ 5.949421891857112, 51.81244307327357 ], [ 5.945926679675384, 51.815111138026893 ], [ 5.948061170436799, 51.816438043765544 ], [ 5.952846878693563, 51.814789608783641 ], [ 5.958150804192489, 51.816931296384091 ], [ 5.945479041675875, 51.824266245656773 ], [ 5.962978208244886, 51.836913962284591 ], [ 5.971098933211625, 51.833347292422687 ], [ 5.986737361788017, 51.830669886410213 ], [ 5.994426221392188, 51.830915129793652 ], [ 6.010142237670801, 51.835127096877251 ], [ 6.015828979403325, 51.838027278815389 ], [ 6.017610513419442, 51.841463150862928 ], [ 6.029153102325239, 51.845123214494407 ], [ 6.032682248762653, 51.842351524928354 ], [ 6.033504207277525, 51.843407312501242 ], [ 6.035670508719066, 51.842638046425499 ], [ 6.041683531269229, 51.847011941698874 ], [ 6.055304605296839, 51.852354126809786 ], [ 6.051423583963142, 51.856661229795584 ], [ 6.059596122382556, 51.857627604309819 ], [ 6.061640728415514, 51.861180326399023 ], [ 6.063485555583819, 51.865451228013235 ], [ 6.05379943912317, 51.869335266798124 ], [ 6.035577450875386, 51.873007274813908 ], [ 6.016915681015889, 51.880985972024085 ], [ 6.006058305589223, 51.881258145323621 ], [ 5.997188967409936, 51.877986066792218 ], [ 5.989567835456906, 51.8724289909267 ], [ 5.98106359825686, 51.859821492928404 ], [ 5.9762066236268, 51.856429875524945 ], [ 5.969728799377502, 51.854654548333272 ], [ 5.95607609255292, 51.856472001528736 ], [ 5.937315414831803, 51.871411124444293 ], [ 5.923633018996252, 51.874623184607735 ], [ 5.909119407706175, 51.873640052313355 ], [ 5.895967776381682, 51.870533619899341 ], [ 5.887477772610377, 51.865812560502974 ], [ 5.881584196040131, 51.859100372029509 ], [ 5.887319535277273, 51.85900904739502 ], [ 5.884622197031649, 51.850168059509421 ], [ 5.887395050466607, 51.84971793280949 ], [ 5.88038929778296, 51.845054977644764 ], [ 5.894530380093807, 51.840556760948445 ], [ 5.892583434691879, 51.839507513482786 ], [ 5.898289762946276, 51.836363311750745 ], [ 5.895889043571916, 51.83258483038118 ], [ 5.908346898861204, 51.829302380945414 ], [ 5.905252265312346, 51.827436228885333 ], [ 5.901431826421555, 51.827388121987831 ], [ 5.899443627378442, 51.824707349041127 ], [ 5.888313916366671, 51.823100526794285 ], [ 5.880492503195204, 51.820326171308558 ], [ 5.886163566962087, 51.812333498463254 ], [ 5.884984174892125, 51.809968308984971 ], [ 5.879067188717806, 51.809668059334172 ], [ 5.88102478660783, 51.801449427958268 ], [ 5.887442785140885, 51.795373678855931 ], [ 5.887978889997228, 51.782986622837186 ], [ 5.905375801210065, 51.76568382286726 ], [ 5.911114596080839, 51.762405665581362 ], [ 5.915284819392762, 51.752286862295129 ], [ 5.933323247796784, 51.748098589729032 ], [ 5.929948273913639, 51.744428472011833 ], [ 5.93276688191203, 51.741938451061586 ] ] ] } },
{ "type": "Feature", "properties": { "code": "1724", "gemeente": "Bergeijk", "provincie": "Noord-Brabant" }, "geometry": { "type": "Polygon", "coordinates": [ [ [ 5.29821441933236, 51.261696027297312 ], [ 5.315926551414443, 51.263537278465535 ], [ 5.336740717928325, 51.263127464156987 ], [ 5.342563491600793, 51.265676619587545 ], [ 5.346140321243122, 51.275764391205009 ], [ 5.417411520766136, 51.262285733279384 ], [ 5.387803627908608, 51.285238902545679 ], [ 5.397202095237554, 51.290620275139524 ], [ 5.392664977445338, 51.29399001379857 ], [ 5.394866230097205, 51.296271310544036 ], [ 5.394226282864026, 51.308714150960228 ], [ 5.397672510192208, 51.314320585075428 ], [ 5.400719159167064, 51.313500997551067 ], [ 5.412861456392537, 51.320518133299174 ], [ 5.413652544268817, 51.318646455721719 ], [ 5.416487406586111, 51.319391784321063 ], [ 5.419850671300642, 51.318018350270009 ], [ 5.425799125566461, 51.311990230300218 ], [ 5.433922674782415, 51.324320767914017 ], [ 5.424290737898317, 51.330759864661736 ], [ 5.421187199031181, 51.338413666702309 ], [ 5.425196619346038, 51.345268509775707 ], [ 5.419740680146481, 51.358547094406006 ], [ 5.420981981711701, 51.369299508445991 ], [ 5.418871173803574, 51.371807388664315 ], [ 5.423505295810877, 51.375098101245499 ], [ 5.425605652363048, 51.379294694066303 ], [ 5.42180118682672, 51.383409914440449 ], [ 5.418001367251155, 51.382023273307119 ], [ 5.413481912345586, 51.383905012436216 ], [ 5.408537020248671, 51.37980650497073 ], [ 5.396540005252672, 51.38083956367845 ], [ 5.394671693446838, 51.378357604246681 ], [ 5.389450085116408, 51.377040165539775 ], [ 5.378211478611534, 51.369393609605979 ], [ 5.370496375265349, 51.369311440046538 ], [ 5.348357929602311, 51.3596761884057 ], [ 5.342587631427429, 51.352671899450513 ], [ 5.346988912479313, 51.347657482958375 ], [ 5.341992232643973, 51.344217929508865 ], [ 5.347121311430548, 51.33745315878366 ], [ 5.326141731376262, 51.331895489772144 ], [ 5.324010015199211, 51.33290245987552 ], [ 5.321158789216326, 51.329569532218805 ], [ 5.322912971096967, 51.328633903305125 ], [ 5.316672027456209, 51.323389274504592 ], [ 5.292173747796806, 51.318237464590347 ], [ 5.26341057361067, 51.319281803304783 ], [ 5.259448859360798, 51.311477312637635 ], [ 5.24396938882996, 51.309387423394043 ], [ 5.225971944271736, 51.268259753065131 ], [ 5.237914203075841, 51.261353152056444 ], [ 5.26311976620903, 51.266801783912584 ], [ 5.29821441933236, 51.261696027297312 ] ] ] } },
{ "type": "Feature", "properties": { "code": "0893", "gemeente": "Bergen (L)", "provincie": "Limburg" }, "geometry": { "type": "Polygon", "coordinates": [ [ [ 6.169193440407754, 51.503081659989647 ], [ 6.18836254506115, 51.505081000839446 ], [ 6.204044711051389, 51.504312958363144 ], [ 6.213361266494243, 51.507817674594271 ], [ 6.207708637643187, 51.519095948174765 ], [ 6.199928919484313, 51.527381447242078 ], [ 6.176901939484338, 51.538555727754321 ], [ 6.157032468717228, 51.566575503726888 ], [ 6.146985710151107, 51.570590743006527 ], [ 6.130559915519264, 51.581087615906483 ], [ 6.121485435855023, 51.592744543224896 ], [ 6.091387477655699, 51.605936132911616 ], [ 6.094355343238147, 51.615195787741001 ], [ 6.09393401950334, 51.622154048283512 ], [ 6.097229092595281, 51.620883543897776 ], [ 6.100012141925771, 51.624078546021543 ], [ 6.108040393600182, 51.641932329430375 ], [ 6.111682563865719, 51.644729945593156 ], [ 6.109412077571012, 51.646866526594565 ], [ 6.117247534972488, 51.650731063999444 ], [ 6.115771028204188, 51.653227361810615 ], [ 6.118087486137944, 51.655972929023065 ], [ 6.102837879239232, 51.660504733077786 ], [ 6.099654452340866, 51.658115864369101 ], [ 6.087888364187422, 51.659849757824624 ], [ 6.085344842464116, 51.662914079313758 ], [ 6.079544993509598, 51.66159325833889 ], [ 6.079662629492149, 51.663461899910558 ], [ 6.075724282884037, 51.664825743855907 ], [ 6.072384238043922, 51.663839177291059 ], [ 6.036641613795917, 51.67276013382439 ], [ 6.031540406407055, 51.674582752300743 ], [ 6.034683550212832, 51.674870755073556 ], [ 6.031944780455526, 51.676165206258524 ], [ 6.02427777673775, 51.66981641327417 ], [ 6.031757567276474, 51.663048119891997 ], [ 6.024672180991098, 51.660071732896213 ], [ 6.0153753016272, 51.66224228412765 ], [ 6.006842679050638, 51.656027329935476 ], [ 6.001517913113058, 51.655253691136004 ], [ 5.976606939929148, 51.643783115285082 ], [ 5.996352255236187, 51.63671914592188 ], [ 6.022020440718673, 51.619664148563132 ], [ 6.024943389987609, 51.598063709249423 ], [ 6.039536490436457, 51.582249511569273 ], [ 6.037554664589371, 51.570424786508909 ], [ 6.040711921234549, 51.564455291109354 ], [ 6.048355185233617, 51.558337177279007 ], [ 6.062131821882136, 51.555875125839265 ], [ 6.078848791069404, 51.54720629560655 ], [ 6.102774311901491, 51.548281886854937 ], [ 6.111064912762322, 51.546703997967242 ], [ 6.120767084277185, 51.531043469097469 ], [ 6.144703253786173, 51.5175020411424 ], [ 6.16166956155271, 51.511883330274422 ], [ 6.169193440407754, 51.503081659989647 ] ] ] } },
{ "type": "Feature", "properties": { "code": "0373", "gemeente": "Bergen (NH)", "provincie": "Noord-Holland" }, "geometry": { "type": "Polygon", "coordinates": [ [ [ 4.610371012742391, 52.57369993042623 ], [ 4.655274574781595, 52.582930373151427 ], [ 4.655432918403125, 52.5855371574728 ], [ 4.672581365771177, 52.590904105210413 ], [ 4.674442624902023, 52.603771464674765 ], [ 4.678365162489484, 52.605829837795135 ], [ 4.683692869350327, 52.612672295189839 ], [ 4.685635124354699, 52.619510316778637 ], [ 4.689993182917287, 52.623751040145116 ], [ 4.707955071058016, 52.620348324384729 ], [ 4.714755097699801, 52.624909290036989 ], [ 4.709796383826073, 52.628723832009449 ], [ 4.711418558330202, 52.629887027888373 ], [ 4.708275693004498, 52.630849593425928 ], [ 4.710037897857381, 52.642486123099324 ], [ 4.714200941666323, 52.642821626086295 ], [ 4.712814555476953, 52.646210625949152 ], [ 4.717609117125944, 52.646649768756141 ], [ 4.716908091681155, 52.649593476484988 ], [ 4.722676470845625, 52.64936490384558 ], [ 4.721793071912761, 52.65072502299045 ], [ 4.729368632497853, 52.656203596771235 ], [ 4.725707163008197, 52.657309418790426 ], [ 4.732853378663279, 52.659890020320923 ], [ 4.73119935806068, 52.661708105408188 ], [ 4.735281890868664, 52.661396881728606 ], [ 4.734099575064813, 52.662930619261033 ], [ 4.739034208618413, 52.662977661401442 ], [ 4.742605461904724, 52.661181611634511 ], [ 4.752440221841896, 52.670945211564472 ], [ 4.747707278277136, 52.676850318818651 ], [ 4.720223236246908, 52.697457753508694 ], [ 4.715807132323038, 52.710047287836666 ], [ 4.692399028610844, 52.731196041552934 ], [ 4.689822361362673, 52.732991972685198 ], [ 4.683528609507891, 52.733536513747787 ], [ 4.678799696568844, 52.739226751910969 ], [ 4.671148532111263, 52.740606638550631 ], [ 4.662931741660043, 52.746654707002904 ], [ 4.659330315861636, 52.7472086557515 ], [ 4.658956355999975, 52.749634379518206 ], [ 4.65104001085609, 52.755846912385017 ], [ 4.634478581764339, 52.75832885271101 ], [ 4.62375656281969, 52.725771897693527 ], [ 4.616955287576769, 52.682292750369022 ], [ 4.611190901770107, 52.662860660453674 ], [ 4.611468224306093, 52.655519806285504 ], [ 4.594074430809278, 52.575482034599325 ], [ 4.610371012742391, 52.57369993042623 ] ] ] } },
{ "type": "Feature", "properties": { "code": "0748", "gemeente": "Bergen op Zoom", "provincie": "Noord-Brabant" }, "geometry": { "type": "Polygon", "coordinates": [ [ [ 4.265431752462597, 51.439680681388523 ], [ 4.283173290787263, 51.439666986308673 ], [ 4.287133369311428, 51.443969782716529 ], [ 4.293706158164385, 51.445306145016403 ], [ 4.297462229559206, 51.450112759820257 ], [ 4.299100136510659, 51.466800899806245 ], [ 4.307358846695005, 51.466216857298164 ], [ 4.311166562614464, 51.460173289957943 ], [ 4.322477302538213, 51.460299906668936 ], [ 4.32796114944049, 51.464241616320145 ], [ 4.336514710076026, 51.459800636695697 ], [ 4.34039011425238, 51.462703373720451 ], [ 4.344308310394668, 51.460586971088325 ], [ 4.366965866165013, 51.456718866405012 ], [ 4.361396834288051, 51.471219162901221 ], [ 4.361632426951261, 51.476371770096023 ], [ 4.371689539648383, 51.479007679651005 ], [ 4.372798161385961, 51.487724009937303 ], [ 4.358172546380294, 51.492603356687184 ], [ 4.351589642483751, 51.499928419943316 ], [ 4.349540185468406, 51.503481015378021 ], [ 4.354397546450819, 51.505778463479352 ], [ 4.350556800317199, 51.505667783189466 ], [ 4.351597242018204, 51.517700767561031 ], [ 4.342194479975442, 51.518049759482878 ], [ 4.340457150959939, 51.522669510100833 ], [ 4.342777420486304, 51.526389565689094 ], [ 4.325649445118185, 51.529614009160667 ], [ 4.328413501858555, 51.530726578392247 ], [ 4.327574671868961, 51.535194031780769 ], [ 4.306808899710443, 51.543515129061952 ], [ 4.308203118669658, 51.546734248448928 ], [ 4.316308799607099, 51.545496842899702 ], [ 4.317977608525386, 51.551215756668348 ], [ 4.296156536763919, 51.553796704150436 ], [ 4.298633222009562, 51.558843906693319 ], [ 4.267162303771695, 51.564944393153802 ], [ 4.267622507713618, 51.568010144335389 ], [ 4.252008163988365, 51.570661270459077 ], [ 4.242975447305795, 51.562979812477771 ], [ 4.239725113541534, 51.55091847117437 ], [ 4.236118851641471, 51.550365801749258 ], [ 4.235068339008762, 51.541482162525412 ], [ 4.220101603891607, 51.514283841696958 ], [ 4.218927213089469, 51.504858458639802 ], [ 4.265431752462597, 51.439680681388523 ] ] ] } },
{ "type": "Feature", "properties": { "code": "1859", "gemeente": "Berkelland", "provincie": "Gelderland" }, "geometry": { "type": "Polygon", "coordinates": [ [ [ 6.436941390423939, 52.025725498851841 ], [ 6.464946973922936, 52.020600989703418 ], [ 6.480071335526087, 52.032948249112003 ], [ 6.483385549128187, 52.031347093109304 ], [ 6.486670426233194, 52.033933370596309 ], [ 6.487909221760688, 52.032306770979275 ], [ 6.494297253372998, 52.037851314392455 ], [ 6.499595783882578, 52.03582035884731 ], [ 6.508706909215145, 52.044266274320314 ], [ 6.514828323793768, 52.040493635944138 ], [ 6.517287730449653, 52.042414493090291 ], [ 6.538988898775255, 52.025197189950624 ], [ 6.571712403912021, 52.030431845777812 ], [ 6.590028355214997, 52.039053728765879 ], [ 6.590739951840266, 52.041572486544091 ], [ 6.596237948508645, 52.042819251131597 ], [ 6.596588124479119, 52.047248962599014 ], [ 6.60559228338293, 52.051826672314725 ], [ 6.606118702013785, 52.065117150809193 ], [ 6.6130857008335, 52.068040320007867 ], [ 6.623932363818042, 52.063591410941697 ], [ 6.636944782841092, 52.06432643499312 ], [ 6.63535466304473, 52.06081380862485 ], [ 6.631479527426672, 52.060498145185718 ], [ 6.636473333012158, 52.056646647809693 ], [ 6.63868389604587, 52.06059188890319 ], [ 6.643208532852993, 52.060204676926503 ], [ 6.646838918715495, 52.065410731517851 ], [ 6.651138247397601, 52.063599197959832 ], [ 6.65897069357444, 52.063041284819896 ], [ 6.663808132771853, 52.057705412917194 ], [ 6.661801246623286, 52.051597932222421 ], [ 6.687981180029929, 52.044365440787871 ], [ 6.686806775840985, 52.055518762981677 ], [ 6.689570625557653, 52.056453022919861 ], [ 6.695873816075477, 52.06426501720923 ], [ 6.696867694110946, 52.067343721072106 ], [ 6.694662802447331, 52.069800447269053 ], [ 6.735470601047482, 52.074633961310958 ], [ 6.750923465113575, 52.085036448108198 ], [ 6.744501400575754, 52.093090360219435 ], [ 6.750284206310172, 52.095778160730077 ], [ 6.755264915987707, 52.095241383869705 ], [ 6.760572333436863, 52.118779937584868 ], [ 6.716272364223368, 52.11827040942191 ], [ 6.697810023463136, 52.123553673781082 ], [ 6.677690598255813, 52.125958955618181 ], [ 6.662398926770223, 52.130167437208243 ], [ 6.673879661478392, 52.141203772146582 ], [ 6.673748238858813, 52.148286603733268 ], [ 6.67130922197449, 52.150458116089219 ], [ 6.673819394024362, 52.152103628917835 ], [ 6.67346897131563, 52.15497235388478 ], [ 6.670351416503586, 52.156424163065751 ], [ 6.674280132701663, 52.158537917675325 ], [ 6.673397356200082, 52.163239702470996 ], [ 6.671338907564708, 52.165683200943029 ], [ 6.645040703465011, 52.174194259115623 ], [ 6.640280133405996, 52.167405144709356 ], [ 6.634861616617747, 52.172164677715337 ], [ 6.630545082898733, 52.173599511639253 ], [ 6.629101015152679, 52.17203267283066 ], [ 6.625154015932468, 52.172102142428088 ], [ 6.624952232579959, 52.168649830452118 ], [ 6.621692081113812, 52.168417018176648 ], [ 6.612147210617185, 52.163166307360918 ], [ 6.606750442889763, 52.165017853116439 ], [ 6.602851340274007, 52.169121315171211 ], [ 6.60632683772767, 52.173082445964866 ], [ 6.59041508375081, 52.182463522403289 ], [ 6.555349475041333, 52.177255567910969 ], [ 6.51416338200011, 52.181311354432786 ], [ 6.492401142889772, 52.177371867944835 ], [ 6.494372830807371, 52.173189911179662 ], [ 6.493026266609927, 52.169525616170716 ], [ 6.48378798972204, 52.15719941375837 ], [ 6.461368892312047, 52.152085960754505 ], [ 6.463382691297948, 52.15146351996394 ], [ 6.462073979864278, 52.151100657348863 ], [ 6.462432468824486, 52.150401615874912 ], [ 6.466519422378666, 52.149639643783267 ], [ 6.466624912888411, 52.14727379616027 ], [ 6.470711103261388, 52.146406551979652 ], [ 6.471611438137273, 52.143069277399086 ], [ 6.474653771110441, 52.143326378008588 ], [ 6.473431827201563, 52.144610200030051 ], [ 6.481292812416283, 52.142428890097371 ], [ 6.483792784553314, 52.137161947387625 ], [ 6.488518332616546, 52.134242601129586 ], [ 6.486518746877334, 52.131936691903014 ], [ 6.488304688315023, 52.126902664553086 ], [ 6.491998014656323, 52.125283193539289 ], [ 6.489665273399156, 52.120546470376318 ], [ 6.491348851990336, 52.120000943874039 ], [ 6.481476264651852, 52.111392923933877 ], [ 6.482002486151062, 52.105922730024396 ], [ 6.479161155840338, 52.10130347412715 ], [ 6.476892284591664, 52.100421471747254 ], [ 6.473012696588636, 52.101868423529908 ], [ 6.47324402877399, 52.104061558627528 ], [ 6.470185986275101, 52.104247679637304 ], [ 6.470497863488156, 52.105852711692535 ], [ 6.467684976917006, 52.106477273630901 ], [ 6.461463509512912, 52.104026318329481 ], [ 6.460133102045842, 52.106738362310985 ], [ 6.455204917713417, 52.107980151544119 ], [ 6.444885071738203, 52.106196105365477 ], [ 6.423638732685962, 52.096783501161219 ], [ 6.413393100950747, 52.088279666218924 ], [ 6.411559720442508, 52.089501575183071 ], [ 6.402890753247862, 52.088022766421311 ], [ 6.400538852022529, 52.083811042145378 ], [ 6.40289591778336, 52.079153803782482 ], [ 6.406674518117403, 52.076848270566664 ], [ 6.413223178045765, 52.062617511157256 ], [ 6.415448346961455, 52.050825737607511 ], [ 6.420363314637651, 52.046458104726177 ], [ 6.423237163351525, 52.047481204544248 ], [ 6.42571258366468, 52.044791990396668 ], [ 6.423734290082244, 52.044018956253645 ], [ 6.42453670892531, 52.042446797963571 ], [ 6.427191889198641, 52.043190245320645 ], [ 6.428609506250576, 52.041116164860384 ], [ 6.432682335522148, 52.040557369089079 ], [ 6.430798885672682, 52.038629052168474 ], [ 6.433763198645611, 52.037934592565335 ], [ 6.434948165168526, 52.034771480606622 ], [ 6.43245139089369, 52.035072958738652 ], [ 6.440026953676261, 52.027147915886239 ], [ 6.436941390423939, 52.025725498851841 ] ] ] } },
{ "type": "Feature", "properties": { "code": "1721", "gemeente": "Bernheze", "provincie": "Noord-Brabant" }, "geometry": { "type": "Polygon", "coordinates": [ [ [ 5.497202498898925, 51.626685981836111 ], [ 5.505628948191938, 51.633253903927283 ], [ 5.50485890360328, 51.636078488469892 ], [ 5.524396820712521, 51.630438700095688 ], [ 5.53366266269146, 51.635512801823076 ], [ 5.542236716328542, 51.634537145722334 ], [ 5.542011804878969, 51.640310701307769 ], [ 5.565359338287342, 51.648369511797114 ], [ 5.570300301899136, 51.65143425449012 ], [ 5.567409481247388, 51.653507063494949 ], [ 5.57109579047696, 51.655095919211469 ], [ 5.568910280612325, 51.659563530563211 ], [ 5.564379249975749, 51.661908886982701 ], [ 5.56196639346234, 51.660777364350743 ], [ 5.562239679420791, 51.663152338006483 ], [ 5.57301625918585, 51.67809010172008 ], [ 5.586864148276057, 51.683053176716207 ], [ 5.596837465270963, 51.690922557627793 ], [ 5.600588718364804, 51.696572933732661 ], [ 5.59542542494378, 51.70738118940664 ], [ 5.599167979753372, 51.707035326432667 ], [ 5.600151767294503, 51.708365951544948 ], [ 5.588982818477645, 51.724980958781096 ], [ 5.580820204067792, 51.731498141601207 ], [ 5.571219731522169, 51.730940321590992 ], [ 5.560166858958882, 51.73255532319348 ], [ 5.540502303683916, 51.739247645008682 ], [ 5.529691125765962, 51.740455581698996 ], [ 5.507706229218244, 51.737821943758007 ], [ 5.47424432098918, 51.728964724071645 ], [ 5.48013704794, 51.724464025809816 ], [ 5.478697614753002, 51.723895534614492 ], [ 5.484547155760125, 51.713297538420683 ], [ 5.49770657396973, 51.711710606039397 ], [ 5.499048196557679, 51.707025261802549 ], [ 5.492385883838199, 51.706100658479073 ], [ 5.483075004909635, 51.701463583543813 ], [ 5.47829147706415, 51.701431274315851 ], [ 5.47100615198533, 51.691068256040147 ], [ 5.469401361478653, 51.691268859406392 ], [ 5.46984978714289, 51.689136750351601 ], [ 5.460326840732069, 51.689651423805579 ], [ 5.458768414706021, 51.692029387340519 ], [ 5.445034750780439, 51.664244184196612 ], [ 5.432586857093574, 51.664167390711683 ], [ 5.428423739773394, 51.656471698211149 ], [ 5.423389802273285, 51.653783149467905 ], [ 5.465959290838831, 51.642892667911134 ], [ 5.497202498898925, 51.626685981836111 ] ] ] } },
{ "type": "Feature", "properties": { "code": "0753", "gemeente": "Best", "provincie": "Noord-Brabant" }, "geometry": { "type": "Polygon", "coordinates": [ [ [ 5.411704557259823, 51.484645609004062 ], [ 5.442570570663863, 51.493927219627579 ], [ 5.440704809757545, 51.496059290816945 ], [ 5.447507694079306, 51.51206895710169 ], [ 5.426420560442605, 51.532744710449343 ], [ 5.422630277695017, 51.534220689304327 ], [ 5.421497274902849, 51.537667408378873 ], [ 5.410935746216546, 51.542269088084971 ], [ 5.405360290740696, 51.548353271710624 ], [ 5.382792078987635, 51.543488638709917 ], [ 5.356910781077882, 51.544716577211041 ], [ 5.368637086836004, 51.531866839716365 ], [ 5.365622480226762, 51.529980495644239 ], [ 5.355459232035488, 51.528902836800832 ], [ 5.354341305931283, 51.520502165627015 ], [ 5.349401592256917, 51.517059993295184 ], [ 5.350751353458437, 51.507553107808029 ], [ 5.355887443268787, 51.496106839624296 ], [ 5.36461054971308, 51.49144656611405 ], [ 5.385344076527871, 51.486803725747542 ], [ 5.389906691561731, 51.487560888500717 ], [ 5.392170128739082, 51.485305010721831 ], [ 5.402323406057115, 51.483832896553245 ], [ 5.411704557259823, 51.484645609004062 ] ] ] } },
{ "type": "Feature", "properties": { "code": "0209", "gemeente": "Beuningen", "provincie": "Gelderland" }, "geometry": { "type": "Polygon", "coordinates": [ [ [ 5.728432981311813, 51.838636901049654 ], [ 5.764788860070308, 51.832271861704598 ], [ 5.775082962981679, 51.844246968301313 ], [ 5.779615264750593, 51.844583031254473 ], [ 5.787217850851405, 51.840928782702441 ], [ 5.807325777431198, 51.851840115330972 ], [ 5.812427304964381, 51.849615960581495 ], [ 5.817374645164532, 51.849494085895273 ], [ 5.825390991070543, 51.860127511370351 ], [ 5.823689570934683, 51.86431347120579 ], [ 5.825694880578975, 51.866213476287953 ], [ 5.800484857809343, 51.87535585918463 ], [ 5.773357328941424, 51.87864136938196 ], [ 5.749515646623983, 51.883830272307236 ], [ 5.730982793000546, 51.886133803162672 ], [ 5.702227179835931, 51.894256920904397 ], [ 5.685013783324812, 51.895648483718183 ], [ 5.677855742438674, 51.878821914505295 ], [ 5.667852645276285, 51.865926632694624 ], [ 5.672184471921473, 51.862044410953047 ], [ 5.679571100595311, 51.86052548845592 ], [ 5.678258109207301, 51.858574159172839 ], [ 5.681663071615821, 51.856867553825303 ], [ 5.68049797759958, 51.853869810120237 ], [ 5.684820448106469, 51.848780822731776 ], [ 5.681357041773807, 51.848677525665558 ], [ 5.681733929020429, 51.846259845961953 ], [ 5.677404328522157, 51.846258159253118 ], [ 5.678110573896796, 51.843146823654351 ], [ 5.728432981311813, 51.838636901049654 ] ] ] } },
{ "type": "Feature", "properties": { "code": "0375", "gemeente": "Beverwijk", "provincie": "Noord-Holland" }, "geometry": { "type": "Polygon", "coordinates": [ [ [ 4.70600301782805, 52.482492798148613 ], [ 4.707968884397887, 52.486332442763427 ], [ 4.703048004398796, 52.487570166554434 ], [ 4.703721369347178, 52.488532650612839 ], [ 4.699666008634342, 52.489799233960788 ], [ 4.695508860316841, 52.487385469810782 ], [ 4.694741582355327, 52.491339135505328 ], [ 4.690382967320425, 52.490830382108157 ], [ 4.677993438415043, 52.493364616194619 ], [ 4.666054124152645, 52.501744031123138 ], [ 4.655379331763735, 52.497925243580241 ], [ 4.634999688259545, 52.499529108155116 ], [ 4.611473722968288, 52.496630921809434 ], [ 4.604313825996362, 52.494388846130427 ], [ 4.59863579751901, 52.495944539198646 ], [ 4.599930667878037, 52.497260958058412 ], [ 4.57149444719726, 52.502035791787556 ], [ 4.566312337248092, 52.492744123359039 ], [ 4.596435834025777, 52.48588405737916 ], [ 4.60404961548486, 52.481468479567326 ], [ 4.613553366290072, 52.483803086319568 ], [ 4.646924808446139, 52.47857057398457 ], [ 4.646736248603519, 52.477081583144539 ], [ 4.649282701233581, 52.476531545787303 ], [ 4.653333228383646, 52.477154740064208 ], [ 4.667605906027054, 52.468426221730503 ], [ 4.661924747770474, 52.461756776718552 ], [ 4.674848022102081, 52.455520411971683 ], [ 4.68506935334401, 52.462556795382881 ], [ 4.684266302927449, 52.463521035657237 ], [ 4.695245700272658, 52.468539402023666 ], [ 4.700728961805329, 52.480236770718953 ], [ 4.70600301782805, 52.482492798148613 ] ] ] } },
{ "type": "Feature", "properties": { "code": "1728", "gemeente": "Bladel", "provincie": "Noord-Brabant" }, "geometry": { "type": "Polygon", "coordinates": [ [ [ 5.26341057361067, 51.319281803304783 ], [ 5.285972549144369, 51.33633888937328 ], [ 5.275298837043236, 51.362722985611853 ], [ 5.279765765005058, 51.375328828579057 ], [ 5.28591541285155, 51.384469861634962 ], [ 5.290408301824685, 51.386106867515693 ], [ 5.289240272162424, 51.388908537003765 ], [ 5.310865873193509, 51.390714999503977 ], [ 5.31044419917169, 51.396055092168226 ], [ 5.313650096016283, 51.399440915142286 ], [ 5.307196790378153, 51.406252374029144 ], [ 5.302846748983686, 51.407530940803881 ], [ 5.296115687518824, 51.407729363666 ], [ 5.290148979300646, 51.404081177694394 ], [ 5.28189797028667, 51.404369523987917 ], [ 5.278386804794765, 51.408650409779838 ], [ 5.272903677410796, 51.409469992891367 ], [ 5.248775819157518, 51.422557737924826 ], [ 5.244782511701485, 51.426253941452138 ], [ 5.243380509050339, 51.425482619920075 ], [ 5.237704668469365, 51.428558901412977 ], [ 5.229380744531995, 51.425472293658729 ], [ 5.223537471815902, 51.425082795385499 ], [ 5.223140699883287, 51.427921265205136 ], [ 5.217571280615224, 51.430428964421118 ], [ 5.215771331335008, 51.434179952582369 ], [ 5.209937167976637, 51.434171240922659 ], [ 5.209217708338825, 51.436500547019612 ], [ 5.190769265373167, 51.429744819517758 ], [ 5.190851536183728, 51.418210873434347 ], [ 5.194770511430455, 51.39985612654295 ], [ 5.200959368903196, 51.390065973467998 ], [ 5.196979009414236, 51.379464549403856 ], [ 5.188316799722896, 51.377534415031164 ], [ 5.187987717869397, 51.374513145027919 ], [ 5.183203494016976, 51.375784844433809 ], [ 5.190659077943438, 51.371905083676353 ], [ 5.192154582772039, 51.366788464868335 ], [ 5.190604794774835, 51.36622677233413 ], [ 5.197470528721004, 51.3627008873395 ], [ 5.191933557934814, 51.361633404941372 ], [ 5.191987885857897, 51.355091958626311 ], [ 5.192339404370849, 51.350737438169425 ], [ 5.196292849607663, 51.349842146542677 ], [ 5.193865246387387, 51.345226120912315 ], [ 5.204697767701772, 51.325438503419285 ], [ 5.200255057774123, 51.322661219040548 ], [ 5.241118496802901, 51.305665014287889 ], [ 5.24396938882996, 51.309387423394043 ], [ 5.259448859360798, 51.311477312637635 ], [ 5.26341057361067, 51.319281803304783 ] ] ] } },
{ "type": "Feature", "properties": { "code": "0376", "gemeente": "Blaricum", "provincie": "Noord-Holland" }, "geometry": { "type": "Polygon", "coordinates": [ [ [ 5.24407302837742, 52.254663794120461 ], [ 5.265977691965846, 52.28192617172985 ], [ 5.305834429773814, 52.277328573085626 ], [ 5.335461441237426, 52.290218418348957 ], [ 5.30545526698498, 52.307631180115301 ], [ 5.280911791526838, 52.293780738771297 ], [ 5.277499743291883, 52.296016859927825 ], [ 5.271077630654468, 52.290948919297307 ], [ 5.246490720079339, 52.282283645955694 ], [ 5.232492280544674, 52.281270231488449 ], [ 5.227729229110493, 52.277125492642085 ], [ 5.210888978766358, 52.277351138270213 ], [ 5.207222371606774, 52.274348983204241 ], [ 5.203821977975988, 52.267115092630256 ], [ 5.209244444980992, 52.265934518572386 ], [ 5.22550790480696, 52.2729088766106 ], [ 5.225896776004623, 52.267976458766867 ], [ 5.24407302837742, 52.254663794120461 ] ] ] } },
{ "type": "Feature", "properties": { "code": "0377", "gemeente": "Bloemendaal", "provincie": "Noord-Holland" }, "geometry": { "type": "Polygon", "coordinates": [ [ [ 4.583272457025332, 52.318395053897312 ], [ 4.596505267201912, 52.317752831794522 ], [ 4.611676040277436, 52.31355991666635 ], [ 4.611383865461458, 52.32220458402972 ], [ 4.597292298270574, 52.327831284488518 ], [ 4.590186117036501, 52.32835262778022 ], [ 4.60732388964355, 52.367044718354059 ], [ 4.604157740960082, 52.36759250215615 ], [ 4.604586480226054, 52.371355260305293 ], [ 4.601526442220154, 52.372278257346899 ], [ 4.600068379364227, 52.380813771271477 ], [ 4.602060341687441, 52.384654086361301 ], [ 4.608551894967852, 52.385443639670257 ], [ 4.610819513049181, 52.389821137221801 ], [ 4.621605773473733, 52.38798176011035 ], [ 4.631647597052216, 52.41166554758459 ], [ 4.627617970382786, 52.412597602862306 ], [ 4.628735498901985, 52.415844417591273 ], [ 4.626399068894301, 52.416528842323679 ], [ 4.625913976778544, 52.42055690950496 ], [ 4.623576328689517, 52.422075071556229 ], [ 4.62499219467115, 52.423492228943829 ], [ 4.621468409503012, 52.424904251666824 ], [ 4.61810240949214, 52.42482629501734 ], [ 4.587822872631222, 52.434436440968348 ], [ 4.544065276217911, 52.439302410127738 ], [ 4.539973652262323, 52.427877740289553 ], [ 4.526045099457294, 52.405167374386735 ], [ 4.591658967001998, 52.391715698794407 ], [ 4.547322261153651, 52.31399660229647 ], [ 4.563707433367659, 52.309298012170039 ], [ 4.568955064361455, 52.316512568014254 ], [ 4.57324055909695, 52.315355524074427 ], [ 4.583272457025332, 52.318395053897312 ] ] ] } },
{ "type": "Feature", "properties": { "code": "1901", "gemeente": "Bodegraven-Reeuwijk", "provincie": "Zuid-Holland" }, "geometry": { "type": "Polygon", "coordinates": [ [ [ 4.806704371254224, 52.033167305512599 ], [ 4.811822229184219, 52.033824515010743 ], [ 4.81719293133492, 52.03693110064961 ], [ 4.82949028481811, 52.049813404186473 ], [ 4.848048501185435, 52.058164688705112 ], [ 4.85597053015971, 52.059064912980048 ], [ 4.867858340136717, 52.063054092775751 ], [ 4.873200413010977, 52.068745397106127 ], [ 4.842203786964498, 52.069005591933958 ], [ 4.829807904343658, 52.066823406800253 ], [ 4.834035389702842, 52.072735854255015 ], [ 4.833045260724392, 52.074826933796878 ], [ 4.826275688820667, 52.074643579540542 ], [ 4.823347904328966, 52.093368530142797 ], [ 4.823055887288127, 52.105192808654479 ], [ 4.825379802160048, 52.107087191793859 ], [ 4.792379506799666, 52.122260239188314 ], [ 4.7915098432238, 52.120342623466598 ], [ 4.783336440008738, 52.120405666157417 ], [ 4.783738325326447, 52.117368103457707 ], [ 4.779609202589833, 52.117707039200361 ], [ 4.778507405636178, 52.115892309807954 ], [ 4.770588804486014, 52.115095995423538 ], [ 4.769219487449215, 52.113311523968328 ], [ 4.762532572786936, 52.113711613920742 ], [ 4.759328661813483, 52.110344621723407 ], [ 4.754564704221117, 52.108810337211956 ], [ 4.738856700924891, 52.106507441323387 ], [ 4.740222863921984, 52.104648095734859 ], [ 4.734878941914379, 52.10189095425374 ], [ 4.704731801836743, 52.095240865680005 ], [ 4.708758134998992, 52.093643897422389 ], [ 4.71550585404515, 52.081188416237616 ], [ 4.713034264258225, 52.076929510760351 ], [ 4.704905030042298, 52.076836414604081 ], [ 4.696528677410778, 52.074546781964088 ], [ 4.694411204085573, 52.067767392860489 ], [ 4.685296680467936, 52.069394789126292 ], [ 4.681973527515819, 52.059104067766739 ], [ 4.679298396938012, 52.059215900445423 ], [ 4.677246985106966, 52.06552053181413 ], [ 4.665660022821316, 52.065723943269866 ], [ 4.665910583056318, 52.063951613912856 ], [ 4.659967731211804, 52.064104312124101 ], [ 4.664024091313377, 52.057705046246895 ], [ 4.666964658015465, 52.057627380244071 ], [ 4.669699911454857, 52.055504640270414 ], [ 4.669001407671442, 52.052341551794363 ], [ 4.679804044573608, 52.052072473670925 ], [ 4.677311485884112, 52.043971070881064 ], [ 4.687059423001293, 52.043836082216224 ], [ 4.716260764443876, 52.038222689838307 ], [ 4.717581404966588, 52.035306740572437 ], [ 4.719871228281704, 52.035200822570495 ], [ 4.7198480149292, 52.026484379770949 ], [ 4.734400031839575, 52.025020155475119 ], [ 4.7367826515335, 52.02274822845181 ], [ 4.74369743735891, 52.022608074378169 ], [ 4.746016654535851, 52.016976392825867 ], [ 4.749148483492234, 52.016176454995964 ], [ 4.750352228830515, 52.013939835392556 ], [ 4.769674389663145, 52.013342941397184 ], [ 4.78396872095753, 52.01606609903267 ], [ 4.809933420735339, 52.026764521088808 ], [ 4.806704371254224, 52.033167305512599 ] ] ] } },
{ "type": "Feature", "properties": { "code": "0755", "gemeente": "Boekel", "provincie": "Noord-Brabant" }, "geometry": { "type": "Polygon", "coordinates": [ [ [ 5.709240327750766, 51.58555662560903 ], [ 5.758614589488746, 51.593946510604056 ], [ 5.75047824421231, 51.62268337882886 ], [ 5.740060454297878, 51.622496380184785 ], [ 5.681780710091918, 51.627816604188958 ], [ 5.681521685511825, 51.629060963658901 ], [ 5.67274023561153, 51.627357223766154 ], [ 5.672607309663517, 51.62868878605677 ], [ 5.664711238295087, 51.628986816492962 ], [ 5.650982600619054, 51.625711656356955 ], [ 5.635574631185703, 51.625363739497075 ], [ 5.626568500364141, 51.623400992524296 ], [ 5.642928346085726, 51.606209271548565 ], [ 5.651357253350016, 51.582360200176218 ], [ 5.699385898226709, 51.584116538175955 ], [ 5.706192454620863, 51.587055526197162 ], [ 5.709240327750766, 51.58555662560903 ] ] ] } },
{ "type": "Feature", "properties": { "code": "1681", "gemeente": "Borger-Odoorn", "provincie": "Drenthe" }, "geometry": { "type": "Polygon", "coordinates": [ [ [ 6.869025337003657, 52.819306982000732 ], [ 6.949912812635879, 52.848803288382157 ], [ 6.952275215719553, 52.851308305829797 ], [ 6.952075438424592, 52.855316051319875 ], [ 6.961575344976058, 52.864329404719719 ], [ 6.966638111169805, 52.863868376909053 ], [ 7.007588971597592, 52.873011304276886 ], [ 7.014799278210455, 52.872986583092725 ], [ 7.045571015449441, 52.915908828708965 ], [ 7.026113192305013, 52.919160522577442 ], [ 7.015973816385361, 52.924576255174223 ], [ 6.93568480714008, 52.993352549950636 ], [ 6.837767803969217, 52.977894481743697 ], [ 6.788759007302782, 52.962774670812252 ], [ 6.727711794763978, 52.954719766608278 ], [ 6.731422442066771, 52.937555033401281 ], [ 6.724175195113244, 52.937287582974463 ], [ 6.728483360313055, 52.906020737375897 ], [ 6.737492194027123, 52.874906390028499 ], [ 6.740446465328759, 52.87098413783243 ], [ 6.745106182895308, 52.871850523003914 ], [ 6.747294358159155, 52.870304883749412 ], [ 6.75340084839423, 52.861583701622244 ], [ 6.753008156693961, 52.85904037175527 ], [ 6.769139882181354, 52.851472143274464 ], [ 6.765601040839964, 52.849925628766833 ], [ 6.823852742788577, 52.821682307593001 ], [ 6.849805799285202, 52.804633950084394 ], [ 6.858511654548318, 52.813702588864771 ], [ 6.865063947919725, 52.815815938735938 ], [ 6.869025337003657, 52.819306982000732 ] ] ] } },
{ "type": "Feature", "properties": { "code": "0147", "gemeente": "Borne", "provincie": "Overijssel" }, "geometry": { "type": "Polygon", "coordinates": [ [ [ 6.750566793216896, 52.285323989000574 ], [ 6.752961399807657, 52.287561298849724 ], [ 6.763220842283238, 52.288405540674532 ], [ 6.76774996029822, 52.292632291739132 ], [ 6.770024648710348, 52.291594049179139 ], [ 6.775516329588025, 52.293152514752869 ], [ 6.785048614895745, 52.299812729611645 ], [ 6.792550570577453, 52.300386792241085 ], [ 6.787892198445928, 52.304975554756467 ], [ 6.801233630236966, 52.308546696396704 ], [ 6.802128907958694, 52.314544198765368 ], [ 6.785148996506041, 52.31736996807156 ], [ 6.785902660154163, 52.318229600524518 ], [ 6.773841848601712, 52.318910577261789 ], [ 6.763184010985817, 52.327492491706302 ], [ 6.762136080452122, 52.330761582696567 ], [ 6.759035355646013, 52.332060603585141 ], [ 6.750679168438727, 52.329665351309984 ], [ 6.743684936462339, 52.336109469564988 ], [ 6.734497265529659, 52.339354786366094 ], [ 6.720845664995322, 52.341207540046277 ], [ 6.709446969587383, 52.330599818166085 ], [ 6.706841174854159, 52.332258760832346 ], [ 6.696953856171273, 52.329807274455533 ], [ 6.694945201422568, 52.326822902966683 ], [ 6.707010186041495, 52.321004151898087 ], [ 6.704353854859728, 52.319736343725189 ], [ 6.705895957640011, 52.317956857557263 ], [ 6.690229458207108, 52.314792423143409 ], [ 6.692319542589084, 52.313967605759842 ], [ 6.690042306197748, 52.313009557812272 ], [ 6.68948131362009, 52.309588639823524 ], [ 6.690940201143314, 52.308391068334394 ], [ 6.702017139103255, 52.307851610303508 ], [ 6.711233938248545, 52.304124260294905 ], [ 6.72443065314066, 52.29583631540968 ], [ 6.729617049884071, 52.290471517745175 ], [ 6.742770908730847, 52.283118656502346 ], [ 6.750566793216896, 52.285323989000574 ] ] ] } },
{ "type": "Feature", "properties": { "code": "0654", "gemeente": "Borsele", "provincie": "Zeeland" }, "geometry": { "type": "Polygon", "coordinates": [ [ [ 3.925432736913934, 51.451519668121549 ], [ 3.928510234348356, 51.458790654982238 ], [ 3.916273002498305, 51.463402131265624 ], [ 3.907732028869309, 51.469509786821177 ], [ 3.912877670534286, 51.479121582792175 ], [ 3.881611888941409, 51.481041893813348 ], [ 3.874422863761023, 51.480013447116747 ], [ 3.869656574473705, 51.482570336357234 ], [ 3.841228148118056, 51.485298608964513 ], [ 3.81046298400492, 51.483125317637224 ], [ 3.799710510744158, 51.485853721417065 ], [ 3.775096070824659, 51.497206776985983 ], [ 3.723300374211368, 51.50203641444282 ], [ 3.705536319669524, 51.502455912420906 ], [ 3.699795080547209, 51.493943474913671 ], [ 3.70009117482157, 51.48319453554933 ], [ 3.704335082119601, 51.48180460202704 ], [ 3.706501417581714, 51.47806106670712 ], [ 3.69567808440298, 51.471114720100033 ], [ 3.698506624865085, 51.469692796213153 ], [ 3.710584536020265, 51.471511933305244 ], [ 3.717423531277462, 51.469607677259731 ], [ 3.709836686893124, 51.453247200614776 ], [ 3.696391830353781, 51.445851142020089 ], [ 3.71805297156903, 51.427651383261072 ], [ 3.710426270823836, 51.423938102205227 ], [ 3.724477766988786, 51.414601374381704 ], [ 3.7366001414327, 51.411112799146935 ], [ 3.738034936644083, 51.394608958246415 ], [ 3.775521174725383, 51.392173957764271 ], [ 3.808231229612645, 51.355745514931293 ], [ 3.924473208451452, 51.378044646564007 ], [ 3.963208555677076, 51.422010107664448 ], [ 3.933849213803718, 51.448355182504514 ], [ 3.925432736913934, 51.451519668121549 ] ] ] } },
{ "type": "Feature", "properties": { "code": "0757", "gemeente": "Boxtel", "provincie": "Noord-Brabant" }, "geometry": { "type": "Polygon", "coordinates": [ [ [ 5.373444530372227, 51.543595177270099 ], [ 5.388162431276458, 51.544276714921871 ], [ 5.404233337051783, 51.548291673274484 ], [ 5.402810478932184, 51.557778347696271 ], [ 5.40520130482391, 51.562027648396345 ], [ 5.400083870273835, 51.56240311121546 ], [ 5.397809517832638, 51.565894414691897 ], [ 5.399475793875143, 51.566098146530585 ], [ 5.399343647999125, 51.572194556294761 ], [ 5.40249905206649, 51.571713831270706 ], [ 5.403865686207907, 51.575867691864822 ], [ 5.391569890052662, 51.575911349197384 ], [ 5.393682116179308, 51.579945469242325 ], [ 5.38986793092042, 51.581704941243927 ], [ 5.388948700168882, 51.580827314636437 ], [ 5.38782562288581, 51.582453811647618 ], [ 5.389666610933365, 51.583484100927585 ], [ 5.381442797346968, 51.58760153918589 ], [ 5.38526025546466, 51.589586975628407 ], [ 5.389591370237435, 51.589671426905959 ], [ 5.386157496595312, 51.590614272234284 ], [ 5.381443280603307, 51.596203731267487 ], [ 5.386212145455972, 51.600868947875099 ], [ 5.380946735840084, 51.602913214816638 ], [ 5.352928964244451, 51.600690650155059 ], [ 5.350985143407918, 51.603966049400803 ], [ 5.34586687057832, 51.602737923574153 ], [ 5.342834535396207, 51.600223882634623 ], [ 5.340833739115862, 51.604350021550992 ], [ 5.335968340428164, 51.60308510450637 ], [ 5.331938265030622, 51.607281511009596 ], [ 5.331995367960889, 51.608486508864758 ], [ 5.334979061849336, 51.60869811744891 ], [ 5.33213101972288, 51.611136490795829 ], [ 5.343177442207559, 51.616867792387247 ], [ 5.341893453143006, 51.620240951346318 ], [ 5.343994961782972, 51.622983117167387 ], [ 5.338404935411465, 51.622127059374733 ], [ 5.317731908784793, 51.634633938872526 ], [ 5.308992926024467, 51.633485264137491 ], [ 5.304332683482018, 51.624923840349766 ], [ 5.297029014330525, 51.624983454332039 ], [ 5.294667103779853, 51.621334875553885 ], [ 5.280758789441933, 51.622727061480809 ], [ 5.275831050337547, 51.615761362094553 ], [ 5.271392338735096, 51.615455896163731 ], [ 5.271746588387898, 51.612836258850223 ], [ 5.268262745672131, 51.612101148666596 ], [ 5.270113354020271, 51.611586098707406 ], [ 5.26923950463205, 51.609608734581109 ], [ 5.276503105879903, 51.607551204143569 ], [ 5.278743579177951, 51.604790483120865 ], [ 5.263066445843485, 51.600006171024923 ], [ 5.255379594247052, 51.593424150538489 ], [ 5.248679256378496, 51.590600101752628 ], [ 5.24617765881373, 51.579478146010572 ], [ 5.268900066966888, 51.553726629443304 ], [ 5.308395627801664, 51.545979835656155 ], [ 5.325444348449921, 51.551351771421587 ], [ 5.330424817377693, 51.551280152342521 ], [ 5.334053502689488, 51.550657685081141 ], [ 5.337349820873084, 51.546320403778026 ], [ 5.343931946023674, 51.544470869208936 ], [ 5.365170913508346, 51.545003030317055 ], [ 5.373444530372227, 51.543595177270099 ] ] ] } },
{ "type": "Feature", "properties": { "code": "0758", "gemeente": "Breda", "provincie": "Noord-Brabant" }, "geometry": { "type": "Polygon", "coordinates": [ [ [ 4.733996600896049, 51.485548210127455 ], [ 4.746561412964837, 51.489504626377993 ], [ 4.751224950970692, 51.49859609522391 ], [ 4.75526003041344, 51.500541841770122 ], [ 4.758359781175129, 51.500157354205598 ], [ 4.760023282352154, 51.502372769551705 ], [ 4.753472065531658, 51.505795758846226 ], [ 4.750947631305893, 51.509106748877826 ], [ 4.746995143071571, 51.515478577558689 ], [ 4.748909301331497, 51.518961451013745 ], [ 4.760185113356911, 51.519308214505138 ], [ 4.764807659786722, 51.524214085352959 ], [ 4.768632851018674, 51.52512898754005 ], [ 4.77027308753599, 51.523711633244133 ], [ 4.770060457974506, 51.527357293875369 ], [ 4.794252964996752, 51.534897116505363 ], [ 4.799902385153872, 51.53538056954676 ], [ 4.801325993497138, 51.536083449863789 ], [ 4.799329425566493, 51.537054912091492 ], [ 4.813810594985796, 51.543514818469234 ], [ 4.816373017617896, 51.542482152823212 ], [ 4.81461661467048, 51.54394439879227 ], [ 4.821069729637739, 51.546647502998802 ], [ 4.822600476431673, 51.545862491172635 ], [ 4.822086715605791, 51.546831652077458 ], [ 4.830769544340775, 51.550351800445938 ], [ 4.837396648705001, 51.549513171622799 ], [ 4.839780208153872, 51.553185776657671 ], [ 4.853991188161933, 51.556031878146904 ], [ 4.856249784681308, 51.555101519829606 ], [ 4.86298496638384, 51.557269561228651 ], [ 4.864150691903383, 51.559402718836971 ], [ 4.867311191640805, 51.558865005564236 ], [ 4.868451113199344, 51.566868469331006 ], [ 4.871684503932623, 51.567110401474174 ], [ 4.870085337839455, 51.57081880293476 ], [ 4.865294822854669, 51.57219442426414 ], [ 4.866765847441021, 51.574682477275879 ], [ 4.864238523294003, 51.579088864886884 ], [ 4.854397949567925, 51.579370456942939 ], [ 4.842621845981685, 51.585829345735341 ], [ 4.8420205755772, 51.596026950476002 ], [ 4.834072619728907, 51.597411674643261 ], [ 4.843551930459132, 51.603876152666203 ], [ 4.839078775605564, 51.608934196108578 ], [ 4.842683136686157, 51.616985865965702 ], [ 4.826036353699043, 51.626984421550041 ], [ 4.821866535346426, 51.627274319468796 ], [ 4.818867425930553, 51.631395527427458 ], [ 4.788155952966568, 51.634238819134019 ], [ 4.789328850711675, 51.635664841450172 ], [ 4.787505939681751, 51.637048016423698 ], [ 4.768168216525871, 51.628866398244234 ], [ 4.765686182985164, 51.629140424849865 ], [ 4.764230316928725, 51.633543239958804 ], [ 4.759987908224952, 51.636642758271599 ], [ 4.733927922174649, 51.643198041118353 ], [ 4.70369472704588, 51.638158343534982 ], [ 4.692023085282084, 51.637591635830809 ], [ 4.678512502455037, 51.632594026964455 ], [ 4.665071577694667, 51.634319211112775 ], [ 4.664753067562356, 51.630940413645419 ], [ 4.663020538363809, 51.630850342395235 ], [ 4.664818316572641, 51.628481394996207 ], [ 4.663560206502046, 51.625359415197352 ], [ 4.657981263118534, 51.619682273828829 ], [ 4.660813862353485, 51.609942102192349 ], [ 4.66432961563388, 51.608723604510992 ], [ 4.663871880082803, 51.604068693346839 ], [ 4.675561051586194, 51.603853987472881 ], [ 4.674881704664308, 51.600192077007172 ], [ 4.682106227903814, 51.598893354785481 ], [ 4.693715840174838, 51.567952400421348 ], [ 4.694186765391337, 51.544848453427029 ], [ 4.703996818858193, 51.54979854600267 ], [ 4.728417245018476, 51.536877551868173 ], [ 4.722489940918948, 51.535158168110655 ], [ 4.725100386410983, 51.532900214422504 ], [ 4.730710669187061, 51.53645052533868 ], [ 4.738798760528929, 51.532266989734858 ], [ 4.738289150248022, 51.531086358838692 ], [ 4.741463937123778, 51.532857997347826 ], [ 4.74011874630777, 51.527858176650213 ], [ 4.743234837492665, 51.52539384540728 ], [ 4.743868386392696, 51.519284960058378 ], [ 4.739863692375279, 51.51842352981555 ], [ 4.743983724545047, 51.518761337330041 ], [ 4.743535823830778, 51.511223903604694 ], [ 4.742157710842424, 51.505631404468339 ], [ 4.738146807444627, 51.505793313674125 ], [ 4.741558908442303, 51.50519859839541 ], [ 4.733996600896049, 51.485548210127455 ] ] ] } },
{ "type": "Feature", "properties": { "code": "1876", "gemeente": "Bronckhorst", "provincie": "Gelderland" }, "geometry": { "type": "Polygon", "coordinates": [ [ [ 6.249670597851827, 51.975947067707637 ], [ 6.257298934025547, 51.982528461512175 ], [ 6.247948752261421, 51.984086001228107 ], [ 6.250720789378778, 51.987329391979898 ], [ 6.259362339328868, 51.987462455881605 ], [ 6.270475486411549, 51.983423450915048 ], [ 6.274650934012159, 51.985288495766952 ], [ 6.278944780955968, 51.984912563412131 ], [ 6.291897649541465, 51.993345956976569 ], [ 6.295640011794575, 51.98845469618437 ], [ 6.306138577655211, 51.993031706837137 ], [ 6.319133282231499, 51.994260715025696 ], [ 6.3264549814937, 51.991888903939319 ], [ 6.335657881093943, 51.985646468331936 ], [ 6.327518886277821, 51.975749455561107 ], [ 6.353505872635916, 51.97467508555129 ], [ 6.370028521886168, 51.976251477506302 ], [ 6.369805984895041, 51.973625717697352 ], [ 6.365335996988549, 51.969741163103578 ], [ 6.368283581541231, 51.968536940698911 ], [ 6.373456178915763, 51.969858343910438 ], [ 6.381392100786323, 51.967978821084323 ], [ 6.390378037004963, 51.968327886894713 ], [ 6.388325186075047, 51.976116882966963 ], [ 6.380878085147424, 51.977738146780574 ], [ 6.390305928752642, 51.980258534698045 ], [ 6.397840266070603, 51.979642489115022 ], [ 6.402496722021363, 51.982167880553199 ], [ 6.416104442968527, 51.972604842844355 ], [ 6.43480569979901, 51.972122619416929 ], [ 6.437037394620689, 51.970716682769151 ], [ 6.439350817891889, 51.972100746371481 ], [ 6.447202151260535, 51.96970407358868 ], [ 6.459789671433293, 51.973172569436386 ], [ 6.462594725143348, 51.976215345825992 ], [ 6.467850488339397, 51.97821891319974 ], [ 6.475772866087977, 51.988136253525745 ], [ 6.460057679390543, 51.995150959229811 ], [ 6.459208233586688, 51.997752125884425 ], [ 6.467488197477506, 52.000756751215754 ], [ 6.460267575479873, 52.006171310774626 ], [ 6.465631765092143, 52.007695148605393 ], [ 6.460304521570881, 52.014564390535412 ], [ 6.462058007803558, 52.01691492542853 ], [ 6.45918682285459, 52.018722104087068 ], [ 6.462185207029447, 52.021700807500039 ], [ 6.43705453563745, 52.025647725533766 ], [ 6.440026953676261, 52.027147915886239 ], [ 6.43245139089369, 52.035072958738652 ], [ 6.434948165168526, 52.034771480606622 ], [ 6.43375267356817, 52.037946991735311 ], [ 6.430798885672682, 52.038629052168474 ], [ 6.432682335522148, 52.040557369089079 ], [ 6.428609506250576, 52.041116164860384 ], [ 6.427191889198641, 52.043190245320645 ], [ 6.42453670892531, 52.042446797963571 ], [ 6.423734290082244, 52.044018956253645 ], [ 6.42571258366468, 52.044791990396668 ], [ 6.423237163351525, 52.047481204544248 ], [ 6.420363314637651, 52.046458104726177 ], [ 6.414921232489306, 52.051716203860039 ], [ 6.413223178045765, 52.062617511157256 ], [ 6.406674518117403, 52.076848270566664 ], [ 6.40289591778336, 52.079153803782482 ], [ 6.400538852022529, 52.083811042145378 ], [ 6.402652878000442, 52.08789417614188 ], [ 6.411559720442508, 52.089501575183071 ], [ 6.413393100950747, 52.088279666218924 ], [ 6.42399857360236, 52.096907992138384 ], [ 6.391529657281311, 52.113050947923142 ], [ 6.398389382153262, 52.117647754632323 ], [ 6.391822334714539, 52.123727789469207 ], [ 6.395843277636511, 52.13083230338529 ], [ 6.392528940746641, 52.131529363472694 ], [ 6.379871786416572, 52.126099330538288 ], [ 6.377479541309641, 52.126924934023748 ], [ 6.368791109367749, 52.123847045706341 ], [ 6.361215727798708, 52.126782280659341 ], [ 6.35772157286044, 52.130299359447179 ], [ 6.357721204923505, 52.135526745309207 ], [ 6.328314370949888, 52.137712365648618 ], [ 6.307285680309025, 52.130451593806953 ], [ 6.293868304333436, 52.127942867276452 ], [ 6.29111241772961, 52.126446097011211 ], [ 6.292150249855594, 52.125472566950528 ], [ 6.288465313439347, 52.125537840287322 ], [ 6.27748696782355, 52.121728793440944 ], [ 6.269843322781759, 52.111643497492935 ], [ 6.25760092535774, 52.110286602200325 ], [ 6.233876980826587, 52.11312580319661 ], [ 6.232415982598193, 52.110747141836811 ], [ 6.226637734815142, 52.109409511258256 ], [ 6.225827379877243, 52.106826553893761 ], [ 6.222085101550281, 52.106677133448265 ], [ 6.224620568139058, 52.101079589251682 ], [ 6.224490863757574, 52.10004933178179 ], [ 6.22015877766552, 52.100327163521683 ], [ 6.219223120808998, 52.092549949358116 ], [ 6.221695769115352, 52.08877479106723 ], [ 6.218161861481137, 52.089592191071709 ], [ 6.217898867561889, 52.097881305733836 ], [ 6.210534266622108, 52.092451832549152 ], [ 6.199887858299335, 52.093806880036027 ], [ 6.189574594076404, 52.091308269028971 ], [ 6.176978879113842, 52.090915530269299 ], [ 6.168160845841375, 52.076199907596354 ], [ 6.112900740678683, 52.046375737652305 ], [ 6.110812832810998, 52.042034536644479 ], [ 6.112319433114981, 52.038501442126197 ], [ 6.124155783191631, 52.034212526241213 ], [ 6.139791929631983, 52.035831864333183 ], [ 6.149943475288114, 52.042053998821174 ], [ 6.155593689564715, 52.041090617350449 ], [ 6.158956547902916, 52.037388657607849 ], [ 6.167190537599185, 52.036965750340684 ], [ 6.175539222111628, 52.039377557341084 ], [ 6.175057251602221, 52.031701152663743 ], [ 6.177081711080413, 52.031504255220156 ], [ 6.173232631169989, 52.02777470080629 ], [ 6.176818080742402, 52.025289087484147 ], [ 6.174516295966309, 52.022703429692683 ], [ 6.177295560159872, 52.020337989587958 ], [ 6.170755821891134, 52.016745107380366 ], [ 6.164511888277759, 52.01697008099309 ], [ 6.16474516185935, 52.014401455054703 ], [ 6.161183573827345, 52.013827992347778 ], [ 6.159775523547037, 52.006979558823552 ], [ 6.153947360977865, 52.003523957142733 ], [ 6.158856385659443, 52.003963694707444 ], [ 6.159250534616473, 51.999739785780548 ], [ 6.16431726635681, 51.998986302053872 ], [ 6.159961538901489, 51.997877777926519 ], [ 6.159573084788288, 51.9961250175175 ], [ 6.161975378394106, 51.992795703967147 ], [ 6.16051723682426, 51.979521882420137 ], [ 6.171698001299224, 51.980827006069674 ], [ 6.182191798934077, 51.979189412933017 ], [ 6.205134265470523, 51.980247576388827 ], [ 6.211602526084024, 51.978396562782571 ], [ 6.21520377424985, 51.979454548962885 ], [ 6.224512323494477, 51.978403952652997 ], [ 6.229799763394716, 51.976206857412343 ], [ 6.231729639034237, 51.981076960584382 ], [ 6.222417318892095, 51.984147833462551 ], [ 6.228086626282249, 51.987795022925681 ], [ 6.232579839049004, 51.986507441417423 ], [ 6.232313149754257, 51.988593083511731 ], [ 6.235770444957356, 51.985083467658306 ], [ 6.235182223624667, 51.982291537491619 ], [ 6.243583793761604, 51.980707506370997 ], [ 6.243077078192314, 51.97767382680621 ], [ 6.249670597851827, 51.975947067707637 ] ] ] } },
{ "type": "Feature", "properties": { "code": "0213", "gemeente": "Brummen", "provincie": "Gelderland" }, "geometry": { "type": "Polygon", "coordinates": [ [ [ 6.076708292360827, 52.084715903881794 ], [ 6.078728160465388, 52.084582748319825 ], [ 6.077691348671446, 52.083526294493723 ], [ 6.08075036500349, 52.083833502929899 ], [ 6.081354774087732, 52.082296184715261 ], [ 6.103423302772546, 52.078143600077432 ], [ 6.113970744714324, 52.071583346894428 ], [ 6.115698773843468, 52.068231136923814 ], [ 6.121020736345744, 52.06857568837291 ], [ 6.119880942997335, 52.066961093306169 ], [ 6.122769327094927, 52.063229627916101 ], [ 6.128720430893075, 52.064277463794099 ], [ 6.128819598806178, 52.062798752691272 ], [ 6.135751056472468, 52.062058573650347 ], [ 6.135353497114425, 52.05973430044579 ], [ 6.137469233419973, 52.059181112334251 ], [ 6.159592732396666, 52.072747487377313 ], [ 6.168336436376596, 52.076341182503327 ], [ 6.176576311005974, 52.090750316115162 ], [ 6.189818033857449, 52.091339742066566 ], [ 6.199887858299335, 52.093806880036027 ], [ 6.209191423757256, 52.092272209619537 ], [ 6.215321185630502, 52.094885983225424 ], [ 6.218380586641636, 52.100760333573575 ], [ 6.215352532761686, 52.108966267830887 ], [ 6.20896833461546, 52.113001177912551 ], [ 6.191677263616548, 52.114274368728005 ], [ 6.187430267172385, 52.11616702936886 ], [ 6.186184946693067, 52.124518267148702 ], [ 6.182515354572784, 52.126238987316995 ], [ 6.18363080602558, 52.134226398340374 ], [ 6.177471663825246, 52.136957486734033 ], [ 6.179013536301241, 52.138528305002218 ], [ 6.174131259491944, 52.139431961463046 ], [ 6.175068700254001, 52.141493535625898 ], [ 6.172135568116862, 52.143267240304787 ], [ 6.173395821038965, 52.144969787136382 ], [ 6.163985491478106, 52.1463519537023 ], [ 6.149684852130473, 52.143999851283603 ], [ 6.142803730077618, 52.145663675431159 ], [ 6.140410959112749, 52.148290888110239 ], [ 6.141528814380872, 52.154405600731764 ], [ 6.146266079211914, 52.157766648625561 ], [ 6.15939749520047, 52.157673409333647 ], [ 6.171466630293582, 52.152771017481108 ], [ 6.179322166740219, 52.152262347296599 ], [ 6.18161485672241, 52.152707224917307 ], [ 6.184678543728058, 52.161222576722729 ], [ 6.16063462181324, 52.161873505972338 ], [ 6.153578151222118, 52.159622293343624 ], [ 6.142486177153618, 52.159194694446818 ], [ 6.106133119975219, 52.152191099956916 ], [ 6.075966378973816, 52.14391161312691 ], [ 6.078484119146222, 52.138878172918446 ], [ 6.071392165576915, 52.134572401000064 ], [ 6.06962218145666, 52.131304937114969 ], [ 6.051108775278958, 52.124206346211146 ], [ 6.047646131473683, 52.119194677773699 ], [ 6.040579656496102, 52.11456710928379 ], [ 6.041129968078208, 52.112371428688178 ], [ 6.035817767178268, 52.109466142230481 ], [ 6.034825282966463, 52.102899787596108 ], [ 6.032384477028947, 52.101449647133052 ], [ 6.034053262764401, 52.095723873820731 ], [ 6.031593800710812, 52.09560566436587 ], [ 6.01738956750139, 52.08301881041718 ], [ 6.008848603049344, 52.074014192893543 ], [ 6.006084879384045, 52.066348936663275 ], [ 6.023737822068937, 52.067282454363045 ], [ 6.04492442677292, 52.079640567048706 ], [ 6.06597807769725, 52.087819091596828 ], [ 6.076101967524368, 52.087498161075985 ], [ 6.076708292360827, 52.084715903881794 ] ] ] } },
{ "type": "Feature", "properties": { "code": "0899", "gemeente": "Brunssum", "provincie": "Limburg" }, "geometry": { "type": "Polygon", "coordinates": [ [ [ 5.943104324871759, 50.927390510823003 ], [ 5.954113335780729, 50.933548144432493 ], [ 5.960598456598352, 50.934222309255652 ], [ 5.974719962290507, 50.928786575089092 ], [ 6.011696326926664, 50.926439491039247 ], [ 6.018201661691966, 50.934701399605984 ], [ 6.015078573131553, 50.94788288576364 ], [ 6.016852847737535, 50.952642642198633 ], [ 6.005198410183727, 50.956776560499087 ], [ 6.006053522758721, 50.957535402857921 ], [ 5.980123456662959, 50.960679653497841 ], [ 5.974022477288945, 50.958340562505711 ], [ 5.969083800158293, 50.961035584465996 ], [ 5.96999017387461, 50.962502334303082 ], [ 5.965861593793653, 50.962417689222818 ], [ 5.95267325852344, 50.952470189555228 ], [ 5.936220191417528, 50.946441858150855 ], [ 5.931400568274087, 50.94155720111106 ], [ 5.934416132805755, 50.938635793042394 ], [ 5.92846998317332, 50.936612219675972 ], [ 5.930114177934116, 50.934234490682364 ], [ 5.938711453472322, 50.928507246743742 ], [ 5.943104324871759, 50.927390510823003 ] ] ] } },
{ "type": "Feature", "properties": { "code": "0312", "gemeente": "Bunnik", "provincie": "Utrecht" }, "geometry": { "type": "Polygon", "coordinates": [ [ [ 5.272628229426982, 51.998161446276114 ], [ 5.277517614200519, 52.000096610944226 ], [ 5.275701641528488, 52.005720285588765 ], [ 5.280153233818995, 52.008911267835551 ], [ 5.279909911545398, 52.010721591041516 ], [ 5.271693122802625, 52.014609194814803 ], [ 5.263239402794317, 52.024380107367428 ], [ 5.270866794470172, 52.027403342687862 ], [ 5.269298255886919, 52.029170313624633 ], [ 5.263880216469557, 52.031969314337353 ], [ 5.257498860068326, 52.032677443504298 ], [ 5.257796628291756, 52.038285848583079 ], [ 5.252677333234879, 52.038599573381447 ], [ 5.249494399695331, 52.040986015429461 ], [ 5.25103958322484, 52.045757453933305 ], [ 5.248005951336665, 52.04741282639494 ], [ 5.251677308430199, 52.053957728430376 ], [ 5.24742309724214, 52.058646555060392 ], [ 5.219131937867572, 52.059752456419126 ], [ 5.22502198708705, 52.06492174176212 ], [ 5.200400626076621, 52.076867041876568 ], [ 5.192639262620447, 52.077914255681762 ], [ 5.181401612995932, 52.076192387941141 ], [ 5.179292572936864, 52.077902164235958 ], [ 5.17160625024658, 52.078674986980104 ], [ 5.166917256138382, 52.076681223432814 ], [ 5.160179896489812, 52.080296163289873 ], [ 5.160441417123746, 52.077788455586493 ], [ 5.155661677949403, 52.071455962868306 ], [ 5.159502625575515, 52.06726295274774 ], [ 5.156890661585535, 52.06342685757425 ], [ 5.157755292408361, 52.058341838197542 ], [ 5.153030626874239, 52.056757299974784 ], [ 5.160743552578861, 52.04551468370056 ], [ 5.178930727574594, 52.046340415119097 ], [ 5.191556155475721, 52.043036045066138 ], [ 5.189541358825982, 52.036988461391964 ], [ 5.192503618341666, 52.03440872338026 ], [ 5.195432503163508, 52.036426919769561 ], [ 5.200892907338534, 52.031713489981819 ], [ 5.199103164912465, 52.025218896766141 ], [ 5.203527070797437, 52.020076104449821 ], [ 5.201991850221222, 52.017470123333069 ], [ 5.224035745576763, 52.013703732164856 ], [ 5.230572025148733, 52.010355916453683 ], [ 5.243190593494418, 51.99879303440548 ], [ 5.259562567661908, 52.000999222877141 ], [ 5.264736236378839, 52.003220132084635 ], [ 5.267292384973911, 51.999120063357012 ], [ 5.272628229426982, 51.998161446276114 ] ] ] } },
{ "type": "Feature", "properties": { "code": "0313", "gemeente": "Bunschoten", "provincie": "Utrecht" }, "geometry": { "type": "Polygon", "coordinates": [ [ [ 5.392910192695596, 52.206382249251348 ], [ 5.395522357735698, 52.219153851918279 ], [ 5.393219530399254, 52.220723062531768 ], [ 5.40464332996736, 52.249630481347651 ], [ 5.339563589263311, 52.287731727145598 ], [ 5.327454758662487, 52.266935380490992 ], [ 5.32213341735922, 52.26306218112255 ], [ 5.328621328045829, 52.255365570477998 ], [ 5.324337172196773, 52.253008182892124 ], [ 5.314128994368219, 52.251954169777797 ], [ 5.310680372582611, 52.2463259187708 ], [ 5.312277975818657, 52.232828833728973 ], [ 5.33578493307037, 52.228569189785702 ], [ 5.334323492881863, 52.220123114440383 ], [ 5.330541369292348, 52.214731713408419 ], [ 5.378117071988942, 52.207058150949685 ], [ 5.392910192695596, 52.206382249251348 ] ] ] } },
{ "type": "Feature", "properties": { "code": "0214", "gemeente": "Buren", "provincie": "Gelderland" }, "geometry": { "type": "Polygon", "coordinates": [ [ [ 5.460330419910685, 51.924119414340041 ], [ 5.476527225777313, 51.920869776070717 ], [ 5.490896130554045, 51.924744513283791 ], [ 5.487839720307479, 51.92293720115034 ], [ 5.48901482675469, 51.92101910976352 ], [ 5.486866782459, 51.921037321566381 ], [ 5.486421373960948, 51.918934582013875 ], [ 5.489826796805473, 51.918247080212538 ], [ 5.493557130412902, 51.918506593009205 ], [ 5.498382953171021, 51.923117005346306 ], [ 5.505294738767859, 51.923926432550665 ], [ 5.512804242739431, 51.921340247772171 ], [ 5.547705750786341, 51.921647073454352 ], [ 5.551748998813697, 51.917794867091779 ], [ 5.553518662234418, 51.918092635626913 ], [ 5.556836742164093, 51.919208096352492 ], [ 5.553876700369391, 51.922959300786815 ], [ 5.554139200830888, 51.934272517596696 ], [ 5.548441143484074, 51.934252741611445 ], [ 5.539959019779725, 51.937064935751231 ], [ 5.533508375847386, 51.943304120025765 ], [ 5.549444824212663, 51.942302434270488 ], [ 5.560695591431894, 51.944056695697697 ], [ 5.566577905104443, 51.941668384999609 ], [ 5.571871962636116, 51.941536565667747 ], [ 5.584560919952772, 51.947402547588325 ], [ 5.586616588900627, 51.950828951722698 ], [ 5.556933778340901, 51.955711028189071 ], [ 5.549561075950357, 51.959196896915159 ], [ 5.538942164251602, 51.967827038012331 ], [ 5.512481396816806, 51.973081385667896 ], [ 5.486214006371189, 51.983826447085782 ], [ 5.454045764446539, 51.983694184543914 ], [ 5.441647998555101, 51.985943258183291 ], [ 5.432524051124863, 51.984262271258117 ], [ 5.417294100950703, 51.976337113912855 ], [ 5.387069879278894, 51.969830746700708 ], [ 5.376908546816297, 51.969161409514264 ], [ 5.361844720728479, 51.970966384444182 ], [ 5.354203078797998, 51.970025089977021 ], [ 5.347094760275655, 51.966997492795066 ], [ 5.335220687040583, 51.958044102148691 ], [ 5.323439145342233, 51.955097109506369 ], [ 5.314856947116786, 51.955619996183842 ], [ 5.300894138701364, 51.961568563901416 ], [ 5.270373605319557, 51.965426625203364 ], [ 5.255318350704132, 51.954221114746062 ], [ 5.260082073204265, 51.951695424858379 ], [ 5.241921560642044, 51.945515833895982 ], [ 5.255165427848015, 51.935388651620173 ], [ 5.267761263913595, 51.932756058597448 ], [ 5.280976663127155, 51.93316780328562 ], [ 5.284946867435608, 51.930691651342968 ], [ 5.286777771615189, 51.928208912483548 ], [ 5.285184914012422, 51.922577060821055 ], [ 5.273610754732062, 51.920074457651694 ], [ 5.294893407162079, 51.900052318870642 ], [ 5.297323516782961, 51.901579051960219 ], [ 5.306676657533225, 51.896154860657752 ], [ 5.3127667775705, 51.895803004588814 ], [ 5.323366425021367, 51.889010353676447 ], [ 5.323342805486434, 51.88683599249466 ], [ 5.316294047123341, 51.883323045522168 ], [ 5.315148412958247, 51.880593286894381 ], [ 5.326829980416266, 51.882587833667806 ], [ 5.335498658687166, 51.881638991160244 ], [ 5.339456064909939, 51.877874051395928 ], [ 5.338849239314359, 51.874232112007817 ], [ 5.341152973742512, 51.873396726763779 ], [ 5.34524198979933, 51.877624769263981 ], [ 5.353782650045383, 51.878066378826865 ], [ 5.392606369716806, 51.896840452224751 ], [ 5.399824416954432, 51.898575893147381 ], [ 5.404470590126439, 51.905231686189168 ], [ 5.409625873901895, 51.907857521257171 ], [ 5.411180262504562, 51.911951419665364 ], [ 5.419225900273705, 51.913734478685534 ], [ 5.422987339989952, 51.917013930993086 ], [ 5.431868436299088, 51.918503818694681 ], [ 5.435111733517011, 51.920670431193408 ], [ 5.446979558456369, 51.920571607590169 ], [ 5.460330419910685, 51.924119414340041 ] ] ] } },
{ "type": "Feature", "properties": { "code": "0502", "gemeente": "Capelle aan den IJssel", "provincie": "Zuid-Holland" }, "geometry": { "type": "Polygon", "coordinates": [ [ [ 4.547589389154346, 51.907099417674488 ], [ 4.550262688139679, 51.914817951653355 ], [ 4.553995874801134, 51.916617804736916 ], [ 4.554024935414525, 51.914779559014136 ], [ 4.556495888187438, 51.914803143578332 ], [ 4.556828309405819, 51.910385711447979 ], [ 4.551050579462536, 51.909637949416165 ], [ 4.549901260055303, 51.906728490961719 ], [ 4.566395237157185, 51.90934575663826 ], [ 4.577151507993886, 51.914551647051432 ], [ 4.582717045056104, 51.920741155874033 ], [ 4.599777207169521, 51.926536114133384 ], [ 4.613235698751595, 51.926077241298991 ], [ 4.619488625419054, 51.93349227234409 ], [ 4.59973400985588, 51.947672300694187 ], [ 4.602068263710435, 51.94947560222959 ], [ 4.583831973083907, 51.965503845097658 ], [ 4.568012881355377, 51.958079911317803 ], [ 4.564367131586394, 51.959924540472699 ], [ 4.562053109295896, 51.958874549670988 ], [ 4.564063438439359, 51.950808857772742 ], [ 4.572779645609916, 51.943456116571973 ], [ 4.560594461467782, 51.940910083515895 ], [ 4.566238814851871, 51.925908842437266 ], [ 4.564378891071433, 51.92350316929339 ], [ 4.556912466099318, 51.91991201486104 ], [ 4.537549565178846, 51.91977838236626 ], [ 4.54052259028906, 51.915241866164848 ], [ 4.538222092155902, 51.915344164784585 ], [ 4.537311707770225, 51.913554545087493 ], [ 4.542135954527209, 51.90620456107569 ], [ 4.547589389154346, 51.907099417674488 ] ] ] } },
{ "type": "Feature", "properties": { "code": "0383", "gemeente": "Castricum", "provincie": "Noord-Holland" }, "geometry": { "type": "Polygon", "coordinates": [ [ [ 4.65988263848781, 52.531763411012513 ], [ 4.695736165915068, 52.526728067307054 ], [ 4.697613011817331, 52.529213439011883 ], [ 4.694532748842629, 52.544188210181822 ], [ 4.70369281946284, 52.545396403045146 ], [ 4.706431103610015, 52.546294934103706 ], [ 4.705897652262832, 52.548223396270814 ], [ 4.718859817358249, 52.551642509606644 ], [ 4.719804467186999, 52.543854545405111 ], [ 4.725453542412553, 52.546551983649195 ], [ 4.755275556729921, 52.535735555064434 ], [ 4.76226629768435, 52.537528088508267 ], [ 4.76801900118336, 52.534634517354732 ], [ 4.777733433871596, 52.533744881686296 ], [ 4.777886183466397, 52.544192891639234 ], [ 4.781622846459035, 52.557102241989661 ], [ 4.752932440752879, 52.56262822922583 ], [ 4.744736303401396, 52.567354504701314 ], [ 4.756477861802101, 52.591568343627856 ], [ 4.752431530637216, 52.592584728328774 ], [ 4.750968466302589, 52.58911879413796 ], [ 4.744455867317916, 52.590288408715452 ], [ 4.739992729315337, 52.578928141139315 ], [ 4.727092234287032, 52.579738522125652 ], [ 4.724883311563685, 52.57873712495158 ], [ 4.698318835861647, 52.58185961472013 ], [ 4.696856839163764, 52.578971632068253 ], [ 4.691218436971745, 52.579554208079301 ], [ 4.685317228833695, 52.580976711042645 ], [ 4.686247814600902, 52.582977688810345 ], [ 4.677597101390993, 52.584235468097283 ], [ 4.677634576730623, 52.585574642000338 ], [ 4.671641319837865, 52.587298031892963 ], [ 4.670645315773674, 52.588785859228558 ], [ 4.673990403083237, 52.589886431182904 ], [ 4.672581365771177, 52.590904105210413 ], [ 4.655432918403125, 52.5855371574728 ], [ 4.655274574781595, 52.582930373151427 ], [ 4.610371012742391, 52.57369993042623 ], [ 4.594074430809278, 52.575482034599325 ], [ 4.583320874815795, 52.533892073617316 ], [ 4.598665696473638, 52.531073974545045 ], [ 4.653075558987147, 52.530688732054394 ], [ 4.65988263848781, 52.531763411012513 ] ] ] } },
{ "type": "Feature", "properties": { "code": "0109", "gemeente": "Coevorden", "provincie": "Drenthe" }, "geometry": { "type": "Polygon", "coordinates": [ [ [ 6.707170974825785, 52.626760434070817 ], [ 6.726398100416326, 52.633220354608241 ], [ 6.741984045810616, 52.645332891641104 ], [ 6.752775485237836, 52.648147225830847 ], [ 6.753451561200138, 52.645806270680431 ], [ 6.758848358489039, 52.648825448857067 ], [ 6.767879222789339, 52.646851078312281 ], [ 6.777430909220473, 52.65166083233261 ], [ 6.789745652829722, 52.652796897083931 ], [ 6.794289954350242, 52.650656969966228 ], [ 6.803327043044486, 52.651852070719407 ], [ 6.807915886759301, 52.649122805880758 ], [ 6.818717852480015, 52.647682361143112 ], [ 6.837563091863237, 52.651948142491037 ], [ 6.850838568520553, 52.648615179744787 ], [ 6.861875217765069, 52.64969086011763 ], [ 6.849529128850298, 52.699354252694889 ], [ 6.840870682422601, 52.699571005681491 ], [ 6.826360778664654, 52.730888150280968 ], [ 6.837484625780289, 52.734509152691871 ], [ 6.830565887225371, 52.74228712565354 ], [ 6.838318339014603, 52.751276133213878 ], [ 6.838240644315048, 52.755827952490762 ], [ 6.834937952994924, 52.756097960124599 ], [ 6.839694114935496, 52.760996256914851 ], [ 6.831010832985777, 52.767042622167175 ], [ 6.834227403861392, 52.771560967942641 ], [ 6.831047086203347, 52.778162428520119 ], [ 6.849805799285202, 52.804633950084394 ], [ 6.823852742788577, 52.821682307593001 ], [ 6.765601040839964, 52.849925628766833 ], [ 6.769139882181354, 52.851472143274464 ], [ 6.753008156693961, 52.85904037175527 ], [ 6.75340084839423, 52.861583701622244 ], [ 6.747294358159155, 52.870304883749412 ], [ 6.745106182895308, 52.871850523003914 ], [ 6.740446465328759, 52.87098413783243 ], [ 6.736337073892061, 52.878691292969947 ], [ 6.714563923435536, 52.868158821007 ], [ 6.721860795764204, 52.866317323551563 ], [ 6.719858125498496, 52.861488899089295 ], [ 6.728628702589195, 52.853966432240519 ], [ 6.719672523314459, 52.848829747745988 ], [ 6.704053157505211, 52.846977862463113 ], [ 6.707598132841405, 52.836392233552473 ], [ 6.696025221571147, 52.82661557095733 ], [ 6.694034878655161, 52.827834307079506 ], [ 6.690002457152597, 52.825962784067308 ], [ 6.688964840971413, 52.822966714497973 ], [ 6.694016894970424, 52.814502203679275 ], [ 6.691955331642629, 52.809999671531124 ], [ 6.68118314374615, 52.807732215285419 ], [ 6.675614084172669, 52.800320879545808 ], [ 6.67807375299632, 52.799121574798704 ], [ 6.675143261064436, 52.797125586063778 ], [ 6.660879385868326, 52.801232629760626 ], [ 6.616153668966553, 52.762916751756748 ], [ 6.576502990270916, 52.725250213055347 ], [ 6.576428510987589, 52.72426547471737 ], [ 6.596779344540553, 52.723546742206722 ], [ 6.59579435928187, 52.713217860067218 ], [ 6.629937457510815, 52.712726636369155 ], [ 6.628855552873887, 52.696225901608919 ], [ 6.632412528925103, 52.686729854051137 ], [ 6.631869542797761, 52.674316731253292 ], [ 6.629453218664676, 52.669688239451986 ], [ 6.682509176104397, 52.654178513844322 ], [ 6.708546527887802, 52.648715354238824 ], [ 6.705677329917466, 52.643478249502195 ], [ 6.70115274291317, 52.641735936975458 ], [ 6.706525510516692, 52.639542145359599 ], [ 6.700774035579733, 52.628521624093629 ], [ 6.707170974825785, 52.626760434070817 ] ] ] } },
{ "type": "Feature", "properties": { "code": "1706", "gemeente": "Cranendonck", "provincie": "Noord-Brabant" }, "geometry": { "type": "Polygon", "coordinates": [ [ [ 5.566045275563708, 51.220909410300294 ], [ 5.594320584870578, 51.22607369328145 ], [ 5.594414377081029, 51.224180396839785 ], [ 5.618781564554, 51.229425282035251 ], [ 5.623474039181185, 51.249025609746823 ], [ 5.625972196979777, 51.27360160483984 ], [ 5.672110784019203, 51.315094016374047 ], [ 5.670226321339013, 51.317659051339128 ], [ 5.672090678914394, 51.323592158378808 ], [ 5.666769239487309, 51.326725022132656 ], [ 5.654707153438493, 51.35387728949614 ], [ 5.647528366821959, 51.352075710464817 ], [ 5.648774087151471, 51.350167445078192 ], [ 5.639925614541384, 51.346737057755121 ], [ 5.640387433062835, 51.34009495060829 ], [ 5.636723539097679, 51.340837980830521 ], [ 5.636637237949841, 51.337833806879985 ], [ 5.642894306825688, 51.337294954290449 ], [ 5.644603100191377, 51.334553812359921 ], [ 5.638591775208408, 51.331859435512484 ], [ 5.634456694981627, 51.333398351710564 ], [ 5.63312800508729, 51.331314182387203 ], [ 5.634930647737705, 51.330218269511803 ], [ 5.63129516616861, 51.327540934755625 ], [ 5.621147365608021, 51.331188552627403 ], [ 5.619187812843136, 51.328917608337598 ], [ 5.605316599881487, 51.331805086230013 ], [ 5.566076533459716, 51.320542695801329 ], [ 5.533277321178243, 51.305588611027353 ], [ 5.515773887318709, 51.295202509993736 ], [ 5.519006322659951, 51.28947525582651 ], [ 5.528685311915325, 51.281756558191447 ], [ 5.544588849249392, 51.271187944035582 ], [ 5.556420722308334, 51.266411463518011 ], [ 5.557927395515724, 51.262398596631996 ], [ 5.554866379033274, 51.244497297992488 ], [ 5.560450604069918, 51.222327330225092 ], [ 5.566045275563708, 51.220909410300294 ] ] ] } },
{ "type": "Feature", "properties": { "code": "0216", "gemeente": "Culemborg", "provincie": "Gelderland" }, "geometry": { "type": "Polygon", "coordinates": [ [ [ 5.159753356488166, 51.919686805630747 ], [ 5.207685620023224, 51.926213541993526 ], [ 5.211809915063208, 51.919645368819026 ], [ 5.233180389534451, 51.923587474946736 ], [ 5.242603175698815, 51.927194770558202 ], [ 5.255265226311677, 51.935828639065235 ], [ 5.241921560642044, 51.945515833895982 ], [ 5.260082073204265, 51.951695424858379 ], [ 5.255318350704132, 51.954221114746062 ], [ 5.270373605319557, 51.965426625203364 ], [ 5.257539614967755, 51.97026004508372 ], [ 5.246523746212339, 51.977498239920969 ], [ 5.239780309792212, 51.978939633591416 ], [ 5.23085100787611, 51.976348541454641 ], [ 5.220633309891389, 51.964556254032118 ], [ 5.210275373959151, 51.959846704846782 ], [ 5.196104354813296, 51.960806477746978 ], [ 5.180226657580373, 51.967448329422439 ], [ 5.151467135619672, 51.933615257353509 ], [ 5.148276236203324, 51.932737317045486 ], [ 5.148459849215095, 51.929485194454102 ], [ 5.142432876585925, 51.924936585495836 ], [ 5.150359371234323, 51.928189195601711 ], [ 5.158309296369575, 51.928450107765514 ], [ 5.166797053107214, 51.926020151475953 ], [ 5.159753356488166, 51.919686805630747 ] ] ] } },
{ "type": "Feature", "properties": { "code": "0148", "gemeente": "Dalfsen", "provincie": "Overijssel" }, "geometry": { "type": "Polygon", "coordinates": [ [ [ 6.333920877068764, 52.424713862392068 ], [ 6.337109560128917, 52.42772257401608 ], [ 6.343344995084395, 52.42531018264814 ], [ 6.355662725321306, 52.425941585497803 ], [ 6.356254404263222, 52.429104368544692 ], [ 6.380398645488728, 52.427799179378148 ], [ 6.384150050373425, 52.439434686292799 ], [ 6.381105097376301, 52.440004586708824 ], [ 6.376209584054714, 52.447825287696119 ], [ 6.373154452839103, 52.446856856384741 ], [ 6.371061192414063, 52.449711194240024 ], [ 6.378494287849954, 52.456416828354506 ], [ 6.34261626580469, 52.456905407854286 ], [ 6.344049281086325, 52.481720199143091 ], [ 6.334582262896593, 52.507077746683336 ], [ 6.336801913106325, 52.507635010223673 ], [ 6.335436752625426, 52.510875022098219 ], [ 6.332180700799587, 52.512504295233974 ], [ 6.333701665582588, 52.515623455686658 ], [ 6.331515691361601, 52.522074781950856 ], [ 6.338718629897652, 52.521697518437954 ], [ 6.343203191255141, 52.519755305212215 ], [ 6.351351263528525, 52.523698165662722 ], [ 6.353266786819555, 52.522898608923576 ], [ 6.361571649725, 52.524755378137492 ], [ 6.319680692402698, 52.599171078526581 ], [ 6.286958259156577, 52.595191748241945 ], [ 6.286326524425576, 52.596211790959458 ], [ 6.274898166950138, 52.593704792361699 ], [ 6.274776253401332, 52.594787550028798 ], [ 6.270744293660863, 52.59505147142599 ], [ 6.246925960192478, 52.590325354296446 ], [ 6.202137717158045, 52.584948507285546 ], [ 6.205455509028873, 52.575250251193452 ], [ 6.210810677736872, 52.567797766295399 ], [ 6.189631145914829, 52.536160052835818 ], [ 6.193050249763196, 52.531848058398708 ], [ 6.187851472444915, 52.523515601314699 ], [ 6.182953447391854, 52.519335387487423 ], [ 6.173321983641423, 52.518830214569292 ], [ 6.184070986119335, 52.507741065025797 ], [ 6.188150296044181, 52.499556655831668 ], [ 6.199712560301756, 52.495274293730908 ], [ 6.198742897037893, 52.492816975788863 ], [ 6.201003429625012, 52.490994695741101 ], [ 6.196520022205902, 52.48967949820517 ], [ 6.192387966805478, 52.485615489951549 ], [ 6.192550747833622, 52.481631592207691 ], [ 6.182832285861017, 52.480806639733579 ], [ 6.182076349307404, 52.479057079525312 ], [ 6.177529292768007, 52.479822382682961 ], [ 6.177660967779195, 52.477856389925918 ], [ 6.174727287120321, 52.4782128576933 ], [ 6.173627042711148, 52.476802841127579 ], [ 6.171246799703665, 52.477395207939132 ], [ 6.170017697706301, 52.475879317081223 ], [ 6.162495460565035, 52.474388357928298 ], [ 6.171294715780073, 52.468738607555508 ], [ 6.17448511602753, 52.468401241957302 ], [ 6.178021898272651, 52.470635644754026 ], [ 6.186673230250744, 52.468417639392939 ], [ 6.202577344878226, 52.468728105329909 ], [ 6.213531197517254, 52.464639433530216 ], [ 6.239000385099098, 52.46540245029459 ], [ 6.278241277051007, 52.457042658312382 ], [ 6.278627346928046, 52.447351833016221 ], [ 6.289947949896603, 52.446444749661694 ], [ 6.29182524751033, 52.434721417707756 ], [ 6.301834106408752, 52.435228489723848 ], [ 6.302262864650102, 52.431443623327354 ], [ 6.314438209790336, 52.433028181027638 ], [ 6.318944006996047, 52.432067279624619 ], [ 6.333920877068764, 52.424713862392068 ] ] ] } },
{ "type": "Feature", "properties": { "code": "1891", "gemeente": "Dantumadiel", "provincie": "Fryslân" }, "geometry": { "type": "Polygon", "coordinates": [ [ [ 5.983342825144425, 53.229862513763102 ], [ 6.016679764369696, 53.241091475844669 ], [ 6.019894235929445, 53.240923515968106 ], [ 6.021359654727318, 53.242532393437159 ], [ 6.027765174732505, 53.241395338629211 ], [ 6.028816186724663, 53.242758573620193 ], [ 6.043965637439076, 53.243502481057341 ], [ 6.050114950280066, 53.266141319616906 ], [ 6.051863924859022, 53.266286276840432 ], [ 6.053308543668896, 53.279189073784735 ], [ 6.054965382500572, 53.279483569843649 ], [ 6.053393819498195, 53.280018315542435 ], [ 6.05437926225146, 53.290870201844072 ], [ 6.073695152045062, 53.292399700344966 ], [ 6.069793718218285, 53.296920092547651 ], [ 6.071541507126605, 53.29659542053821 ], [ 6.072051070877853, 53.316177118895538 ], [ 6.07498469480795, 53.317643616346331 ], [ 6.074152065145401, 53.3214765965187 ], [ 6.077752688394452, 53.322087106238264 ], [ 6.074648630691851, 53.324652489471625 ], [ 6.066306580618477, 53.323639279791415 ], [ 6.052195799531519, 53.324932080174932 ], [ 6.045889108325802, 53.323823277775332 ], [ 6.039552204482113, 53.325135015260436 ], [ 6.035362587164823, 53.324296413848749 ], [ 6.032962501574889, 53.325630412067184 ], [ 6.023437065385821, 53.324528985377917 ], [ 6.020151901273991, 53.308223591424017 ], [ 5.998100956310547, 53.310500194555843 ], [ 5.975852742558896, 53.30692731038647 ], [ 5.970668719129159, 53.3136732756154 ], [ 5.974299840143343, 53.315998665551767 ], [ 5.972187455622016, 53.321085185205888 ], [ 5.963561859980618, 53.322827764127688 ], [ 5.953755444913494, 53.321022593194215 ], [ 5.948929836802047, 53.317601202399118 ], [ 5.922341201782145, 53.312639998828622 ], [ 5.896565196191474, 53.301742500688583 ], [ 5.906648672964501, 53.28783934434405 ], [ 5.882244594649242, 53.276782496978633 ], [ 5.914479996605989, 53.25862980151674 ], [ 5.92295508577102, 53.257405059595825 ], [ 5.925913667390303, 53.254729835704822 ], [ 5.925651759359566, 53.252200995283623 ], [ 5.94299189704201, 53.250428175828731 ], [ 5.955973546839205, 53.228056320158316 ], [ 5.972909763132121, 53.22793460435782 ], [ 5.983342825144425, 53.229862513763102 ] ] ] } },
{ "type": "Feature", "properties": { "code": "0310", "gemeente": "De Bilt", "provincie": "Utrecht" }, "geometry": { "type": "Polygon", "coordinates": [ [ [ 5.189872815652726, 52.086259016837822 ], [ 5.205524616947607, 52.084895594259855 ], [ 5.205517204423298, 52.086829550511752 ], [ 5.207229760522844, 52.086439272705974 ], [ 5.210587637895792, 52.090314430348123 ], [ 5.208608754481101, 52.093618914627541 ], [ 5.212727198663288, 52.097674331597283 ], [ 5.210819712898111, 52.100732673900552 ], [ 5.22232888669242, 52.103893249495819 ], [ 5.218219182294519, 52.113672667535461 ], [ 5.230930387533702, 52.116788889403722 ], [ 5.222701644641734, 52.174687144225487 ], [ 5.221218802372484, 52.174571300700592 ], [ 5.220994979040906, 52.178260478496959 ], [ 5.212075565909245, 52.176373934817455 ], [ 5.216002864087977, 52.18806087466384 ], [ 5.213254081200114, 52.190081840372393 ], [ 5.21550072820275, 52.204273429551399 ], [ 5.192585966447433, 52.17783294963165 ], [ 5.121358978679531, 52.180955243162991 ], [ 5.115293730203524, 52.179852795812003 ], [ 5.118845195323209, 52.172406046397271 ], [ 5.094889715998248, 52.155349030750877 ], [ 5.120528952066798, 52.145541143529101 ], [ 5.107092850785444, 52.133211164018 ], [ 5.126523487671984, 52.124604483611414 ], [ 5.140163456441148, 52.120582027954214 ], [ 5.148160795443705, 52.119802776402629 ], [ 5.15038081268809, 52.110875390251444 ], [ 5.161915012031747, 52.10721537241794 ], [ 5.156171342394171, 52.098589426552884 ], [ 5.160904252721791, 52.094575544878552 ], [ 5.180564114794018, 52.093131874192977 ], [ 5.182270418952609, 52.094411063771965 ], [ 5.186170037008277, 52.092927683438482 ], [ 5.189872815652726, 52.086259016837822 ] ] ] } },
{ "type": "Feature", "properties": { "code": "1940", "gemeente": "De Fryske Marren", "provincie": "Fryslân" }, "geometry": { "type": "Polygon", "coordinates": [ [ [ 5.377259770836776, 52.764805207347862 ], [ 5.631352642605159, 52.803054599758866 ], [ 5.660296053828816, 52.831250414598095 ], [ 5.703103150849437, 52.834345682031916 ], [ 5.70329988024023, 52.836392855071608 ], [ 5.704281542732904, 52.834430712032947 ], [ 5.709635954657077, 52.834816702914218 ], [ 5.713219991036328, 52.838188804832392 ], [ 5.728663440318463, 52.833398013571284 ], [ 5.724681988470723, 52.843982245690988 ], [ 5.74880735884401, 52.839679587063863 ], [ 5.784382144131338, 52.817475749071434 ], [ 5.789806675013329, 52.803691489887314 ], [ 5.819744200440124, 52.81727839297055 ], [ 5.819014264309414, 52.82307233676373 ], [ 5.827652868387634, 52.827599328384842 ], [ 5.825854743617963, 52.830325120853438 ], [ 5.835879481432672, 52.841040786346333 ], [ 5.840016985142876, 52.842996210965609 ], [ 5.843927550532579, 52.854873801500297 ], [ 5.855109496620167, 52.866114892223038 ], [ 5.85676768462031, 52.870790677710346 ], [ 5.876971393959853, 52.886828038756697 ], [ 5.884609764787596, 52.889425846109823 ], [ 5.886119065311094, 52.894324387077297 ], [ 5.911342606765835, 52.897881446236681 ], [ 5.932944288129582, 52.907262206572717 ], [ 5.937846929755057, 52.911740444670322 ], [ 5.913045590126106, 52.940504922660118 ], [ 5.914181111186543, 52.942922212844628 ], [ 5.904885675184681, 52.954163885396845 ], [ 5.905711094843194, 52.95551514530316 ], [ 5.897409797921973, 52.963082892689613 ], [ 5.891026850350092, 52.961696949807873 ], [ 5.886154073612327, 52.965710911867525 ], [ 5.886839679860279, 52.967049229966484 ], [ 5.870970617976337, 52.964441610613356 ], [ 5.867215205628784, 52.978621683540467 ], [ 5.887157563220224, 52.982046758057898 ], [ 5.866126948448786, 52.999796465906087 ], [ 5.85760313583323, 53.01700828567256 ], [ 5.84873007458074, 53.024300293109803 ], [ 5.824057933652832, 53.038116965868404 ], [ 5.800272596031613, 53.047908391442697 ], [ 5.795817846730165, 53.053015970848477 ], [ 5.795507881784878, 53.054866046718203 ], [ 5.798748587981736, 53.056195301723022 ], [ 5.796386037702691, 53.058839306355075 ], [ 5.773912373008529, 53.04592169490801 ], [ 5.769846726205465, 53.045849239299841 ], [ 5.77069646665062, 53.047443018518457 ], [ 5.755432158839471, 53.046838058056387 ], [ 5.73670466020907, 53.030151907793616 ], [ 5.733241303609145, 53.01543806847387 ], [ 5.74889122853094, 53.007841936917444 ], [ 5.742182559288693, 53.005351442694391 ], [ 5.742407802477522, 53.002381061780781 ], [ 5.737480768259785, 53.000984764725075 ], [ 5.731033924274574, 53.001371918636266 ], [ 5.722684790100472, 52.998847906797955 ], [ 5.716057702554155, 52.99510817685556 ], [ 5.706113026291005, 52.984319529237055 ], [ 5.691723647521783, 52.988612755655609 ], [ 5.689252368316192, 52.986702738967438 ], [ 5.687442915564484, 52.982080369441114 ], [ 5.690906700676271, 52.966819297804413 ], [ 5.689325966364073, 52.932966631341728 ], [ 5.642455007097712, 52.9361672873031 ], [ 5.639978279807169, 52.922469482759482 ], [ 5.594259853990244, 52.91541158118352 ], [ 5.58053142732079, 52.934046075260362 ], [ 5.577259386419445, 52.935204548411164 ], [ 5.569021512299595, 52.945534928826746 ], [ 5.564778532979476, 52.94748132643884 ], [ 5.515506671973387, 52.928677953300003 ], [ 5.476965473148682, 52.902236604033334 ], [ 5.493844792746342, 52.889835757261373 ], [ 5.489712460187961, 52.886030018183021 ], [ 5.501822448106886, 52.880211826153399 ], [ 5.49590274334885, 52.876054495873646 ], [ 5.495517092482997, 52.873815685034174 ], [ 5.490171432845225, 52.871432265376406 ], [ 5.487486931518093, 52.873398480454284 ], [ 5.477099642899102, 52.868764000240809 ], [ 5.472340434008314, 52.873034453797601 ], [ 5.465052747100127, 52.871294462613911 ], [ 5.432808821263168, 52.874652144596212 ], [ 5.426101730443572, 52.873294128293139 ], [ 5.433351532458092, 52.870108719520125 ], [ 5.44134004551694, 52.850072460140801 ], [ 5.337841622328026, 52.795955061962886 ], [ 5.377259770836776, 52.764805207347862 ] ] ] } },
{ "type": "Feature", "properties": { "code": "0736", "gemeente": "De Ronde Venen", "provincie": "Utrecht" }, "geometry": { "type": "Polygon", "coordinates": [ [ [ 4.891765068981506, 52.161772318101555 ], [ 4.908262800096032, 52.161494404443246 ], [ 4.92860632004416, 52.167200116527276 ], [ 4.932468009009674, 52.172493691291642 ], [ 4.931409957988562, 52.173709761453949 ], [ 4.935006837623514, 52.175854807983789 ], [ 4.933995273790775, 52.176945039776371 ], [ 4.94571262458498, 52.185812994646298 ], [ 4.948571574298411, 52.185784688238172 ], [ 4.948382719442059, 52.193598188530999 ], [ 4.950881271078694, 52.198638503941247 ], [ 4.960808553013462, 52.197819787274142 ], [ 4.961387672367985, 52.199475123782399 ], [ 4.966595725219913, 52.200052318835851 ], [ 4.973746602125487, 52.220598420641949 ], [ 4.982874235353441, 52.222415600385247 ], [ 4.980413602926309, 52.226847399279784 ], [ 4.994729787472618, 52.230266343551421 ], [ 4.99472757790945, 52.232474231507794 ], [ 4.997414948823475, 52.230817247977214 ], [ 5.007463039530507, 52.231704520941754 ], [ 5.021867210334992, 52.28265327298395 ], [ 5.021543197750095, 52.302456854109295 ], [ 5.011540084760105, 52.30330215791566 ], [ 5.003834505908855, 52.298509320235823 ], [ 5.001789347134429, 52.292792911836493 ], [ 4.997475368621348, 52.289118359056047 ], [ 4.983505891974168, 52.290368140749855 ], [ 4.969726307901991, 52.283120831835518 ], [ 4.967674338298763, 52.279582305366766 ], [ 4.966165619974515, 52.28097984413494 ], [ 4.962243970240777, 52.280206531520605 ], [ 4.961053635578863, 52.278174205163978 ], [ 4.953797694947837, 52.278026988529604 ], [ 4.942691520745648, 52.278183964072582 ], [ 4.933801279338716, 52.280893162442879 ], [ 4.926444448563407, 52.279779618901166 ], [ 4.926651427002959, 52.272444795383144 ], [ 4.929421684288426, 52.268403411081735 ], [ 4.924747907497442, 52.267000601377532 ], [ 4.923256631664201, 52.263090387019446 ], [ 4.918117899014303, 52.261695444287831 ], [ 4.917600691409394, 52.257076597960541 ], [ 4.910805126571442, 52.252613970349849 ], [ 4.903075744020368, 52.253204523235325 ], [ 4.898568545860996, 52.250932244947641 ], [ 4.891325437347757, 52.253302927389015 ], [ 4.887016496295481, 52.250898844047306 ], [ 4.882718839218661, 52.25371152028103 ], [ 4.873852939416464, 52.250742638084603 ], [ 4.870036504930122, 52.253361313569243 ], [ 4.868582568384146, 52.251579196177516 ], [ 4.857521717553076, 52.24772305977298 ], [ 4.85493788687412, 52.242145623382733 ], [ 4.85125428785952, 52.241866946309649 ], [ 4.851625656162954, 52.238994935746277 ], [ 4.847279677547014, 52.239765314677676 ], [ 4.842826069800266, 52.235339225937899 ], [ 4.838686664104904, 52.235365658019489 ], [ 4.830107177448539, 52.230912671416959 ], [ 4.814455194743973, 52.227224104811668 ], [ 4.805403778181455, 52.227988711511777 ], [ 4.794575698826924, 52.226730669222235 ], [ 4.794429875136755, 52.223423404321913 ], [ 4.802149665233831, 52.217633606622307 ], [ 4.802925128546574, 52.201027761136203 ], [ 4.813594311293723, 52.201847122620784 ], [ 4.814399875327548, 52.199309257020495 ], [ 4.822209134530489, 52.196124585922639 ], [ 4.823444801458364, 52.193265702708253 ], [ 4.843920856558484, 52.180121631794968 ], [ 4.855581829857052, 52.178917179316372 ], [ 4.891765068981506, 52.161772318101555 ] ] ] } },
{ "type": "Feature", "properties": { "code": "1690", "gemeente": "De Wolden", "provincie": "Drenthe" }, "geometry": { "type": "Polygon", "coordinates": [ [ [ 6.518604193547553, 52.614087844999951 ], [ 6.513861466748858, 52.646293771982599 ], [ 6.529380676445461, 52.654507315930665 ], [ 6.530555818276486, 52.672472385896931 ], [ 6.499551794667532, 52.67355404764519 ], [ 6.499773955566203, 52.675642894547444 ], [ 6.492573836427908, 52.675970851862893 ], [ 6.493331272402659, 52.684125780207161 ], [ 6.484851976873179, 52.684245724945356 ], [ 6.485980364777904, 52.693632746244752 ], [ 6.463319468802542, 52.693307658444077 ], [ 6.462814564481694, 52.695202947691385 ], [ 6.448676612902161, 52.693787627225213 ], [ 6.451311636457825, 52.699405772435256 ], [ 6.45114165421209, 52.706981640111337 ], [ 6.428848158553117, 52.705319794450382 ], [ 6.420367026664707, 52.701347108161698 ], [ 6.407167608029662, 52.706795577522065 ], [ 6.404749703164151, 52.704675294657342 ], [ 6.40367887437852, 52.705671986382384 ], [ 6.406036609518982, 52.713188252247477 ], [ 6.414365061429726, 52.717261280621926 ], [ 6.414636891948319, 52.720220473595411 ], [ 6.406802499358973, 52.728410177998164 ], [ 6.421325461198845, 52.73141540686327 ], [ 6.415392080795382, 52.740856906038033 ], [ 6.423192575737978, 52.74300025345967 ], [ 6.420522923917372, 52.748227207138882 ], [ 6.426285697999768, 52.751422846345818 ], [ 6.419403171841127, 52.755994401804045 ], [ 6.416144547176155, 52.755317326628116 ], [ 6.410134294277058, 52.764885496974188 ], [ 6.430831885302286, 52.768454042531367 ], [ 6.438060331911561, 52.771246058942417 ], [ 6.446621324813123, 52.776745274817323 ], [ 6.446920326890241, 52.785889293125024 ], [ 6.436982393196558, 52.791996711879442 ], [ 6.429573304450534, 52.788705115637974 ], [ 6.432566418201388, 52.786468505367793 ], [ 6.432038824869248, 52.784545022068102 ], [ 6.427530403582431, 52.782501370393163 ], [ 6.423165295020302, 52.782716389421111 ], [ 6.421635887816343, 52.781080797154864 ], [ 6.416653474778398, 52.781729292116104 ], [ 6.416376416551574, 52.786387335095057 ], [ 6.412995818678831, 52.788319477076016 ], [ 6.394041751573134, 52.777448534428224 ], [ 6.3915281324554, 52.779573776383863 ], [ 6.387367241673241, 52.779031529259065 ], [ 6.377916496858674, 52.785203623293235 ], [ 6.37206784668385, 52.780001958518447 ], [ 6.360900347838627, 52.783233164459944 ], [ 6.355499526243012, 52.779515922008258 ], [ 6.353734110553141, 52.782489048998528 ], [ 6.349477764631182, 52.783405085084809 ], [ 6.353345439601632, 52.785410456443195 ], [ 6.352081799448607, 52.787841235410276 ], [ 6.342956759760591, 52.789692734207129 ], [ 6.350439361309931, 52.791839480288097 ], [ 6.354596499246922, 52.795198474505106 ], [ 6.353656157614126, 52.798919567453183 ], [ 6.340194040118348, 52.798970357879277 ], [ 6.321480230681521, 52.795418885235001 ], [ 6.308738585879177, 52.795076211728407 ], [ 6.305159177705655, 52.791474231305372 ], [ 6.301003695126449, 52.790964562184136 ], [ 6.30257369763769, 52.78915044349862 ], [ 6.299552894856319, 52.787119555568729 ], [ 6.298394781505981, 52.781953588839421 ], [ 6.293207745237831, 52.778993905720803 ], [ 6.298771768504698, 52.766446321173831 ], [ 6.280511533201417, 52.76269575153632 ], [ 6.268555723942796, 52.758405953463388 ], [ 6.252027526387502, 52.758310599722542 ], [ 6.241743390215658, 52.750840217068721 ], [ 6.236637971387035, 52.74390322305031 ], [ 6.231438773837171, 52.741708587713262 ], [ 6.234576273997011, 52.740600773358871 ], [ 6.216319809457587, 52.718604038951675 ], [ 6.2169035876789, 52.703157738185631 ], [ 6.224961121779916, 52.703230213713674 ], [ 6.23219376131208, 52.706538738102132 ], [ 6.237927929787432, 52.705770568029784 ], [ 6.248391845513673, 52.708196586351107 ], [ 6.253119773032688, 52.705281553382775 ], [ 6.274303006342097, 52.706185311038119 ], [ 6.273802847570688, 52.703281565864017 ], [ 6.277213831028896, 52.703359794133029 ], [ 6.276699386156215, 52.700586122488552 ], [ 6.279634875176844, 52.69961184497086 ], [ 6.276325686640065, 52.69800420137102 ], [ 6.275807629349664, 52.695463430803969 ], [ 6.286682599117696, 52.699126105454781 ], [ 6.285011973015501, 52.689705161431853 ], [ 6.275873870929703, 52.690216054376933 ], [ 6.275423297214966, 52.687742978965417 ], [ 6.283842690579571, 52.684199675751351 ], [ 6.283478074820435, 52.682248200036405 ], [ 6.275161164991544, 52.683447007445679 ], [ 6.269814722419481, 52.682227973908468 ], [ 6.272668451402865, 52.673742394480108 ], [ 6.26904559453731, 52.673575717589067 ], [ 6.266504222843533, 52.671047599723565 ], [ 6.26579424705165, 52.666864993020248 ], [ 6.272711710600207, 52.664740948121377 ], [ 6.279162699368706, 52.669053025260418 ], [ 6.28546478532159, 52.667022197121391 ], [ 6.287486932352726, 52.663452605207127 ], [ 6.295366874125087, 52.662286040125011 ], [ 6.297634495747944, 52.666386272785232 ], [ 6.309759015726736, 52.666751493220104 ], [ 6.319362015027632, 52.67039794722551 ], [ 6.326989611057349, 52.669194186481654 ], [ 6.329290124385206, 52.665398462576952 ], [ 6.32587593146439, 52.662864736147519 ], [ 6.326289925476075, 52.658986086954599 ], [ 6.332637920256659, 52.656750736231601 ], [ 6.334002899719244, 52.654698867159865 ], [ 6.341395249744146, 52.65412118049619 ], [ 6.346967832449647, 52.649151947948162 ], [ 6.353298582338533, 52.647813670519348 ], [ 6.353337589863964, 52.645963323938432 ], [ 6.359750590507832, 52.645561992136514 ], [ 6.364441038290164, 52.643174568876695 ], [ 6.363019084378407, 52.63905848079407 ], [ 6.369522318370262, 52.635483964495741 ], [ 6.369180258570482, 52.632067468274947 ], [ 6.371485127095225, 52.631792360503667 ], [ 6.375205897425012, 52.627408132420229 ], [ 6.373252527329275, 52.62383746064787 ], [ 6.377178008484387, 52.620360722200296 ], [ 6.376510380369437, 52.616923935907167 ], [ 6.380319504559131, 52.614974923434453 ], [ 6.382796093504435, 52.615661138779586 ], [ 6.383836828214536, 52.612197745186066 ], [ 6.391522217346941, 52.614519415638895 ], [ 6.396035216123432, 52.617787966260977 ], [ 6.403766750125572, 52.616271188786399 ], [ 6.406858316359217, 52.617780999718441 ], [ 6.406250912168495, 52.620694432717812 ], [ 6.409502229568236, 52.621733261175123 ], [ 6.412858773739593, 52.619574436799297 ], [ 6.418808498520388, 52.619023200322239 ], [ 6.42023645246316, 52.622317642440436 ], [ 6.426794306504105, 52.624526877645167 ], [ 6.428176487774207, 52.628188503440363 ], [ 6.431242899512939, 52.62837793537836 ], [ 6.433803067149269, 52.626409214006109 ], [ 6.434934372940981, 52.619285548247369 ], [ 6.441879666371459, 52.615637268369277 ], [ 6.453365993691299, 52.613945706688924 ], [ 6.455138117242904, 52.615440364329565 ], [ 6.459788259885871, 52.615759781454514 ], [ 6.463284909579466, 52.623513637827102 ], [ 6.470073153389263, 52.6250072909991 ], [ 6.478016188772939, 52.618631306583644 ], [ 6.491850407732368, 52.619144254838353 ], [ 6.504512178676789, 52.617058151777407 ], [ 6.512026845011711, 52.613649670095647 ], [ 6.518604193547553, 52.614087844999951 ] ] ] } },
{ "type": "Feature", "properties": { "code": "0503", "gemeente": "Delft", "provincie": "Zuid-Holland" }, "geometry": { "type": "Polygon", "coordinates": [ [ [ 4.397030128722077, 51.978974025909984 ], [ 4.385915733105947, 52.004835258620702 ], [ 4.38865568386664, 52.005493546292087 ], [ 4.38834552312488, 52.009447645459908 ], [ 4.394515941100966, 52.01125565064951 ], [ 4.386244900227005, 52.023308196006077 ], [ 4.373499187455531, 52.03259881250797 ], [ 4.355770832791682, 52.025988431579584 ], [ 4.320635738091329, 52.009322036769831 ], [ 4.323244422649405, 52.004335617065657 ], [ 4.332655693710759, 52.00788284378681 ], [ 4.336370856618931, 52.004753185494948 ], [ 4.338453227137906, 52.005690738368052 ], [ 4.341142501387793, 52.002710365808774 ], [ 4.335834291993356, 52.001055318055556 ], [ 4.337716916160381, 51.998802485705205 ], [ 4.331525001456618, 51.997852176180714 ], [ 4.333109543119188, 51.993171802066001 ], [ 4.325732345045076, 51.991951229757355 ], [ 4.324111928021314, 51.989858608021969 ], [ 4.331855203199594, 51.984489733468237 ], [ 4.332723642160741, 51.980456654541833 ], [ 4.338227324019246, 51.974177720133149 ], [ 4.356625881653489, 51.977296261325044 ], [ 4.3595402326219, 51.970135401724114 ], [ 4.368173839480515, 51.971581763532342 ], [ 4.369175464884958, 51.968870470118951 ], [ 4.386302879087109, 51.972214056025614 ], [ 4.383622481456745, 51.975815871871816 ], [ 4.393809811971934, 51.977503480375745 ], [ 4.402933413265983, 51.966316318336091 ], [ 4.407910877025293, 51.968198609685352 ], [ 4.401152328848098, 51.978346006748652 ], [ 4.397030128722077, 51.978974025909984 ] ] ] } },
{ "type": "Feature", "properties": { "code": "0400", "gemeente": "Den Helder", "provincie": "Noord-Holland" }, "geometry": { "type": "Polygon", "coordinates": [ [ [ 4.77093892067179, 52.878626229206873 ], [ 4.794909201778487, 52.912578277031308 ], [ 4.804531786594891, 52.910487050283592 ], [ 4.808329820521204, 52.914343104939633 ], [ 4.874999978135376, 52.89036240454616 ], [ 4.925837964013309, 52.963126894843114 ], [ 4.876246567599751, 53.021978180585592 ], [ 4.791652829592625, 52.980506598396438 ], [ 4.741033739188395, 52.980243765064046 ], [ 4.646201281495141, 52.941069287234626 ], [ 4.629450657182434, 52.88972194004964 ], [ 4.77093892067179, 52.878626229206873 ] ] ] } },
{ "type": "Feature", "properties": { "code": "0762", "gemeente": "Deurne", "provincie": "Noord-Brabant" }, "geometry": { "type": "Polygon", "coordinates": [ [ [ 5.872262471769364, 51.352894892679281 ], [ 5.931287518044248, 51.384752680049587 ], [ 5.871816677019734, 51.449898663143294 ], [ 5.860723645334852, 51.491966553846105 ], [ 5.852573704895981, 51.504144428265278 ], [ 5.773961133617628, 51.488665291027466 ], [ 5.757635332162778, 51.488068129557838 ], [ 5.735608637778409, 51.484303893924782 ], [ 5.730428549488868, 51.486217582720386 ], [ 5.724827355922297, 51.484113863518729 ], [ 5.721717707883739, 51.485131470795061 ], [ 5.736093609633306, 51.471760117529548 ], [ 5.735015119412203, 51.469186961470221 ], [ 5.723957368524818, 51.470086054565073 ], [ 5.722973425323391, 51.467290916369649 ], [ 5.717215047001988, 51.468238032878965 ], [ 5.7201594705638, 51.457452999349634 ], [ 5.730001519105799, 51.444355697867245 ], [ 5.718179175494972, 51.444533537751092 ], [ 5.718245468925101, 51.438733653278113 ], [ 5.734550551878525, 51.43900977101984 ], [ 5.755698873483079, 51.434267878683187 ], [ 5.762414804159362, 51.430574928147998 ], [ 5.766245061663033, 51.425276424890228 ], [ 5.770941957169293, 51.423632213217317 ], [ 5.776005415161117, 51.41883474744165 ], [ 5.783601703337681, 51.416604998423914 ], [ 5.787882041135657, 51.412647326565889 ], [ 5.831876537224658, 51.39958966459001 ], [ 5.838270974334406, 51.395257299312576 ], [ 5.854103105826331, 51.376429634581548 ], [ 5.856580607389327, 51.353763921635561 ], [ 5.866018878977012, 51.35462045829069 ], [ 5.872262471769364, 51.352894892679281 ] ] ] } },
{ "type": "Feature", "properties": { "code": "0150", "gemeente": "Deventer", "provincie": "Overijssel" }, "geometry": { "type": "Polygon", "coordinates": [ [ [ 6.215074661037518, 52.230493363424728 ], [ 6.216440358587347, 52.231479872124368 ], [ 6.22249497509813, 52.228862508821422 ], [ 6.227925056268163, 52.229767921360697 ], [ 6.238017802034364, 52.227543102019517 ], [ 6.244680026527564, 52.228271381621113 ], [ 6.250429283732912, 52.226906325806993 ], [ 6.257294751418713, 52.227276221216798 ], [ 6.260058201898727, 52.229142191173764 ], [ 6.271290922866559, 52.226413635652534 ], [ 6.271007107560594, 52.227909972257756 ], [ 6.292731850662194, 52.230869414682061 ], [ 6.292973790291519, 52.229500978009142 ], [ 6.29695093471522, 52.229004806498104 ], [ 6.297942289954227, 52.22552983376184 ], [ 6.338708313124895, 52.227152867739605 ], [ 6.33802465819474, 52.236222223708083 ], [ 6.341276412861823, 52.235985578373956 ], [ 6.341193713905879, 52.237612057745579 ], [ 6.349476738880682, 52.238797197305885 ], [ 6.350891835869601, 52.241680085085555 ], [ 6.366851312163234, 52.241532143117354 ], [ 6.381897771747575, 52.246211031664878 ], [ 6.376753880770726, 52.250159426586983 ], [ 6.377317063498607, 52.25432595216914 ], [ 6.374803041723886, 52.25531589832076 ], [ 6.377194266032117, 52.258937960502145 ], [ 6.372897396458733, 52.261000404639695 ], [ 6.370775294065794, 52.260006455354336 ], [ 6.356718043031364, 52.268128240824289 ], [ 6.355376256664287, 52.267265679657889 ], [ 6.352842968838371, 52.268350484143525 ], [ 6.354883859190883, 52.26920124675533 ], [ 6.352020478749922, 52.270889297798199 ], [ 6.350831526000945, 52.269253917747164 ], [ 6.348856792448586, 52.269891836021792 ], [ 6.350066217795139, 52.271760027203079 ], [ 6.328842018755324, 52.281102978809869 ], [ 6.326529856817025, 52.301631542819827 ], [ 6.267238566938452, 52.300804681092053 ], [ 6.235133403873123, 52.314455166388591 ], [ 6.235355002389194, 52.319820196159974 ], [ 6.20648748109491, 52.321121859077962 ], [ 6.199492307935532, 52.315878718400022 ], [ 6.181550917316882, 52.314857206045346 ], [ 6.182176125056493, 52.308910842631647 ], [ 6.170271120028584, 52.308784823989228 ], [ 6.110143400039146, 52.297724097889812 ], [ 6.101320381007906, 52.301224775089842 ], [ 6.105864463180208, 52.292407971387597 ], [ 6.111321617332775, 52.288210825691728 ], [ 6.112627289835676, 52.277927570245787 ], [ 6.121669942611166, 52.271440249336884 ], [ 6.124797223614541, 52.263410309280502 ], [ 6.130069094778357, 52.260691392250742 ], [ 6.125144958195691, 52.256825363071982 ], [ 6.123865476554469, 52.251481110602732 ], [ 6.135412343440423, 52.249614662114872 ], [ 6.143526309329445, 52.246404195634021 ], [ 6.150020315156693, 52.248315935801578 ], [ 6.153747640523206, 52.246790209551236 ], [ 6.153603873368462, 52.244017808667699 ], [ 6.142236674468931, 52.238455867813393 ], [ 6.141941918566511, 52.233439781592544 ], [ 6.147682497389576, 52.227690743110664 ], [ 6.161374929018685, 52.224760403568304 ], [ 6.163932945642071, 52.221924405182079 ], [ 6.163908992348271, 52.217496191386815 ], [ 6.168671380646595, 52.220699152168237 ], [ 6.162499487567229, 52.227889815845884 ], [ 6.167737907173231, 52.226221969203522 ], [ 6.167880611137072, 52.227551599616262 ], [ 6.163028012431273, 52.228522104369354 ], [ 6.16626884020346, 52.231013776272079 ], [ 6.182530942489017, 52.233825031819556 ], [ 6.189135623919964, 52.229166515287581 ], [ 6.201942507147418, 52.229423326462012 ], [ 6.217224276695169, 52.226401483286544 ], [ 6.215074661037518, 52.230493363424728 ] ] ] } },
{ "type": "Feature", "properties": { "code": "0384", "gemeente": "Diemen", "provincie": "Noord-Holland" }, "geometry": { "type": "Polygon", "coordinates": [ [ [ 4.998350781017456, 52.314200892168259 ], [ 5.016133680929632, 52.324512125762602 ], [ 5.01279385478193, 52.330207428179776 ], [ 5.016122378378904, 52.332643410095997 ], [ 5.023738850733299, 52.336542017409997 ], [ 5.039969156852531, 52.341266012005441 ], [ 5.039056501152197, 52.354575576912474 ], [ 5.015899097131542, 52.348322872236132 ], [ 5.009527459953102, 52.342004154221755 ], [ 4.999320654335117, 52.341536328918551 ], [ 4.969594781826068, 52.356101682353859 ], [ 4.965822862332298, 52.354696678825491 ], [ 4.953837037276806, 52.341060658550205 ], [ 4.949701348918837, 52.338727460672104 ], [ 4.946005996354624, 52.333767606536682 ], [ 4.94890082437444, 52.331462912892817 ], [ 4.942693555877656, 52.329334268730172 ], [ 4.944716191649917, 52.327129719327097 ], [ 4.947658677303342, 52.328138282711024 ], [ 4.952675654769896, 52.322644044078658 ], [ 4.967541190422375, 52.327757593533001 ], [ 4.970254483322252, 52.326169307431044 ], [ 4.975307119535427, 52.330561679917693 ], [ 4.983965405798546, 52.330666476154612 ], [ 4.99057343566193, 52.326539719492168 ], [ 4.998350781017456, 52.314200892168259 ] ] ] } },
{ "type": "Feature", "properties": { "code": "1980", "gemeente": "Dijk en Waard", "provincie": "Noord-Holland" }, "geometry": { "type": "Polygon", "coordinates": [ [ [ 4.773669372038507, 52.648354453902755 ], [ 4.800509468323408, 52.660240921613287 ], [ 4.799030347248121, 52.654083587579613 ], [ 4.785278977306906, 52.638114685162918 ], [ 4.791767946112856, 52.638530581769764 ], [ 4.807816215125225, 52.633989684887901 ], [ 4.830224613685147, 52.632677864006475 ], [ 4.83854929862447, 52.646137825704592 ], [ 4.842140963268572, 52.646043538422042 ], [ 4.84747648030348, 52.642033126199841 ], [ 4.860645579862727, 52.639092062544137 ], [ 4.863881992315675, 52.635359506014026 ], [ 4.87570398084966, 52.635147111488664 ], [ 4.876500363824742, 52.640965155557879 ], [ 4.865074782329904, 52.64943637308054 ], [ 4.863178671734254, 52.656468658947588 ], [ 4.874500583082248, 52.676414519024448 ], [ 4.879395508496859, 52.680080479467037 ], [ 4.876248797375789, 52.686292122824298 ], [ 4.888703841545923, 52.690455525086854 ], [ 4.891419418839636, 52.695175772294995 ], [ 4.899860113803142, 52.697586600041504 ], [ 4.899014857270966, 52.706719829582411 ], [ 4.877703353874219, 52.711988242425903 ], [ 4.858092636023298, 52.723345373684424 ], [ 4.847685314071788, 52.720259371522019 ], [ 4.805025850448194, 52.714208788495043 ], [ 4.797602470085442, 52.720847541380472 ], [ 4.786565102043299, 52.721033990930877 ], [ 4.786566024551661, 52.727945715212968 ], [ 4.778812256321064, 52.731346882454112 ], [ 4.772585119984794, 52.719537601751369 ], [ 4.769647022670438, 52.698793492996259 ], [ 4.7528933146395, 52.697312935090316 ], [ 4.728853821683918, 52.69140379024649 ], [ 4.741741608617726, 52.680806871776703 ], [ 4.749748562914824, 52.682405817660161 ], [ 4.779025774209344, 52.67648396371515 ], [ 4.774486666858221, 52.665330198653528 ], [ 4.778042042300751, 52.664317770760242 ], [ 4.7729810673842, 52.653403629758017 ], [ 4.775710977870044, 52.652863382819518 ], [ 4.773669372038507, 52.648354453902755 ] ] ] } },
{ "type": "Feature", "properties": { "code": "1774", "gemeente": "Dinkelland", "provincie": "Overijssel" }, "geometry": { "type": "Polygon", "coordinates": [ [ [ 6.866687894134992, 52.273142821042477 ], [ 6.876494926146984, 52.274724797569554 ], [ 6.881358177803667, 52.279379177423387 ], [ 6.880020300068264, 52.281404054183191 ], [ 6.88320743660336, 52.283170565949341 ], [ 6.8878114890291, 52.283452128413565 ], [ 6.889567056234316, 52.280978007281213 ], [ 6.895364087131536, 52.28384086602879 ], [ 6.912127144316159, 52.285505751513199 ], [ 6.894497511106095, 52.293538130916197 ], [ 6.889480283011359, 52.292466972618286 ], [ 6.87990235677411, 52.293719179185537 ], [ 6.874930725672537, 52.296848669016583 ], [ 6.859817404387378, 52.298632871767389 ], [ 6.861349349397226, 52.306366867013431 ], [ 6.866540345370116, 52.307416105588985 ], [ 6.869340394324398, 52.312119263429359 ], [ 6.877338145546795, 52.31223574755181 ], [ 6.879868627956465, 52.31901438435407 ], [ 6.884299126156498, 52.318407414468552 ], [ 6.886199608402413, 52.322311088126632 ], [ 6.894804364651162, 52.324977144768965 ], [ 6.900646010453604, 52.33346019572307 ], [ 6.911664503616335, 52.330690642496634 ], [ 6.930969362584208, 52.329459614366485 ], [ 6.931905346477768, 52.332755610740499 ], [ 6.953583422089969, 52.333973480000203 ], [ 6.951140818887697, 52.337959569885328 ], [ 6.952843361463177, 52.340350237514542 ], [ 6.96163830065929, 52.347116747736095 ], [ 6.970259189440526, 52.348766518307798 ], [ 6.96266870895885, 52.363386632510156 ], [ 6.970930300070337, 52.379859558025451 ], [ 6.985429451413838, 52.372224267010942 ], [ 7.007829778726977, 52.36382506766374 ], [ 7.072204711040745, 52.372802530097701 ], [ 7.064021428655581, 52.390328299971053 ], [ 7.058517671727148, 52.396191436580203 ], [ 7.058728208940056, 52.399410244509419 ], [ 7.055319652468874, 52.401033595853612 ], [ 7.051655842033857, 52.399924823132167 ], [ 7.036073990444023, 52.402662610004981 ], [ 7.021989739128467, 52.422984155731307 ], [ 7.010782420825302, 52.429136585536483 ], [ 7.005120137553957, 52.445235970408532 ], [ 6.993907087541947, 52.465485410045581 ], [ 6.987623218667869, 52.469766798612625 ], [ 6.977533759249266, 52.465680757771693 ], [ 6.961785389821209, 52.443624399401664 ], [ 6.947300376030027, 52.436621418666675 ], [ 6.949223997470527, 52.43286478007812 ], [ 6.928525350787309, 52.434148363648873 ], [ 6.897115919986168, 52.432815426741982 ], [ 6.853410848731282, 52.427062306330185 ], [ 6.851494893428669, 52.414582211822783 ], [ 6.862338191937264, 52.40781615471797 ], [ 6.863584541007244, 52.36373120397068 ], [ 6.855673742696045, 52.360287727245307 ], [ 6.851789007076578, 52.362168682966768 ], [ 6.835792824242057, 52.362624712730678 ], [ 6.817683340488416, 52.365097503186028 ], [ 6.806833427969143, 52.362217472314157 ], [ 6.783399481849628, 52.360115920128663 ], [ 6.778322388892203, 52.35021211335112 ], [ 6.773978609137989, 52.346563279043743 ], [ 6.760577184558824, 52.341942816875793 ], [ 6.759035355646013, 52.332060603585141 ], [ 6.773841848601712, 52.318910577261789 ], [ 6.785902660154163, 52.318229600524518 ], [ 6.785148996506041, 52.31736996807156 ], [ 6.807815881463857, 52.31309122932069 ], [ 6.809334797119361, 52.310362865149322 ], [ 6.823336198297805, 52.308759523774668 ], [ 6.82569145993647, 52.306400124694825 ], [ 6.819237104421888, 52.301448321317281 ], [ 6.820516716805102, 52.298428049335428 ], [ 6.827901944632909, 52.294862311167108 ], [ 6.846374995480558, 52.291401983685482 ], [ 6.852376398682294, 52.285228341020058 ], [ 6.85030437891238, 52.284131502953869 ], [ 6.852014138451619, 52.282059507279321 ], [ 6.84576073508226, 52.279758973991576 ], [ 6.847570008000453, 52.278583850338222 ], [ 6.840491568061291, 52.276311538857549 ], [ 6.866687894134992, 52.273142821042477 ] ] ] } },
{ "type": "Feature", "properties": { "code": "0221", "gemeente": "Doesburg", "provincie": "Gelderland" }, "geometry": { "type": "Polygon", "coordinates": [ [ [ 6.110597950825531, 51.995590722101568 ], [ 6.115300582285406, 51.996882186812059 ], [ 6.139497980137791, 51.996977024100985 ], [ 6.149830996390486, 52.001868911961907 ], [ 6.159250534616473, 51.999739785780548 ], [ 6.159079321377471, 52.003814443417284 ], [ 6.153947360977865, 52.003523957142733 ], [ 6.159775523547037, 52.006979558823552 ], [ 6.161183573827345, 52.013827992347778 ], [ 6.16474516185935, 52.014401455054703 ], [ 6.16423775963548, 52.016356063404146 ], [ 6.164511888277759, 52.01697008099309 ], [ 6.170755821891134, 52.016745107380366 ], [ 6.177295560159872, 52.020337989587958 ], [ 6.174516295966309, 52.022703429692683 ], [ 6.176818080742402, 52.025289087484147 ], [ 6.173232631169989, 52.02777470080629 ], [ 6.177081711080413, 52.031504255220156 ], [ 6.175057251602221, 52.031701152663743 ], [ 6.175539222111628, 52.039377557341084 ], [ 6.167190537599185, 52.036965750340684 ], [ 6.158956547902916, 52.037388657607849 ], [ 6.155593689564715, 52.041090617350449 ], [ 6.150416128916989, 52.042097064082824 ], [ 6.138715242797468, 52.035537190355853 ], [ 6.129883212744645, 52.03406463041155 ], [ 6.121502328578664, 52.034617328613329 ], [ 6.130031137829568, 52.029944927161246 ], [ 6.132019628115887, 52.022871390329605 ], [ 6.125959766974423, 52.010126554038372 ], [ 6.114767725907496, 52.004566798331943 ], [ 6.110597950825531, 51.995590722101568 ] ] ] } },
{ "type": "Feature", "properties": { "code": "0222", "gemeente": "Doetinchem", "provincie": "Gelderland" }, "geometry": { "type": "Polygon", "coordinates": [ [ [ 6.226163336899538, 51.944638281454658 ], [ 6.272847849848773, 51.943187411718412 ], [ 6.272847664856641, 51.941884862515195 ], [ 6.275208396582341, 51.941795069240477 ], [ 6.279651796401706, 51.943406390820648 ], [ 6.302066369706435, 51.944134052333325 ], [ 6.301395578832877, 51.941613891421703 ], [ 6.3057628065136, 51.938821022970416 ], [ 6.3086041577317, 51.939764001020599 ], [ 6.314607640453824, 51.936502465185171 ], [ 6.320944186678195, 51.935812698791402 ], [ 6.332348238843138, 51.925635148096667 ], [ 6.360938525104479, 51.922958544549303 ], [ 6.381221892000294, 51.933230612242902 ], [ 6.379963246706719, 51.93628149338371 ], [ 6.397583714313241, 51.95388881579543 ], [ 6.403562369624709, 51.957223969587133 ], [ 6.416081868337457, 51.972621921348946 ], [ 6.402496722021363, 51.982167880553199 ], [ 6.397840266070603, 51.979642489115022 ], [ 6.390305928752642, 51.980258534698045 ], [ 6.380878085147424, 51.977738146780574 ], [ 6.388325186075047, 51.976116882966963 ], [ 6.390378037004963, 51.968327886894713 ], [ 6.365674071280084, 51.96937849459772 ], [ 6.370028521886168, 51.976251477506302 ], [ 6.353505872635916, 51.97467508555129 ], [ 6.327618119110398, 51.975727107151528 ], [ 6.335657881093943, 51.985646468331936 ], [ 6.3264549814937, 51.991888903939319 ], [ 6.319133282231499, 51.994260715025696 ], [ 6.306138577655211, 51.993031706837137 ], [ 6.295640011794575, 51.98845469618437 ], [ 6.291897649541465, 51.993345956976569 ], [ 6.278944780955968, 51.984912563412131 ], [ 6.274650934012159, 51.985288495766952 ], [ 6.270475486411549, 51.983423450915048 ], [ 6.259362339328868, 51.987462455881605 ], [ 6.250720789378778, 51.987329391979898 ], [ 6.247948752261421, 51.984086001228107 ], [ 6.257298934025547, 51.982528461512175 ], [ 6.249698653387035, 51.975948255183233 ], [ 6.243077078192314, 51.97767382680621 ], [ 6.243583793761604, 51.980707506370997 ], [ 6.235182223624667, 51.982291537491619 ], [ 6.235770444957356, 51.985083467658306 ], [ 6.232313149754257, 51.988593083511731 ], [ 6.232579839049004, 51.986507441417423 ], [ 6.228086626282249, 51.987795022925681 ], [ 6.222417318892095, 51.984147833462551 ], [ 6.231729639034237, 51.981076960584382 ], [ 6.229799763394716, 51.976206857412343 ], [ 6.224512323494477, 51.978403952652997 ], [ 6.21520377424985, 51.979454548962885 ], [ 6.211602526084024, 51.978396562782571 ], [ 6.205134265470523, 51.980247576388827 ], [ 6.190986533567462, 51.97905616960923 ], [ 6.17180756920478, 51.980825475171521 ], [ 6.160582668088587, 51.979512742271311 ], [ 6.160483489421781, 51.981036752341609 ], [ 6.14468833659651, 51.980500157235667 ], [ 6.150879683224744, 51.966350328462973 ], [ 6.158039557779605, 51.958748929715632 ], [ 6.163142656947026, 51.955323274913361 ], [ 6.172243400097901, 51.953274789070655 ], [ 6.178414933587659, 51.948739383197882 ], [ 6.184507335663432, 51.947761076191092 ], [ 6.188561646557298, 51.945578526161235 ], [ 6.188463558949598, 51.943314957480503 ], [ 6.204623053978794, 51.936691917008233 ], [ 6.202885790182824, 51.941873971860929 ], [ 6.20879027947349, 51.943244753182832 ], [ 6.216383198932063, 51.944122422271278 ], [ 6.219041316456043, 51.943141578641189 ], [ 6.220752988750248, 51.944575579544022 ], [ 6.226163336899538, 51.944638281454658 ] ] ] } },
{ "type": "Feature", "properties": { "code": "0766", "gemeente": "Dongen", "provincie": "Noord-Brabant" }, "geometry": { "type": "Polygon", "coordinates": [ [ [ 5.004215292058076, 51.607093058377551 ], [ 4.987266911419383, 51.654608934889367 ], [ 4.957896726185247, 51.651531888157194 ], [ 4.956792528357729, 51.663488276227561 ], [ 4.953732004550645, 51.670769151887804 ], [ 4.947894042617301, 51.676716058607539 ], [ 4.943575773574649, 51.67891800272244 ], [ 4.925073923975853, 51.674980302564478 ], [ 4.926775587518859, 51.669087422951677 ], [ 4.930942921158773, 51.667101640497854 ], [ 4.934410304493308, 51.657253672943355 ], [ 4.932428632091288, 51.655697312516885 ], [ 4.93278190862559, 51.650645240219667 ], [ 4.912862342736134, 51.63368315007245 ], [ 4.910035010154451, 51.629513648714358 ], [ 4.911822505219511, 51.62636495275882 ], [ 4.904279212357104, 51.624332576315112 ], [ 4.915554434860572, 51.622432862427665 ], [ 4.909899590299423, 51.618327111958408 ], [ 4.911346468106498, 51.615693000148077 ], [ 4.918080592292265, 51.616294533076768 ], [ 4.940311951537411, 51.610198445426199 ], [ 4.948941396926622, 51.611449950400853 ], [ 4.953189939564363, 51.614723109075356 ], [ 4.964713414895274, 51.613133867234282 ], [ 4.983513711088364, 51.607364136184032 ], [ 5.004215292058076, 51.607093058377551 ] ] ] } },
{ "type": "Feature", "properties": { "code": "0505", "gemeente": "Dordrecht", "provincie": "Zuid-Holland" }, "geometry": { "type": "Polygon", "coordinates": [ [ [ 4.620403883052281, 51.714123555565443 ], [ 4.675222592676135, 51.724209394136409 ], [ 4.681597590088832, 51.72841873177137 ], [ 4.693262895327309, 51.732281629892626 ], [ 4.71728133636896, 51.743819058393939 ], [ 4.740770000883717, 51.758818210875546 ], [ 4.755239672232467, 51.781611409311125 ], [ 4.773539018867302, 51.793324339574568 ], [ 4.797194139286982, 51.799769968433381 ], [ 4.806875682439158, 51.800336290275574 ], [ 4.836108442103979, 51.797839100485504 ], [ 4.854413463893493, 51.800683132168594 ], [ 4.884642513461593, 51.816471401679358 ], [ 4.883322904083546, 51.818627401380603 ], [ 4.871245931722873, 51.81758562246003 ], [ 4.820114957250601, 51.819057875529488 ], [ 4.7868036100419, 51.81531367797804 ], [ 4.773189581676513, 51.815285929374873 ], [ 4.765035400249803, 51.816350092817402 ], [ 4.748724127014033, 51.822089937845305 ], [ 4.709097301672489, 51.823358281515709 ], [ 4.682302122119951, 51.820572719040399 ], [ 4.67042918225513, 51.820821453833055 ], [ 4.661898520984376, 51.818511630251585 ], [ 4.639937438908412, 51.804688501148171 ], [ 4.630159036073761, 51.801688071646744 ], [ 4.62122157652138, 51.800803685593188 ], [ 4.627497349678381, 51.782163544231324 ], [ 4.626342655644139, 51.763617365231539 ], [ 4.631633309753212, 51.745558425866051 ], [ 4.620403883052281, 51.714123555565443 ] ] ] } },
{ "type": "Feature", "properties": { "code": "0498", "gemeente": "Drechterland", "provincie": "Noord-Holland" }, "geometry": { "type": "Polygon", "coordinates": [ [ [ 5.106279724766046, 52.635827286147517 ], [ 5.094862394318385, 52.632303738928783 ], [ 5.125219719706316, 52.615173877341306 ], [ 5.135305664114518, 52.603937187329699 ], [ 5.257186598208046, 52.644470706221199 ], [ 5.262266016682656, 52.676829320802383 ], [ 5.246002265768221, 52.686602786576728 ], [ 5.208367834357023, 52.683726686788816 ], [ 5.204595136416017, 52.677613676526008 ], [ 5.187023106936462, 52.707451804412962 ], [ 5.159879569427184, 52.700949010663287 ], [ 5.125448110856433, 52.691163918281447 ], [ 5.091752305652417, 52.678923727353336 ], [ 5.098818274311931, 52.671261864618899 ], [ 5.096266103815929, 52.669722864076071 ], [ 5.106554065106262, 52.663149888063266 ], [ 5.11062068615428, 52.65675288940249 ], [ 5.119414042570443, 52.651163232345915 ], [ 5.101929353442059, 52.647180752040278 ], [ 5.106279724766046, 52.635827286147517 ] ] ] } },
{ "type": "Feature", "properties": { "code": "1719", "gemeente": "Drimmelen", "provincie": "Noord-Brabant" }, "geometry": { "type": "Polygon", "coordinates": [ [ [ 4.759522049806962, 51.636825869904492 ], [ 4.764230316928725, 51.633543239958804 ], [ 4.765686182985164, 51.629140424849865 ], [ 4.768168216525871, 51.628866398244234 ], [ 4.796632613141656, 51.640907546832125 ], [ 4.794305107496902, 51.64174057810223 ], [ 4.781071322458377, 51.663902123399616 ], [ 4.795909842273241, 51.669324423866648 ], [ 4.842367932538652, 51.679654050637609 ], [ 4.830877388400258, 51.693372935772217 ], [ 4.823610412282076, 51.711288156416565 ], [ 4.836904720536256, 51.712611867495916 ], [ 4.846937676100384, 51.725524107954151 ], [ 4.846932049306382, 51.735895590947315 ], [ 4.850230730706977, 51.738573455177651 ], [ 4.849411440217222, 51.74482723142259 ], [ 4.853047539341444, 51.750168641822292 ], [ 4.851328483835957, 51.756178217467415 ], [ 4.841881360335388, 51.756686636250542 ], [ 4.828089466604695, 51.753784087772289 ], [ 4.802501612709278, 51.757586361846997 ], [ 4.785404000677827, 51.755932806768925 ], [ 4.782449208038776, 51.766568307452395 ], [ 4.780787765703391, 51.766447972365071 ], [ 4.780230045029431, 51.763966560047308 ], [ 4.772109349646062, 51.759329646087089 ], [ 4.764199376566292, 51.759857408583358 ], [ 4.750726956914833, 51.7522892255272 ], [ 4.747363735829407, 51.746622488846732 ], [ 4.7374507563791, 51.741300406287252 ], [ 4.733650891911311, 51.736507371902732 ], [ 4.721842545735543, 51.734271926939563 ], [ 4.698553146370825, 51.721992053730297 ], [ 4.677286225315931, 51.720110256893982 ], [ 4.676304224453329, 51.724923654316157 ], [ 4.64513658586774, 51.719067328776241 ], [ 4.65086538375868, 51.710111999501834 ], [ 4.656511382781514, 51.707297684263153 ], [ 4.659525569063017, 51.696755573997223 ], [ 4.666889464371969, 51.686447386686318 ], [ 4.673227622879844, 51.688986868596238 ], [ 4.67919055997752, 51.686435920486346 ], [ 4.681301046294692, 51.688032097227328 ], [ 4.692818257712164, 51.68167985230432 ], [ 4.697313555934563, 51.6877175195783 ], [ 4.70453403149681, 51.680506516527515 ], [ 4.702030566713242, 51.679893810633232 ], [ 4.704605664398856, 51.676321570839271 ], [ 4.706625194643018, 51.676753190674809 ], [ 4.709879090210649, 51.673271736518615 ], [ 4.684902977827332, 51.66636649615878 ], [ 4.6967838563716, 51.654592786144818 ], [ 4.689170620539876, 51.652418207318902 ], [ 4.692561833222848, 51.647551837206962 ], [ 4.696863738666337, 51.647133824127181 ], [ 4.695325499353509, 51.643587958979488 ], [ 4.699059658383767, 51.638073195913293 ], [ 4.735106472424365, 51.643177475776817 ], [ 4.759522049806962, 51.636825869904492 ] ] ] } },
{ "type": "Feature", "properties": { "code": "0303", "gemeente": "Dronten", "provincie": "Flevoland" }, "geometry": { "type": "Polygon", "coordinates": [ [ [ 5.62073737163037, 52.364129601243476 ], [ 5.64486725266342, 52.370864206818908 ], [ 5.65255449457309, 52.365427771582127 ], [ 5.677658643793204, 52.378721150173625 ], [ 5.698762429007304, 52.382003659293616 ], [ 5.706751990434912, 52.386635054362145 ], [ 5.715583671934649, 52.388037028271086 ], [ 5.733471908025241, 52.397160398447639 ], [ 5.729446848758807, 52.400973224817449 ], [ 5.733396955350867, 52.402533305877128 ], [ 5.739427815163846, 52.398421039219805 ], [ 5.810010821463709, 52.435727518139281 ], [ 5.811474873103555, 52.43692283994978 ], [ 5.809586334065089, 52.437658569882778 ], [ 5.822411081448184, 52.449706229720533 ], [ 5.815607994211246, 52.455215033209811 ], [ 5.831385184672287, 52.473401576837034 ], [ 5.840256037914218, 52.471058210850771 ], [ 5.841472397363962, 52.472274686186367 ], [ 5.845591187044871, 52.478201808038015 ], [ 5.851009376862531, 52.49538985723283 ], [ 5.856697978528191, 52.499805652667455 ], [ 5.862875012802702, 52.513525617826119 ], [ 5.864502278827785, 52.518653056096433 ], [ 5.862055131357784, 52.521583069774579 ], [ 5.857600675212357, 52.545650360408253 ], [ 5.855076151778886, 52.550824187564153 ], [ 5.812861020401987, 52.578812694727482 ], [ 5.804661913377761, 52.580717900824325 ], [ 5.77792997645568, 52.580851896679604 ], [ 5.777967679420848, 52.607534462011969 ], [ 5.723791256244478, 52.607695958286392 ], [ 5.72381874973372, 52.611290744843785 ], [ 5.657472452479338, 52.612185348275951 ], [ 5.649824748836098, 52.615762846856171 ], [ 5.627674370923066, 52.636845580997623 ], [ 5.622420944263117, 52.63478080540839 ], [ 5.607230550901089, 52.649246525378224 ], [ 5.592265253409417, 52.649290976031502 ], [ 5.511294156088934, 52.663556110101048 ], [ 5.564508173718026, 52.615009776518228 ], [ 5.587410495478856, 52.563459773494671 ], [ 5.591305156193588, 52.513905170087241 ], [ 5.588055885112057, 52.51377267492105 ], [ 5.591292728353428, 52.500036122676995 ], [ 5.605870565470136, 52.484519592951649 ], [ 5.565419778080635, 52.470280767119164 ], [ 5.586388620358825, 52.447710596531778 ], [ 5.573803178830643, 52.438794102566057 ], [ 5.566636851007224, 52.435863000805497 ], [ 5.587998201030101, 52.41476624684212 ], [ 5.589069978892903, 52.411186593736844 ], [ 5.623021182932445, 52.408871720997652 ], [ 5.617187653596552, 52.384782626946176 ], [ 5.611827659439848, 52.374448409130437 ], [ 5.62073737163037, 52.364129601243476 ] ] ] } },
{ "type": "Feature", "properties": { "code": "0225", "gemeente": "Druten", "provincie": "Gelderland" }, "geometry": { "type": "Polygon", "coordinates": [ [ [ 5.609823428652555, 51.836288162967314 ], [ 5.643200209232831, 51.844988283812206 ], [ 5.635931299254291, 51.847457530764089 ], [ 5.637861398420021, 51.848770668478934 ], [ 5.634701497336556, 51.851088808013508 ], [ 5.640120034510018, 51.85603258287496 ], [ 5.636177355523617, 51.867361650798586 ], [ 5.667852645276285, 51.865926632694624 ], [ 5.677855742438674, 51.878821914505295 ], [ 5.685013783324812, 51.895648483718183 ], [ 5.662676550279778, 51.89594357946892 ], [ 5.628106627012816, 51.899404887917292 ], [ 5.595991037875677, 51.899271807526112 ], [ 5.567059294963071, 51.90180356138201 ], [ 5.548140016234607, 51.899799798863619 ], [ 5.531362562398078, 51.894753370636302 ], [ 5.530982973285407, 51.891393517557368 ], [ 5.539377517026007, 51.891875301385909 ], [ 5.545124465340884, 51.887967118320788 ], [ 5.576992866400099, 51.892436621131246 ], [ 5.571459826893951, 51.883911884128842 ], [ 5.569584620957833, 51.884924083984579 ], [ 5.566437474594162, 51.883948343998277 ], [ 5.569378185974231, 51.879726156839098 ], [ 5.568435464315467, 51.876545473041496 ], [ 5.56025585725185, 51.875047873880945 ], [ 5.559601266723909, 51.870507208526199 ], [ 5.553782343853512, 51.870373761156124 ], [ 5.553037973654757, 51.862536399405762 ], [ 5.577273266065351, 51.864584903709833 ], [ 5.578710753320125, 51.859204968194362 ], [ 5.585039372977448, 51.857129555899249 ], [ 5.581036894516513, 51.851146994854979 ], [ 5.585013289690332, 51.839106587358053 ], [ 5.59826940047701, 51.839544215182109 ], [ 5.598493643095111, 51.837851202395385 ], [ 5.609823428652555, 51.836288162967314 ] ] ] } },
{ "type": "Feature", "properties": { "code": "0226", "gemeente": "Duiven", "provincie": "Gelderland" }, "geometry": { "type": "Polygon", "coordinates": [ [ [ 5.992943975086871, 51.912337907488968 ], [ 6.015417286843392, 51.916954863562864 ], [ 6.026892279560227, 51.916529342175849 ], [ 6.034906191015068, 51.913841070528306 ], [ 6.037456559996865, 51.913962169152896 ], [ 6.03884291721753, 51.916340199131014 ], [ 6.043061866106759, 51.916815162558883 ], [ 6.046995237602364, 51.925327689837026 ], [ 6.046275858663392, 51.926905954898785 ], [ 6.042357662836591, 51.927771787081156 ], [ 6.04850555517316, 51.931613862996478 ], [ 6.051560651614177, 51.930972523592651 ], [ 6.053026974056827, 51.940328454932796 ], [ 6.054805364355857, 51.93993584352495 ], [ 6.063447030210321, 51.949286494228772 ], [ 6.052665234337198, 51.952697788758869 ], [ 6.05846149041, 51.958309387824251 ], [ 6.060838846098485, 51.974483244235891 ], [ 6.067371401788641, 51.97498177529836 ], [ 6.068725173812154, 51.980448228775217 ], [ 6.062393151369173, 51.980567041867786 ], [ 6.06077226387607, 51.981859319810269 ], [ 6.045811981201035, 51.980369484175881 ], [ 6.034080638575475, 51.971326003111955 ], [ 6.026889252934891, 51.970893093111002 ], [ 6.021818176740096, 51.978202648130576 ], [ 6.007931516736329, 51.979065337735655 ], [ 5.994296892907608, 51.973373316219494 ], [ 5.984000175121596, 51.972399542277415 ], [ 5.986636358986391, 51.968500088179695 ], [ 5.985264287976285, 51.963959544718207 ], [ 5.987766710612129, 51.963063255036076 ], [ 5.984943692598769, 51.9537018537577 ], [ 5.984836207198017, 51.951682342477639 ], [ 5.98757648289358, 51.950441099005779 ], [ 5.984488100020792, 51.946806812471237 ], [ 5.985989376769136, 51.945231861440163 ], [ 5.984363845084774, 51.943020887672738 ], [ 5.965775468988599, 51.938767618259398 ], [ 5.972887447221852, 51.92918658173442 ], [ 5.968612962535725, 51.928212447374321 ], [ 5.978644725779085, 51.921681484379782 ], [ 5.987062572607188, 51.913313835387392 ], [ 5.988921023596921, 51.913965244532982 ], [ 5.992943975086871, 51.912337907488968 ] ] ] } },
{ "type": "Feature", "properties": { "code": "1711", "gemeente": "Echt-Susteren", "provincie": "Limburg" }, "geometry": { "type": "Polygon", "coordinates": [ [ [ 5.8571904879072, 51.028536102889539 ], [ 5.877000419017265, 51.032041793993812 ], [ 5.87802812636294, 51.037583491718117 ], [ 5.86728516387182, 51.046279875017902 ], [ 5.866736904546161, 51.051570418835212 ], [ 5.892000346864446, 51.053127827859754 ], [ 5.913207694147291, 51.066883022639992 ], [ 5.918731640125374, 51.063952839266882 ], [ 5.926316549668165, 51.048230957206542 ], [ 5.934607253543562, 51.041229525447996 ], [ 5.938129406229825, 51.035117241207537 ], [ 5.94980121769288, 51.036967201742158 ], [ 5.957778218715464, 51.034726091400763 ], [ 5.95946730482657, 51.038238659143033 ], [ 5.957830011104994, 51.040981088387163 ], [ 5.966900198544295, 51.044137065324698 ], [ 5.969197714749325, 51.046772182041785 ], [ 5.968228057960821, 51.051070815237317 ], [ 5.970311289426438, 51.054185468749921 ], [ 5.968113422032156, 51.055562197784745 ], [ 5.970779728302774, 51.058017545040798 ], [ 5.969978306042795, 51.060703889715576 ], [ 5.981729622297837, 51.069477902823508 ], [ 5.980293917836085, 51.072317119666913 ], [ 5.988451698074827, 51.074613892609598 ], [ 5.996186028242223, 51.083156567180559 ], [ 6.009523598934622, 51.0908441987592 ], [ 6.014085768789156, 51.09145911553945 ], [ 6.017574834420977, 51.094572613776599 ], [ 6.020675524970402, 51.092838301055245 ], [ 6.03646308676855, 51.096531426201288 ], [ 6.030469136442654, 51.101741351336941 ], [ 6.028213814880358, 51.107155733728909 ], [ 6.023974647600214, 51.106635713516916 ], [ 6.021983157844629, 51.113371320125459 ], [ 6.012823322365967, 51.116802115918617 ], [ 6.013948249687994, 51.117925543151657 ], [ 6.00076567349269, 51.114136139151256 ], [ 5.997703618302599, 51.118836591565795 ], [ 5.98480671689629, 51.120655084646408 ], [ 5.978488484502835, 51.115842873625759 ], [ 5.976080776629023, 51.117091361961585 ], [ 5.972126291943974, 51.114694410190957 ], [ 5.965329012813038, 51.118442186441925 ], [ 5.954235227361776, 51.113199499567521 ], [ 5.953350300388677, 51.114525342853902 ], [ 5.948088822240486, 51.112581398720032 ], [ 5.940426104978158, 51.112693023077554 ], [ 5.94050029679012, 51.114328750829841 ], [ 5.926754754750148, 51.113774033180256 ], [ 5.919405263006237, 51.120239448037928 ], [ 5.914372392498631, 51.12829653145041 ], [ 5.916386537616001, 51.130451860095746 ], [ 5.913874475160436, 51.133235188209603 ], [ 5.911562953381266, 51.131793021245677 ], [ 5.908094463810919, 51.134835708469893 ], [ 5.903469359629185, 51.132947550586231 ], [ 5.89777557594647, 51.135954570348083 ], [ 5.890630903793264, 51.134402886266138 ], [ 5.886615887262646, 51.135009642089258 ], [ 5.882837531171732, 51.133375810231598 ], [ 5.881568227847254, 51.134831046775368 ], [ 5.872281558142611, 51.13510866454552 ], [ 5.851310366368565, 51.109112681817088 ], [ 5.849024936412948, 51.109922901010648 ], [ 5.84467980597237, 51.10526284178345 ], [ 5.83710029864728, 51.102918715137001 ], [ 5.828986912852625, 51.094421599070557 ], [ 5.82265939558067, 51.092324313306271 ], [ 5.81262279821019, 51.095930037423521 ], [ 5.806781528690004, 51.09617863983491 ], [ 5.798754015479139, 51.093516482113564 ], [ 5.795107065979291, 51.089622703252346 ], [ 5.804865461758559, 51.079633499658939 ], [ 5.804191206210371, 51.076925415401739 ], [ 5.799248137766209, 51.075006875826759 ], [ 5.796620078137609, 51.071824408933161 ], [ 5.801058494030691, 51.06401960084353 ], [ 5.79933879881406, 51.060071809731049 ], [ 5.803233366681976, 51.057594737869607 ], [ 5.806934309029343, 51.057572050596448 ], [ 5.819623100740039, 51.072609865261008 ], [ 5.823960468393707, 51.072510554036093 ], [ 5.82725165439481, 51.047523755125184 ], [ 5.835275414758295, 51.048929555912785 ], [ 5.841284894591571, 51.045716359546049 ], [ 5.848526130070987, 51.046328122082883 ], [ 5.852742776254767, 51.038124330120368 ], [ 5.849116939774709, 51.036537747881574 ], [ 5.850800488969998, 51.032788922493836 ], [ 5.852614136176227, 51.029318098131895 ], [ 5.8571904879072, 51.028536102889539 ] ] ] } },
{ "type": "Feature", "properties": { "code": "0385", "gemeente": "Edam-Volendam", "provincie": "Noord-Holland" }, "geometry": { "type": "Polygon", "coordinates": [ [ [ 5.05946322090143, 52.485612632798805 ], [ 5.112987773264485, 52.497886066288224 ], [ 5.100721613729942, 52.50804059867037 ], [ 5.060428139316071, 52.578936135010906 ], [ 5.027030923602924, 52.61260604833555 ], [ 5.01885305114984, 52.612437510079417 ], [ 5.006573995335281, 52.61050612005026 ], [ 5.007949381284158, 52.607799074842688 ], [ 5.00488121399061, 52.597573051741428 ], [ 4.94938950078215, 52.594824736526931 ], [ 4.955168349896736, 52.579979758127976 ], [ 4.979921980660818, 52.586989530946276 ], [ 4.991894514160738, 52.582234364565664 ], [ 4.9971651227351, 52.575157688730428 ], [ 4.976519961537788, 52.561171596590327 ], [ 4.976455563565084, 52.546618732931826 ], [ 4.961952001850857, 52.536348142207544 ], [ 4.956998750816717, 52.529110360652517 ], [ 4.9674226779234, 52.527325723750636 ], [ 4.992270068959936, 52.519733477609535 ], [ 5.001030815052461, 52.526888904054012 ], [ 5.008968083054327, 52.527706091598802 ], [ 5.024700058613367, 52.522402730424943 ], [ 4.997964433638086, 52.494732770428982 ], [ 5.024633812539293, 52.484568405744078 ], [ 5.031903758867742, 52.48867173333889 ], [ 5.038611551462791, 52.488316685453903 ], [ 5.059094937018019, 52.490955671061847 ], [ 5.05946322090143, 52.485612632798805 ] ] ] } },
{ "type": "Feature", "properties": { "code": "0228", "gemeente": "Ede", "provincie": "Gelderland" }, "geometry": { "type": "Polygon", "coordinates": [ [ [ 5.63722086283444, 51.991917293959887 ], [ 5.653934855520379, 51.995173681198921 ], [ 5.655417119329202, 51.993306696461623 ], [ 5.663200670458131, 51.995028288440587 ], [ 5.664337833814509, 51.993593460850782 ], [ 5.669601397682134, 51.99466844778852 ], [ 5.675368019038423, 51.990951460432086 ], [ 5.689442198997056, 51.995082847444223 ], [ 5.724239148573756, 52.000703654543962 ], [ 5.732776309804398, 52.000740036838998 ], [ 5.735917085916014, 52.002441162051099 ], [ 5.734137018080951, 52.006418569558356 ], [ 5.738813731296925, 52.008141969663335 ], [ 5.738181810452054, 52.012287483744771 ], [ 5.74513738213472, 52.019768655938357 ], [ 5.783842865716024, 52.021977862269921 ], [ 5.798138072648332, 52.02201542486231 ], [ 5.803630855816106, 52.020681936498626 ], [ 5.802432778882928, 52.022357854099695 ], [ 5.813373615867485, 52.024070586737984 ], [ 5.837918049381818, 52.046631844153275 ], [ 5.850045245868183, 52.051601725821506 ], [ 5.859667891359694, 52.052017432144609 ], [ 5.882063164072219, 52.049410788675047 ], [ 5.899401353229364, 52.049958183908466 ], [ 5.898124392214085, 52.063361997104536 ], [ 5.90974336279607, 52.062096097268764 ], [ 5.946067715266217, 52.077730988486714 ], [ 5.951465744844805, 52.099900992864711 ], [ 5.911720978544742, 52.100232796209383 ], [ 5.900104018281078, 52.103784696002293 ], [ 5.883449228552116, 52.106342158861594 ], [ 5.864749298712394, 52.125555224971791 ], [ 5.859545360224587, 52.148749444484949 ], [ 5.845761283879935, 52.151609500530192 ], [ 5.774690564593818, 52.15222847444835 ], [ 5.762105091004779, 52.147597992394893 ], [ 5.743295211997635, 52.14870041861905 ], [ 5.72034928199364, 52.146259903557329 ], [ 5.721938868536577, 52.138594961520418 ], [ 5.7172793785599, 52.136449215492924 ], [ 5.701825388995418, 52.135376930919598 ], [ 5.688820904334794, 52.137027188434338 ], [ 5.683932067157305, 52.132144556397982 ], [ 5.680420320026529, 52.131612878802059 ], [ 5.669017704193056, 52.13468609568838 ], [ 5.661091101145705, 52.131944863881351 ], [ 5.656954408466721, 52.132580069556397 ], [ 5.646724931319784, 52.130259284549098 ], [ 5.638242860506129, 52.130765348938169 ], [ 5.623011367917744, 52.127584826651578 ], [ 5.615880768038035, 52.127748262210247 ], [ 5.607078747290244, 52.124904927557694 ], [ 5.591385666782711, 52.124434947979758 ], [ 5.578851686171294, 52.120676614940308 ], [ 5.569172287461355, 52.122190903111338 ], [ 5.568619573919835, 52.118209397659626 ], [ 5.565299061385124, 52.122010286097286 ], [ 5.561894515497343, 52.121682217525994 ], [ 5.553942231528969, 52.113477542477845 ], [ 5.54674477970957, 52.111370019724447 ], [ 5.554235793680751, 52.10015122354497 ], [ 5.550462510726466, 52.096640830902366 ], [ 5.554429272164706, 52.095391921977821 ], [ 5.554905152628661, 52.08655033061806 ], [ 5.557111819392499, 52.086850710593851 ], [ 5.556687261324133, 52.085482766627379 ], [ 5.560777798995042, 52.084394078783646 ], [ 5.562619142742195, 52.079185773769176 ], [ 5.559211908402087, 52.071042691382701 ], [ 5.560729349969013, 52.067501500410785 ], [ 5.557903287708826, 52.048865123326472 ], [ 5.570852943021539, 52.047996992618494 ], [ 5.567385765862333, 52.040605679814682 ], [ 5.590030136095362, 52.034387067105662 ], [ 5.589588680058192, 52.031176593616841 ], [ 5.586711625352328, 52.031290426497243 ], [ 5.586502548132501, 52.029171046886908 ], [ 5.587199613135949, 52.02044993060322 ], [ 5.590242102509147, 52.02026674337835 ], [ 5.589621611770282, 52.015594820249063 ], [ 5.586922247778988, 52.015713180403772 ], [ 5.586014628076114, 52.011776279998628 ], [ 5.591112702304017, 52.007301477423937 ], [ 5.592247631693774, 52.001187172160279 ], [ 5.605065265167268, 51.994059819376972 ], [ 5.606832089915391, 51.997422417932718 ], [ 5.614491942967208, 51.999649602911127 ], [ 5.619307292329156, 51.992738420444248 ], [ 5.624945549593531, 51.995141562594064 ], [ 5.627432938333048, 51.992987538425211 ], [ 5.633217526347194, 51.995275736813511 ], [ 5.63722086283444, 51.991917293959887 ] ] ] } },
{ "type": "Feature", "properties": { "code": "0317", "gemeente": "Eemnes", "provincie": "Utrecht" }, "geometry": { "type": "Polygon", "coordinates": [ [ [ 5.287812199868392, 52.222892413533025 ], [ 5.300969553213095, 52.22352429845099 ], [ 5.306875126943183, 52.219273402101493 ], [ 5.314671876092766, 52.22386350536874 ], [ 5.313128566881527, 52.225649022736008 ], [ 5.311206984190233, 52.224567477399226 ], [ 5.311593699987699, 52.226507826895173 ], [ 5.306637636201335, 52.230121514388074 ], [ 5.313318390225701, 52.234155386948366 ], [ 5.310554195453342, 52.246029249191011 ], [ 5.314128994368219, 52.251954169777797 ], [ 5.324337172196773, 52.253008182892124 ], [ 5.328679982269579, 52.255455593998711 ], [ 5.322099384528465, 52.262945537287649 ], [ 5.327454758662487, 52.266935380490992 ], [ 5.339563589263311, 52.287731727145598 ], [ 5.335461441237426, 52.290218418348957 ], [ 5.305834429773814, 52.277328573085626 ], [ 5.265977691965846, 52.28192617172985 ], [ 5.222901248366518, 52.225260954561662 ], [ 5.287812199868392, 52.222892413533025 ] ] ] } },
{ "type": "Feature", "properties": { "code": "1979", "gemeente": "Eemsdelta", "provincie": "Groningen" }, "geometry": { "type": "Polygon", "coordinates": [ [ [ 6.928643497564229, 53.237117248831623 ], [ 6.937603454992892, 53.244249274993678 ], [ 6.942506435558677, 53.242043358121286 ], [ 6.944990371224461, 53.243614779050162 ], [ 6.945919848215389, 53.248704512903956 ], [ 6.952230807528905, 53.25649864652609 ], [ 6.997011607328043, 53.267128945789928 ], [ 7.013228525172227, 53.266840435361139 ], [ 7.012605309760973, 53.260638254045425 ], [ 7.021847253582059, 53.253236849034593 ], [ 7.031597995569091, 53.256131948248395 ], [ 7.034969033053811, 53.259162701141996 ], [ 7.038718799766094, 53.25862989445816 ], [ 7.040306918439973, 53.259836637359484 ], [ 7.057420827983355, 53.24734027381735 ], [ 7.059440883945485, 53.248227942264904 ], [ 7.067521568541051, 53.242378334137001 ], [ 7.079430777245755, 53.24817721339133 ], [ 7.076632568779353, 53.249699443669208 ], [ 7.084371067742552, 53.254627705623776 ], [ 7.113461227512297, 53.262879700137574 ], [ 7.134860484299501, 53.279692203019216 ], [ 7.134268109619423, 53.287821851455327 ], [ 7.100442383323919, 53.309976960021402 ], [ 7.101248935210565, 53.33025827888428 ], [ 7.061736825397381, 53.324040756342612 ], [ 7.019243181978395, 53.324318448394507 ], [ 7.005912010440976, 53.326540439542043 ], [ 6.995357954540744, 53.33181760820554 ], [ 6.993413784778201, 53.336261499461358 ], [ 6.993691561418975, 53.348760063019384 ], [ 6.952031089616674, 53.394032476781973 ], [ 6.932034012323493, 53.438471660446574 ], [ 6.924257485672288, 53.44930376493177 ], [ 6.911785999280554, 53.459428271048189 ], [ 6.890935791620978, 53.407826016205043 ], [ 6.872859385992554, 53.40795558042656 ], [ 6.857002018310824, 53.414233884029123 ], [ 6.843717952600415, 53.42241957708201 ], [ 6.792455067637383, 53.403595944599964 ], [ 6.787979699754365, 53.407926940253539 ], [ 6.784239884138525, 53.407339440759564 ], [ 6.782486097062097, 53.410451818280869 ], [ 6.778614206739159, 53.410788388839421 ], [ 6.7704283982668, 53.403633831477727 ], [ 6.748688049993631, 53.395233732313436 ], [ 6.729683977046598, 53.381096261691155 ], [ 6.697033382790533, 53.362902947340075 ], [ 6.684384594423411, 53.366966693952534 ], [ 6.681029850878888, 53.365820881110054 ], [ 6.676342957058994, 53.367059616447037 ], [ 6.670677997479679, 53.364963261724036 ], [ 6.664214467800794, 53.366995337684671 ], [ 6.651912451062771, 53.364526754630717 ], [ 6.64738067548774, 53.364578784635917 ], [ 6.644445965782221, 53.366352638230282 ], [ 6.641950932454535, 53.363545548154377 ], [ 6.635613220866671, 53.362826051083943 ], [ 6.636861375101653, 53.360501137921354 ], [ 6.634613619609625, 53.3627173119134 ], [ 6.625808403389045, 53.360985974566859 ], [ 6.627854892520131, 53.352952208566954 ], [ 6.62589220451353, 53.350708138406276 ], [ 6.617481405117301, 53.348796939878561 ], [ 6.603133511263497, 53.349921905817581 ], [ 6.595831012547226, 53.347141286762621 ], [ 6.601448580773718, 53.340423557548739 ], [ 6.604694448522372, 53.34080458748501 ], [ 6.605365771355577, 53.337515701791439 ], [ 6.592621786807819, 53.33571581919233 ], [ 6.597887178926007, 53.335660943055963 ], [ 6.601710586273756, 53.329398868638407 ], [ 6.610193550135042, 53.330114633883888 ], [ 6.619862343142647, 53.314428158039384 ], [ 6.637674948030197, 53.314638194039581 ], [ 6.642950727689225, 53.307894915752605 ], [ 6.650995932198368, 53.309184661582918 ], [ 6.673245508442244, 53.304813542687867 ], [ 6.689591636853089, 53.297449281725058 ], [ 6.706689389183223, 53.307109496735158 ], [ 6.709156332814743, 53.310014895296888 ], [ 6.726495145349409, 53.304889838512771 ], [ 6.729395942240784, 53.305292232977251 ], [ 6.734075406179531, 53.311962584163098 ], [ 6.737842282340065, 53.312963733542801 ], [ 6.742681544240956, 53.311019753634952 ], [ 6.747331363425145, 53.311919684469878 ], [ 6.749350826128938, 53.309843059710936 ], [ 6.744910376315062, 53.307019639891514 ], [ 6.753081468844903, 53.298847070595343 ], [ 6.755538598254716, 53.299633733427562 ], [ 6.76068372158756, 53.295236185315254 ], [ 6.764620578760136, 53.298134361804856 ], [ 6.772365186333072, 53.291811488385029 ], [ 6.769794414210887, 53.2906804067484 ], [ 6.772309464517059, 53.287792648139515 ], [ 6.769136881728841, 53.286625535145618 ], [ 6.772526795139819, 53.283086599651746 ], [ 6.814344538662938, 53.297591663420654 ], [ 6.816649283417703, 53.295182080357883 ], [ 6.825161621819664, 53.297622296043173 ], [ 6.828072444789299, 53.291091828635793 ], [ 6.845805576500566, 53.290125996079603 ], [ 6.851157810155323, 53.29703817210293 ], [ 6.860254435122575, 53.29632573358321 ], [ 6.86072318508983, 53.294986979057192 ], [ 6.873222326070949, 53.296493760184603 ], [ 6.874566669386135, 53.295611457260385 ], [ 6.879513306838342, 53.29664508691593 ], [ 6.879608934988587, 53.297849658503146 ], [ 6.887169798615229, 53.29832992084841 ], [ 6.890767455859047, 53.290533896876639 ], [ 6.889239080766215, 53.289819934816208 ], [ 6.891270645646109, 53.286920563252615 ], [ 6.89311206426652, 53.287791941145557 ], [ 6.895596455958569, 53.28591759189149 ], [ 6.88641389950251, 53.279919419539958 ], [ 6.909102796890807, 53.278976955267595 ], [ 6.907939385704902, 53.268570336822584 ], [ 6.910202270342311, 53.268445499765285 ], [ 6.909336634389069, 53.263558928564187 ], [ 6.91214979094424, 53.263485220173742 ], [ 6.909255816276172, 53.243518275793022 ], [ 6.916148226165821, 53.24361832755843 ], [ 6.921720605915834, 53.239180117998536 ], [ 6.928643497564229, 53.237117248831623 ] ] ] } },
{ "type": "Feature", "properties": { "code": "0770", "gemeente": "Eersel", "provincie": "Noord-Brabant" }, "geometry": { "type": "Polygon", "coordinates": [ [ [ 5.26341057361067, 51.319281803304783 ], [ 5.292173747796806, 51.318237464590347 ], [ 5.316672027456209, 51.323389274504592 ], [ 5.322912971096967, 51.328633903305125 ], [ 5.321158789216326, 51.329569532218805 ], [ 5.324010015199211, 51.33290245987552 ], [ 5.326141731376262, 51.331895489772144 ], [ 5.347121311430548, 51.33745315878366 ], [ 5.341992232643973, 51.344217929508865 ], [ 5.346988912479313, 51.347657482958375 ], [ 5.342587631427429, 51.352671899450513 ], [ 5.348280380013088, 51.359631893201446 ], [ 5.370496375265349, 51.369311440046538 ], [ 5.378211478611534, 51.369393609605979 ], [ 5.388456866826469, 51.375637880320447 ], [ 5.373947511382075, 51.38863025715456 ], [ 5.370960874202678, 51.397864200814958 ], [ 5.354362946948917, 51.408783425900275 ], [ 5.323664331141071, 51.40618721573901 ], [ 5.316237561685319, 51.416922958418979 ], [ 5.316089766540722, 51.419409275345259 ], [ 5.319996533241987, 51.419927950850159 ], [ 5.319371417773077, 51.423795305727836 ], [ 5.339842235295756, 51.425557945788157 ], [ 5.343369829898562, 51.427436247089936 ], [ 5.342362515158215, 51.431104452835456 ], [ 5.345534747844422, 51.43092242633633 ], [ 5.3462551663731, 51.42895623533343 ], [ 5.355441699942667, 51.43373738770871 ], [ 5.36122539531036, 51.446992362312166 ], [ 5.3567184484502, 51.453597726432307 ], [ 5.363512597120539, 51.460264902678396 ], [ 5.367168689420795, 51.459430724236682 ], [ 5.369446551182654, 51.465316605895545 ], [ 5.358389139188355, 51.467015330790638 ], [ 5.356002282205218, 51.462314728731172 ], [ 5.33381649335379, 51.468536690158615 ], [ 5.334728040851025, 51.46587476850091 ], [ 5.332626886209575, 51.465422208406352 ], [ 5.33459900228433, 51.462934797406824 ], [ 5.325839979582037, 51.463791709920841 ], [ 5.320423763451302, 51.460868146765861 ], [ 5.315077502136761, 51.461372023223383 ], [ 5.303096653734014, 51.459149212518021 ], [ 5.297292562486303, 51.453088685860116 ], [ 5.294497667873346, 51.455283478227102 ], [ 5.285018313690309, 51.454111587217199 ], [ 5.279253394133392, 51.450219413395679 ], [ 5.24839613224461, 51.445631031026863 ], [ 5.252482185167693, 51.437939217021771 ], [ 5.239062442864407, 51.433669526729652 ], [ 5.237704668469365, 51.428558901412977 ], [ 5.243380509050339, 51.425482619920075 ], [ 5.244782511701485, 51.426253941452138 ], [ 5.248775819157518, 51.422557737924826 ], [ 5.272903677410796, 51.409469992891367 ], [ 5.278386804794765, 51.408650409779838 ], [ 5.28189797028667, 51.404369523987917 ], [ 5.290148979300646, 51.404081177694394 ], [ 5.296115687518824, 51.407729363666 ], [ 5.302846748983686, 51.407530940803881 ], [ 5.307196790378153, 51.406252374029144 ], [ 5.313650096016283, 51.399440915142286 ], [ 5.31044419917169, 51.396055092168226 ], [ 5.310865873193509, 51.390714999503977 ], [ 5.289240272162424, 51.388908537003765 ], [ 5.290408301824685, 51.386106867515693 ], [ 5.28591541285155, 51.384469861634962 ], [ 5.279765765005058, 51.375328828579057 ], [ 5.275298837043236, 51.362722985611853 ], [ 5.285972549144369, 51.33633888937328 ], [ 5.26341057361067, 51.319281803304783 ] ] ] } },
{ "type": "Feature", "properties": { "code": "1903", "gemeente": "Eijsden-Margraten", "provincie": "Limburg" }, "geometry": { "type": "Polygon", "coordinates": [ [ [ 5.688474977411292, 50.755713664889193 ], [ 5.699408755520295, 50.755409305440551 ], [ 5.702552590675562, 50.758913213353644 ], [ 5.707046458799589, 50.758287298931137 ], [ 5.712292587186265, 50.760960573653612 ], [ 5.715632851125873, 50.759878078666276 ], [ 5.720266496471158, 50.764715108964907 ], [ 5.73038757552859, 50.75741603813379 ], [ 5.739178955438272, 50.757073831768004 ], [ 5.741571600922314, 50.761162040616114 ], [ 5.74051879476445, 50.763013314986146 ], [ 5.744895736364994, 50.768821777709086 ], [ 5.765810915487464, 50.782545918397105 ], [ 5.773575124092523, 50.783245203445723 ], [ 5.777367101948682, 50.782955488900214 ], [ 5.779682729322291, 50.774342795255336 ], [ 5.784502589963362, 50.76716922507336 ], [ 5.793221513982291, 50.770199025000785 ], [ 5.807620963442711, 50.756054384958709 ], [ 5.814416776404356, 50.756163142246464 ], [ 5.822433035496135, 50.758796143052045 ], [ 5.830759828494069, 50.758559385130972 ], [ 5.838138654164087, 50.763344053699605 ], [ 5.84503758031431, 50.765370855962125 ], [ 5.84254713604825, 50.774076868896664 ], [ 5.843882625903991, 50.775184812128458 ], [ 5.838455584123798, 50.78164954128021 ], [ 5.835255820077985, 50.781737732177803 ], [ 5.833957645283536, 50.784401552208628 ], [ 5.835886075741247, 50.786681131724968 ], [ 5.832909872314395, 50.786579846402304 ], [ 5.832597250305841, 50.788639737207539 ], [ 5.827515509779714, 50.790090692120884 ], [ 5.821742490817726, 50.796213228974267 ], [ 5.819409555039321, 50.805241581854212 ], [ 5.831718035043733, 50.808770422235952 ], [ 5.839239498376188, 50.807588034177797 ], [ 5.845120856786381, 50.815398115145307 ], [ 5.848733075336331, 50.814914629611771 ], [ 5.852869564894242, 50.817791922724254 ], [ 5.85117778776275, 50.81917544901362 ], [ 5.853176327961958, 50.82075125745682 ], [ 5.857648576201362, 50.820339672982008 ], [ 5.864135531658911, 50.823344331863211 ], [ 5.859460867488879, 50.833684195083961 ], [ 5.857388958353209, 50.832082399690499 ], [ 5.85068115723291, 50.831839938095179 ], [ 5.836114597291223, 50.835966592941688 ], [ 5.836247403187335, 50.829964298052673 ], [ 5.824458941059017, 50.830164330330952 ], [ 5.820636706614378, 50.831856593694866 ], [ 5.821239058318409, 50.838761116242551 ], [ 5.807836442647607, 50.841465231777399 ], [ 5.801637824808044, 50.849875023409489 ], [ 5.800667169687362, 50.848350400602577 ], [ 5.79126579063237, 50.849879171139669 ], [ 5.780533362159279, 50.849436131997031 ], [ 5.775792331106974, 50.853394061960678 ], [ 5.770752919230467, 50.852395431261051 ], [ 5.757340376265282, 50.85529059415957 ], [ 5.757325561931929, 50.845356837371298 ], [ 5.75485495375296, 50.841840528060352 ], [ 5.740639151414971, 50.839157277043846 ], [ 5.746311415590593, 50.837324942179741 ], [ 5.746706257194704, 50.835871728654489 ], [ 5.746821607716859, 50.829870760064217 ], [ 5.743481942241131, 50.821319371446947 ], [ 5.728732480611232, 50.817924707143447 ], [ 5.723197534467641, 50.814728582250396 ], [ 5.717311911926432, 50.814501387864446 ], [ 5.716944059225511, 50.803805279363942 ], [ 5.708528499968556, 50.804910677554759 ], [ 5.709491477451689, 50.808278217903741 ], [ 5.69650308640686, 50.808546063152257 ], [ 5.693817018817444, 50.81044971220927 ], [ 5.693665764048984, 50.79882724415689 ], [ 5.698492819064888, 50.784215334607197 ], [ 5.69828629939741, 50.777478779289275 ], [ 5.681972152336748, 50.75885940240159 ], [ 5.68206195893557, 50.757536381934152 ], [ 5.687823026344224, 50.757681942780316 ], [ 5.688474977411292, 50.755713664889193 ] ] ] } },
{ "type": "Feature", "properties": { "code": "0772", "gemeente": "Eindhoven", "provincie": "Noord-Brabant" }, "geometry": { "type": "Polygon", "coordinates": [ [ [ 5.504256464339452, 51.400047490335083 ], [ 5.507612810112207, 51.404532217748901 ], [ 5.525814950850032, 51.404697141155914 ], [ 5.525202392340928, 51.427990323166462 ], [ 5.530648870773163, 51.427209601992089 ], [ 5.531813727647573, 51.43200809759589 ], [ 5.540249684690849, 51.43133471157617 ], [ 5.54885280864025, 51.434502566466215 ], [ 5.546704669210032, 51.433911715434945 ], [ 5.544023048927977, 51.43956539543764 ], [ 5.540692900411975, 51.440401615598596 ], [ 5.538455844780176, 51.443618419143561 ], [ 5.540169045436311, 51.447945197372874 ], [ 5.531495900991144, 51.454941299899239 ], [ 5.532556518829293, 51.457186172067082 ], [ 5.521031767122615, 51.461032386599292 ], [ 5.509044450810213, 51.469306212745856 ], [ 5.507765066179922, 51.478125504249149 ], [ 5.509577573099294, 51.479177131701924 ], [ 5.505409694144059, 51.48338090755275 ], [ 5.51560828201842, 51.493414666060694 ], [ 5.51326461857436, 51.496308684115405 ], [ 5.476679603365941, 51.497077909869269 ], [ 5.470147539598637, 51.495587202104545 ], [ 5.46389514642097, 51.496978505141861 ], [ 5.440465343623943, 51.49344577236814 ], [ 5.410751705710951, 51.48442215985289 ], [ 5.401824185629216, 51.483855881912753 ], [ 5.391016563850128, 51.485554832321213 ], [ 5.390658212532491, 51.470609355660706 ], [ 5.379150758532812, 51.463842347087223 ], [ 5.369446551182654, 51.465316605895545 ], [ 5.367168689420795, 51.459430724236682 ], [ 5.363512597120539, 51.460264902678396 ], [ 5.3567184484502, 51.453597726432307 ], [ 5.361219874008765, 51.448460166293117 ], [ 5.360884296218188, 51.443242544325834 ], [ 5.357027402445218, 51.4381024482188 ], [ 5.36353513321948, 51.4354155350319 ], [ 5.371249056774156, 51.438908800618847 ], [ 5.379212511736814, 51.436596361469235 ], [ 5.379686368800811, 51.43509236167634 ], [ 5.388766359155392, 51.437745337130799 ], [ 5.393805036498511, 51.434577660279444 ], [ 5.400794914917097, 51.432967532353224 ], [ 5.404922886344471, 51.43712798478041 ], [ 5.409001172377797, 51.434459834888393 ], [ 5.410699554499977, 51.435061807176126 ], [ 5.41448915453825, 51.430059081754614 ], [ 5.419944017254329, 51.432852907644268 ], [ 5.425170350272992, 51.431121732106774 ], [ 5.429855566899389, 51.406260727967215 ], [ 5.425230959344272, 51.404553547527904 ], [ 5.427276716814156, 51.402653610786317 ], [ 5.433618907694267, 51.402571564652341 ], [ 5.436188925174124, 51.40497635227878 ], [ 5.473221971407927, 51.405277572331435 ], [ 5.497823747781231, 51.404268313765492 ], [ 5.504256464339452, 51.400047490335083 ] ] ] } },
{ "type": "Feature", "properties": { "code": "0230", "gemeente": "Elburg", "provincie": "Gelderland" }, "geometry": { "type": "Polygon", "coordinates": [ [ [ 5.910618770362606, 52.385922994136429 ], [ 5.924338614377385, 52.391392944942552 ], [ 5.905993337413586, 52.408600363226867 ], [ 5.916291604416696, 52.412949495951608 ], [ 5.89995438932503, 52.419816430639855 ], [ 5.872244783789204, 52.443029276621012 ], [ 5.870670679398808, 52.442517461060689 ], [ 5.868748860001531, 52.444778508538164 ], [ 5.87376562093379, 52.446994628679171 ], [ 5.871383526631448, 52.447857173255983 ], [ 5.877623669900177, 52.453119319350613 ], [ 5.872546718507072, 52.45524312372325 ], [ 5.871362872006162, 52.457793348045648 ], [ 5.862991991230044, 52.460942139134929 ], [ 5.864840039109135, 52.462055233835045 ], [ 5.859064555172728, 52.462481481729256 ], [ 5.844847173633678, 52.469967938992106 ], [ 5.831385184672287, 52.473401576837034 ], [ 5.815607994211246, 52.455215033209811 ], [ 5.822411081448184, 52.449706229720533 ], [ 5.809586334065089, 52.437658569882778 ], [ 5.811474873103555, 52.43692283994978 ], [ 5.78725706725177, 52.422573285244354 ], [ 5.756291825340464, 52.407426491808785 ], [ 5.759334637009706, 52.403059209068296 ], [ 5.764074729245312, 52.398723506821064 ], [ 5.768685084902555, 52.398888283170486 ], [ 5.770747517909558, 52.395515499184825 ], [ 5.782622369562182, 52.399469151598709 ], [ 5.787773170314755, 52.400037591444487 ], [ 5.790776350252263, 52.396861548783818 ], [ 5.811671503248125, 52.402798951209881 ], [ 5.812045317607752, 52.400668758234573 ], [ 5.817169853826003, 52.401566831157083 ], [ 5.817866895129082, 52.397292416382591 ], [ 5.820578300127942, 52.396933440805483 ], [ 5.821269408271625, 52.391091308487624 ], [ 5.864792023563031, 52.359658208761601 ], [ 5.871170542654752, 52.361309288160847 ], [ 5.876009358859863, 52.357872771892275 ], [ 5.910618770362606, 52.385922994136429 ] ] ] } },
{ "type": "Feature", "properties": { "code": "0114", "gemeente": "Emmen", "provincie": "Drenthe" }, "geometry": { "type": "Polygon", "coordinates": [ [ [ 6.928521881878456, 52.640184854294546 ], [ 6.93905842483041, 52.637871357017424 ], [ 6.945047860286541, 52.639312769884263 ], [ 6.953780944229497, 52.639026562332717 ], [ 6.959232818363255, 52.641730675614056 ], [ 6.968319158469943, 52.641830360885663 ], [ 6.975984699665616, 52.646254674767711 ], [ 6.992459054487918, 52.641332382147212 ], [ 7.001877327009618, 52.641918941540965 ], [ 7.012491635759024, 52.636776586198948 ], [ 7.035467013887961, 52.634854494066545 ], [ 7.041732813651141, 52.632710087973976 ], [ 7.055728585868276, 52.64341976887826 ], [ 7.071551188904336, 52.810421158230355 ], [ 7.092739668948622, 52.838196140034583 ], [ 7.072147898293804, 52.838405099394045 ], [ 7.072192960546079, 52.845210939008169 ], [ 7.076260275880155, 52.850030658945656 ], [ 7.069557408466681, 52.847747654738711 ], [ 7.065917308078628, 52.851641971228567 ], [ 7.062747306719773, 52.851447555154088 ], [ 7.046433021374287, 52.865855606147406 ], [ 7.043486227072121, 52.865218582449685 ], [ 7.040241905523352, 52.872903247230219 ], [ 7.007588971597592, 52.873011304276886 ], [ 6.966638111169805, 52.863868376909053 ], [ 6.964494818971362, 52.864948533280753 ], [ 6.961449774197658, 52.86428240994649 ], [ 6.952075438424592, 52.855316051319875 ], [ 6.952275215719553, 52.851308305829797 ], [ 6.949912812635879, 52.848803288382157 ], [ 6.908359250860359, 52.834498860839425 ], [ 6.869025337003657, 52.819306982000732 ], [ 6.865063947919725, 52.815815938735938 ], [ 6.858511654548318, 52.813702588864771 ], [ 6.848664162490494, 52.803755750161969 ], [ 6.831148157544626, 52.778438042004247 ], [ 6.834227403861392, 52.771560967942641 ], [ 6.830940454667345, 52.767185881263849 ], [ 6.839694114935496, 52.760996256914851 ], [ 6.834937952994924, 52.756097960124599 ], [ 6.838240644315048, 52.755827952490762 ], [ 6.838318339014603, 52.751276133213878 ], [ 6.830565887225371, 52.74228712565354 ], [ 6.837484625780289, 52.734509152691871 ], [ 6.826360778664654, 52.730888150280968 ], [ 6.840870682422601, 52.699571005681491 ], [ 6.849529128850298, 52.699354252694889 ], [ 6.861875217765069, 52.64969086011763 ], [ 6.872810705748424, 52.653270556990257 ], [ 6.879950281510284, 52.650548321059411 ], [ 6.897179740953169, 52.651371341261552 ], [ 6.902938064386466, 52.64859384222261 ], [ 6.91446377804607, 52.646481619155573 ], [ 6.915692012228731, 52.641814947841752 ], [ 6.918972105447569, 52.639911661349373 ], [ 6.928521881878456, 52.640184854294546 ] ] ] } },
{ "type": "Feature", "properties": { "code": "0388", "gemeente": "Enkhuizen", "provincie": "Noord-Holland" }, "geometry": { "type": "Polygon", "coordinates": [ [ [ 5.268962125165724, 52.680268254421115 ], [ 5.286450380701003, 52.688749139137407 ], [ 5.287618846657904, 52.691656311904445 ], [ 5.301635260119511, 52.692426682855114 ], [ 5.361146854373846, 52.675726426364747 ], [ 5.377259770836776, 52.764805207347862 ], [ 5.281178904812303, 52.84063142893401 ], [ 5.211337516119447, 52.800405700577535 ], [ 5.274387377689139, 52.750633769640096 ], [ 5.269986805561598, 52.745183916667514 ], [ 5.259341241310642, 52.744870058679254 ], [ 5.254318886082481, 52.747010614443724 ], [ 5.259189513361217, 52.686303532863441 ], [ 5.268962125165724, 52.680268254421115 ] ] ] } },
{ "type": "Feature", "properties": { "code": "0153", "gemeente": "Enschede", "provincie": "Overijssel" }, "geometry": { "type": "Polygon", "coordinates": [ [ [ 6.805614829460911, 52.16661664381347 ], [ 6.814277342955033, 52.170861109326552 ], [ 6.827990683099101, 52.171006545395876 ], [ 6.869865296848938, 52.162693391041039 ], [ 6.889750263110306, 52.161205921813853 ], [ 6.905720064971962, 52.169915241441601 ], [ 6.908060812657444, 52.175959499443152 ], [ 6.949505449499521, 52.180504611197314 ], [ 6.954725224061928, 52.183952454958664 ], [ 6.974084863597318, 52.205402792314857 ], [ 6.981100055807181, 52.220736990269472 ], [ 6.965889528582212, 52.230418715854398 ], [ 6.964873377716478, 52.236764830490138 ], [ 6.97164559975696, 52.244067637166147 ], [ 6.973028012043167, 52.248503397715439 ], [ 6.969015002326511, 52.267398978608092 ], [ 6.940986469247864, 52.283903487262997 ], [ 6.918962316082056, 52.283657073809614 ], [ 6.913586944076054, 52.282168142381032 ], [ 6.912127144316159, 52.285505751513199 ], [ 6.906985185815662, 52.285437812787286 ], [ 6.895364087131536, 52.28384086602879 ], [ 6.889567056234316, 52.280978007281213 ], [ 6.8878114890291, 52.283452128413565 ], [ 6.88320743660336, 52.283170565949341 ], [ 6.880020300068264, 52.281404054183191 ], [ 6.881358177803667, 52.279379177423387 ], [ 6.876494926146984, 52.274724797569554 ], [ 6.868327344013385, 52.272961771719643 ], [ 6.837846051045315, 52.27663227150628 ], [ 6.831744612192244, 52.273511745935515 ], [ 6.843514535281565, 52.266592608183231 ], [ 6.840287718949852, 52.26108594891862 ], [ 6.842562128201405, 52.253909190059645 ], [ 6.827239492078868, 52.248297141591152 ], [ 6.819538508854934, 52.243657060150198 ], [ 6.813753936070439, 52.229482691377889 ], [ 6.774433882723694, 52.238456317422944 ], [ 6.765190289131581, 52.23313757656468 ], [ 6.769055340410319, 52.227012775871451 ], [ 6.755892713233202, 52.217396363319914 ], [ 6.75962360832342, 52.210034801809925 ], [ 6.766323756610933, 52.203138706810002 ], [ 6.7668005447355, 52.191064901971323 ], [ 6.788320928137233, 52.176190243560875 ], [ 6.805614829460911, 52.16661664381347 ] ] ] } },
{ "type": "Feature", "properties": { "code": "0232", "gemeente": "Epe", "provincie": "Gelderland" }, "geometry": { "type": "Polygon", "coordinates": [ [ [ 5.879592535159478, 52.264991270842884 ], [ 5.936211288637536, 52.274419298782767 ], [ 5.957921467682812, 52.27236700941291 ], [ 5.973889796906958, 52.273209067110869 ], [ 5.982169758902471, 52.283825514824137 ], [ 5.985743800089243, 52.285669414405767 ], [ 5.991404673286389, 52.285541792502414 ], [ 5.98897456307245, 52.274094466798978 ], [ 6.028863430515577, 52.276812956548262 ], [ 6.031255792124086, 52.275235537149982 ], [ 6.028530881948118, 52.270985714057346 ], [ 6.031044817068012, 52.270924745898604 ], [ 6.030312507318477, 52.269232521005399 ], [ 6.043096224966505, 52.268891799793707 ], [ 6.041251747554817, 52.271906758275783 ], [ 6.043348447146274, 52.278726563076866 ], [ 6.034689163724822, 52.294509445812338 ], [ 6.052713779714763, 52.325820563144383 ], [ 6.052948024619079, 52.33090729005535 ], [ 6.073680633463555, 52.330569243595811 ], [ 6.076764146943622, 52.338650764154011 ], [ 6.07607012151799, 52.350570298052425 ], [ 6.078009886303334, 52.352426435526453 ], [ 6.087240506081987, 52.353890003157915 ], [ 6.094857435703849, 52.356967987665634 ], [ 6.092737076951588, 52.359307570673003 ], [ 6.080882025885741, 52.362036114583411 ], [ 6.077844930064779, 52.364297064389575 ], [ 6.074169374007233, 52.361802588006562 ], [ 6.052408582529056, 52.361001294144302 ], [ 6.041783933324646, 52.35651244296578 ], [ 6.042716333339032, 52.363504406157659 ], [ 6.03777903234414, 52.362072302423414 ], [ 6.031650824715824, 52.36728327794917 ], [ 6.017339976011172, 52.369904606355284 ], [ 5.991333472598604, 52.378597945176054 ], [ 5.95711705619335, 52.392897005818732 ], [ 5.951024349901161, 52.398437124323571 ], [ 5.911693853495985, 52.386793367366408 ], [ 5.873669654301167, 52.355950494092582 ], [ 5.864814279031888, 52.351328901404322 ], [ 5.880951331478136, 52.335185954958774 ], [ 5.866234585146501, 52.319924898170129 ], [ 5.850349545296646, 52.308274768900361 ], [ 5.840830926275069, 52.304397529100051 ], [ 5.841158087364009, 52.299575723187054 ], [ 5.845821885051297, 52.286760513584305 ], [ 5.852154975109884, 52.280090147732288 ], [ 5.848145138294641, 52.274326927533899 ], [ 5.853365055053084, 52.26229106717188 ], [ 5.860891914473768, 52.255807058031706 ], [ 5.879592535159478, 52.264991270842884 ] ] ] } },
{ "type": "Feature", "properties": { "code": "0233", "gemeente": "Ermelo", "provincie": "Gelderland" }, "geometry": { "type": "Polygon", "coordinates": [ [ [ 5.708916966388737, 52.23935017024516 ], [ 5.761448677244301, 52.248303831561962 ], [ 5.746502525223748, 52.271552671619673 ], [ 5.75549257963451, 52.277833325655322 ], [ 5.75464807789343, 52.282602251986113 ], [ 5.744681870255862, 52.288194995612265 ], [ 5.743837231663343, 52.298047282741372 ], [ 5.750747825218016, 52.317073764439357 ], [ 5.706171280013089, 52.328381848925396 ], [ 5.686447111151711, 52.313142864512706 ], [ 5.678123687840502, 52.301492134736115 ], [ 5.65861262029645, 52.310221350036571 ], [ 5.630263833203085, 52.326850506917928 ], [ 5.623111767898303, 52.327532278739547 ], [ 5.608707301730134, 52.319052025680904 ], [ 5.601989564479997, 52.319760333466114 ], [ 5.602050610021129, 52.317985567846506 ], [ 5.581412667683503, 52.322615942129865 ], [ 5.565863595207214, 52.332389085942999 ], [ 5.545167878046404, 52.293302748727982 ], [ 5.552006635978033, 52.290355577748578 ], [ 5.552914144549645, 52.287917564327401 ], [ 5.58884511768357, 52.278528369007475 ], [ 5.602999369544601, 52.278393442368831 ], [ 5.610654341777733, 52.277262999303773 ], [ 5.612223228236235, 52.275322187016371 ], [ 5.62072421926941, 52.275655191110332 ], [ 5.639210807638807, 52.271861264064789 ], [ 5.656876719318274, 52.262195639976945 ], [ 5.661798052608781, 52.257786179462869 ], [ 5.673725183626836, 52.252532477236336 ], [ 5.683642097393023, 52.240616866571372 ], [ 5.708916966388737, 52.23935017024516 ] ] ] } },
{ "type": "Feature", "properties": { "code": "0777", "gemeente": "Etten-Leur", "provincie": "Noord-Brabant" }, "geometry": { "type": "Polygon", "coordinates": [ [ [ 4.652389329349618, 51.521931119087846 ], [ 4.652251028624128, 51.521990987406532 ], [ 4.652559521057185, 51.52260670153013 ], [ 4.653387613776918, 51.523545586912114 ], [ 4.654292762438244, 51.5242877592989 ], [ 4.659112269710089, 51.525493610053644 ], [ 4.680905704015225, 51.540667452472348 ], [ 4.69402544770877, 51.544754857234409 ], [ 4.6943523362746, 51.546408405195272 ], [ 4.693715840174838, 51.567952400421348 ], [ 4.682106227903814, 51.598893354785481 ], [ 4.674881704664308, 51.600192077007172 ], [ 4.675561051586194, 51.603853987472881 ], [ 4.663871880082803, 51.604068693346839 ], [ 4.664313286140935, 51.608764465875907 ], [ 4.660813862353485, 51.609942102192349 ], [ 4.658618260503449, 51.61568358124677 ], [ 4.657988398167015, 51.620474030490684 ], [ 4.664807691237091, 51.628361481043328 ], [ 4.663020538363809, 51.630850342395235 ], [ 4.664753067562356, 51.630940413645419 ], [ 4.665071577694667, 51.634319211112775 ], [ 4.661920154223476, 51.634733641506259 ], [ 4.642046597155945, 51.63182146707252 ], [ 4.634832731246227, 51.625682567970934 ], [ 4.629206112070999, 51.624048300294575 ], [ 4.623231299379306, 51.624540245352016 ], [ 4.612734472168896, 51.628462688016263 ], [ 4.606290865762797, 51.627720185552953 ], [ 4.601233179113934, 51.625238894804419 ], [ 4.604264235383297, 51.62143934252812 ], [ 4.60336056027518, 51.617387714790915 ], [ 4.608823396847185, 51.615049990666911 ], [ 4.610729674245166, 51.609541218852286 ], [ 4.613891623983513, 51.608037985717409 ], [ 4.596755192071569, 51.59029782659016 ], [ 4.598572841314309, 51.584477532829858 ], [ 4.595151714602833, 51.567676330224536 ], [ 4.59042175162022, 51.564973953576001 ], [ 4.592000595217575, 51.560244507296694 ], [ 4.600626328845949, 51.559109826245226 ], [ 4.610340441386967, 51.553545160509579 ], [ 4.624795705072124, 51.552385577194848 ], [ 4.625809345210008, 51.547411563168566 ], [ 4.630106059913817, 51.547150283984507 ], [ 4.631754932135776, 51.543874443517822 ], [ 4.635285734727666, 51.542351403833408 ], [ 4.640110075827415, 51.543423164832802 ], [ 4.638157789698727, 51.517205243488867 ], [ 4.643289073626732, 51.518188812092973 ], [ 4.652028299185067, 51.52174374747576 ], [ 4.652389329349618, 51.521931119087846 ] ] ] } },
{ "type": "Feature", "properties": { "code": "0779", "gemeente": "Geertruidenberg", "provincie": "Noord-Brabant" }, "geometry": { "type": "Polygon", "coordinates": [ [ [ 4.879135607938243, 51.672282641487485 ], [ 4.880500511927504, 51.674207921157119 ], [ 4.898767573159704, 51.674128560404093 ], [ 4.912827007457872, 51.676590020887502 ], [ 4.913780884414771, 51.675048922501297 ], [ 4.925032355025846, 51.673009299955432 ], [ 4.925073923975853, 51.674980302564478 ], [ 4.933169422542226, 51.676749979416925 ], [ 4.917991153544833, 51.719959369882275 ], [ 4.900263546408365, 51.718667033033327 ], [ 4.873054922160477, 51.719998271388661 ], [ 4.84048905939065, 51.713211226443271 ], [ 4.823610412282076, 51.711288156416565 ], [ 4.830877388400258, 51.693372935772217 ], [ 4.842367932538652, 51.679654050637609 ], [ 4.84339129218838, 51.686017456856511 ], [ 4.856621779760637, 51.681667864336283 ], [ 4.856580490091989, 51.680242677054679 ], [ 4.86265214007932, 51.6770667903941 ], [ 4.875787114235823, 51.674733314909012 ], [ 4.879135607938243, 51.672282641487485 ] ] ] } },
{ "type": "Feature", "properties": { "code": "1771", "gemeente": "Geldrop-Mierlo", "provincie": "Noord-Brabant" }, "geometry": { "type": "Polygon", "coordinates": [ [ [ 5.569118657622356, 51.408755584739907 ], [ 5.599155790834197, 51.418428149730488 ], [ 5.639015503857007, 51.422456487754346 ], [ 5.643623790727613, 51.440192617234963 ], [ 5.648265746740738, 51.441506892300076 ], [ 5.653307665378117, 51.446385264760487 ], [ 5.656468184293934, 51.456559612753033 ], [ 5.643406849801446, 51.456134301288692 ], [ 5.614519990165815, 51.449012517426851 ], [ 5.61451271308822, 51.450044245708355 ], [ 5.608056956540024, 51.449716772590556 ], [ 5.608817930785278, 51.451698478229403 ], [ 5.603412568324324, 51.453990362801513 ], [ 5.601005124238873, 51.452170411682822 ], [ 5.597034344876489, 51.456497169307546 ], [ 5.584708455577952, 51.460509021690058 ], [ 5.566164589570956, 51.441483928749733 ], [ 5.541115093551343, 51.431511808482959 ], [ 5.531813727647573, 51.43200809759589 ], [ 5.530648870773163, 51.427209601992089 ], [ 5.525202392340928, 51.427990323166462 ], [ 5.525814950850032, 51.404697141155914 ], [ 5.544813770136052, 51.403136360407345 ], [ 5.543751109734128, 51.404665334906284 ], [ 5.560778718947621, 51.406160046184063 ], [ 5.564166952925118, 51.404783863932039 ], [ 5.569118657622356, 51.408755584739907 ] ] ] } },
{ "type": "Feature", "properties": { "code": "1652", "gemeente": "Gemert-Bakel", "provincie": "Noord-Brabant" }, "geometry": { "type": "Polygon", "coordinates": [ [ [ 5.735742512049635, 51.48431311204034 ], [ 5.789207274924538, 51.490957382376742 ], [ 5.799028052325238, 51.494097019921028 ], [ 5.852573704895981, 51.504144428265278 ], [ 5.838238466402554, 51.566414619759492 ], [ 5.820552896045601, 51.5685585451983 ], [ 5.800586011708471, 51.578621776070804 ], [ 5.786678362315007, 51.59820838038894 ], [ 5.732990238965525, 51.590442848196957 ], [ 5.709194505400014, 51.585538864481663 ], [ 5.706192454620863, 51.587055526197162 ], [ 5.699385898226709, 51.584116538175955 ], [ 5.651357253350016, 51.582360200176218 ], [ 5.656517498273614, 51.574794844705821 ], [ 5.65248579112195, 51.569678527011774 ], [ 5.660478943183892, 51.551325941595607 ], [ 5.666914128797828, 51.540564410196758 ], [ 5.682243280089212, 51.527676512043563 ], [ 5.678373948328948, 51.52835725743892 ], [ 5.677703044517261, 51.527257717667787 ], [ 5.681073892254919, 51.526131908567471 ], [ 5.674439629088227, 51.524961960005214 ], [ 5.678957936519231, 51.522496029755807 ], [ 5.681575594863653, 51.518389453113343 ], [ 5.68452050770594, 51.517779226759806 ], [ 5.684070048230681, 51.513227803885641 ], [ 5.686005013318113, 51.51273597661352 ], [ 5.684144018590126, 51.507699979169445 ], [ 5.708233369387068, 51.502025651494407 ], [ 5.70504821719306, 51.497463346222915 ], [ 5.712423987311421, 51.494711986665592 ], [ 5.712438945942569, 51.490884374050339 ], [ 5.718744171114938, 51.488579461611046 ], [ 5.723672364445727, 51.48415652549815 ], [ 5.729303929496953, 51.486240867254509 ], [ 5.735742512049635, 51.48431311204034 ] ] ] } },
{ "type": "Feature", "properties": { "code": "0907", "gemeente": "Gennep", "provincie": "Limburg" }, "geometry": { "type": "Polygon", "coordinates": [ [ [ 5.971665438098955, 51.646132519058163 ], [ 5.976606939929148, 51.643783115285082 ], [ 6.001517913113058, 51.655253691136004 ], [ 6.006842679050638, 51.656027329935476 ], [ 6.0153753016272, 51.66224228412765 ], [ 6.024672180991098, 51.660071732896213 ], [ 6.031757567276474, 51.663048119891997 ], [ 6.02427777673775, 51.66981641327417 ], [ 6.031944780455526, 51.676165206258524 ], [ 6.029823051111637, 51.678099450341151 ], [ 6.032234323786391, 51.684796303862207 ], [ 6.028247682332529, 51.689624453337238 ], [ 6.031740595134959, 51.692168126031696 ], [ 6.031111623127702, 51.696428237393555 ], [ 6.027765518481835, 51.700549190047376 ], [ 6.026053826449884, 51.70868808339732 ], [ 6.031519948275663, 51.712989602299551 ], [ 6.042009164842771, 51.713344601317225 ], [ 6.044939148772525, 51.716913362646316 ], [ 6.037880835704418, 51.71992978769493 ], [ 6.038386382297208, 51.718113774407428 ], [ 6.035424295796164, 51.717774279242931 ], [ 6.035034731347069, 51.721226761025953 ], [ 6.029522134960988, 51.725484778329502 ], [ 6.003575599653271, 51.733793902654575 ], [ 5.994196699167134, 51.73830942209824 ], [ 5.973361932273999, 51.739305595918538 ], [ 5.955155147779743, 51.738117598848966 ], [ 5.952294277507988, 51.742684067955857 ], [ 5.953287898073546, 51.748024162455536 ], [ 5.952435605538113, 51.744536752051395 ], [ 5.934530899567454, 51.739740451639584 ], [ 5.934194532747605, 51.733720344508292 ], [ 5.921325241082106, 51.721820944741715 ], [ 5.919469549407941, 51.717671502776959 ], [ 5.943138780059293, 51.714405231703331 ], [ 5.955290974499989, 51.709304904705981 ], [ 5.956567631557841, 51.6989406996273 ], [ 5.964392691911861, 51.677372046059119 ], [ 5.964034258237989, 51.654864070637394 ], [ 5.971665438098955, 51.646132519058163 ] ] ] } },
{ "type": "Feature", "properties": { "code": "0784", "gemeente": "Gilze en Rijen", "provincie": "Noord-Brabant" }, "geometry": { "type": "Polygon", "coordinates": [ [ [ 4.9110628436682, 51.51008128826264 ], [ 4.956643641823423, 51.518676606226535 ], [ 4.97956514912437, 51.544201695827255 ], [ 4.968204974729237, 51.549255645256736 ], [ 4.953423932354171, 51.550532429756352 ], [ 4.951307265330891, 51.557038317974175 ], [ 4.951145311380079, 51.560917538155827 ], [ 4.964183011174684, 51.565242772544551 ], [ 4.967831951595111, 51.568721949066592 ], [ 4.968990323921033, 51.571304765143879 ], [ 4.966778551801012, 51.573662523330576 ], [ 4.971514611427514, 51.581601777021532 ], [ 4.972859690021167, 51.597305697124568 ], [ 4.967774289637661, 51.597685458601987 ], [ 4.967673445195453, 51.602965042568613 ], [ 4.947846387969843, 51.611170296101612 ], [ 4.940311951537411, 51.610198445426199 ], [ 4.918080592292265, 51.616294533076768 ], [ 4.911881666307749, 51.615399258804608 ], [ 4.917356923274334, 51.608710057735735 ], [ 4.91857270249316, 51.603881543088626 ], [ 4.916268735831109, 51.600015565224403 ], [ 4.911635157741602, 51.600067175041751 ], [ 4.913785894819323, 51.598090474319235 ], [ 4.868039720040646, 51.581092871100921 ], [ 4.869171376180512, 51.578441905171971 ], [ 4.864238523294003, 51.579088864886884 ], [ 4.866765847441021, 51.574682477275879 ], [ 4.865294822854669, 51.57219442426414 ], [ 4.870085337839455, 51.57081880293476 ], [ 4.871684503932623, 51.567110401474174 ], [ 4.868451113199344, 51.566868469331006 ], [ 4.867311191640805, 51.558865005564236 ], [ 4.864150691903383, 51.559402718836971 ], [ 4.862910204620166, 51.55805612008399 ], [ 4.864261137222315, 51.552020149700873 ], [ 4.848468393466645, 51.543019537523143 ], [ 4.834605914939082, 51.53860015255124 ], [ 4.836794884234208, 51.532770895007687 ], [ 4.829084665234185, 51.529100152600549 ], [ 4.830495277659288, 51.527565023435102 ], [ 4.84191897011957, 51.526704964699043 ], [ 4.845060615666788, 51.528481557603882 ], [ 4.844738939850266, 51.533327701800189 ], [ 4.854563988114696, 51.533926587752589 ], [ 4.866232444188249, 51.538066608724769 ], [ 4.9110628436682, 51.51008128826264 ] ] ] } },
{ "type": "Feature", "properties": { "code": "1924", "gemeente": "Goeree-Overflakkee", "provincie": "Zuid-Holland" }, "geometry": { "type": "Polygon", "coordinates": [ [ [ 4.267269444330174, 51.738246964804262 ], [ 4.249441505429067, 51.757868273218271 ], [ 4.208410939886356, 51.787944038573286 ], [ 4.186276352237736, 51.792493839784626 ], [ 4.175182965096304, 51.79173845211961 ], [ 4.147107149936486, 51.806198702169461 ], [ 4.135862940697003, 51.807361858470856 ], [ 4.123432912573557, 51.806510115537634 ], [ 4.106742185392247, 51.812667682225005 ], [ 4.07257086823387, 51.818762313118199 ], [ 4.06265362122269, 51.821920274605418 ], [ 4.049502776769648, 51.831240309933087 ], [ 4.041217405433801, 51.840191369077502 ], [ 4.035202814322663, 51.858597902426773 ], [ 3.955580379007436, 51.857654034669615 ], [ 3.953146821843684, 51.850031859375413 ], [ 3.86036679705527, 51.828363610598707 ], [ 3.773675345197367, 51.781520482045487 ], [ 3.826212601746336, 51.765841052844578 ], [ 3.847428190570993, 51.753401017057229 ], [ 3.875894347752583, 51.747692072089812 ], [ 3.886170625335794, 51.749358502209802 ], [ 3.905056993860061, 51.764634428106788 ], [ 3.921443465675439, 51.770744779467883 ], [ 3.940329677210535, 51.773799951329806 ], [ 3.958938004083471, 51.772133441675685 ], [ 3.974491327769695, 51.763800990682746 ], [ 4.013336251908417, 51.759011844068787 ], [ 4.01888495308441, 51.742717760256738 ], [ 4.035037757227552, 51.730193592594865 ], [ 4.036703942204995, 51.711029225827495 ], [ 4.040036765304682, 51.702696807304868 ], [ 4.047813346794367, 51.694364411679004 ], [ 4.0980838055396, 51.690475875787207 ], [ 4.110026492439245, 51.687142914092412 ], [ 4.123080127883548, 51.685754102883593 ], [ 4.151824518195445, 51.685233128405677 ], [ 4.202700613768537, 51.660764318742025 ], [ 4.242786202900074, 51.647063006140435 ], [ 4.251103468604084, 51.645561924844984 ], [ 4.277075970638915, 51.644076242728268 ], [ 4.332549787693647, 51.653749263266718 ], [ 4.356220857817184, 51.66075595254722 ], [ 4.372196181471998, 51.669606003707983 ], [ 4.378192997116551, 51.676858111483575 ], [ 4.379431108762764, 51.683591558321091 ], [ 4.393621156022935, 51.693296225696486 ], [ 4.423549728303577, 51.709474845642092 ], [ 4.397366131625574, 51.711539656786549 ], [ 4.372702493702361, 51.709582895220471 ], [ 4.35981274265058, 51.709979474182546 ], [ 4.332534905589829, 51.713544659158551 ], [ 4.31390642484957, 51.717524172090194 ], [ 4.299535426216162, 51.725282715012135 ], [ 4.276765487723364, 51.733262355989368 ], [ 4.267269444330174, 51.738246964804262 ] ] ] } },
{ "type": "Feature", "properties": { "code": "0664", "gemeente": "Goes", "provincie": "Zeeland" }, "geometry": { "type": "Polygon", "coordinates": [ [ [ 3.924346814927165, 51.485154394002642 ], [ 3.925789743296832, 51.491856147461696 ], [ 3.940184544484032, 51.49314318089511 ], [ 3.943888441894206, 51.497410217070566 ], [ 3.965169407219563, 51.506350384235034 ], [ 3.963506038943634, 51.520613224851367 ], [ 3.971449221358601, 51.528448559536749 ], [ 3.952297541685856, 51.531302466842263 ], [ 3.934328070916355, 51.536464392533723 ], [ 3.927540188409668, 51.544342628587962 ], [ 3.924016353610984, 51.545594396755575 ], [ 3.922292542576682, 51.544503003504751 ], [ 3.922506512434274, 51.546710710738346 ], [ 3.914484449985823, 51.546975952536165 ], [ 3.910061297813538, 51.549976679668617 ], [ 3.896553412339891, 51.549918036641195 ], [ 3.870944789016888, 51.541938512894525 ], [ 3.859510327862552, 51.541172936552428 ], [ 3.852477477187195, 51.543193043054067 ], [ 3.840227841571348, 51.551061979511061 ], [ 3.834236448856986, 51.553008945313287 ], [ 3.812655547460552, 51.547757875653936 ], [ 3.802241186068322, 51.543600105510578 ], [ 3.793581593289703, 51.54247953720742 ], [ 3.768287834550502, 51.552773281382663 ], [ 3.760657003956676, 51.553308092314175 ], [ 3.740308103092268, 51.546055478778314 ], [ 3.736557129254397, 51.542454364839557 ], [ 3.718794593059775, 51.534352109552017 ], [ 3.713607171463469, 51.530367000621162 ], [ 3.746943476786903, 51.516852472930161 ], [ 3.745245000671271, 51.512471951833703 ], [ 3.71110315827964, 51.506720689873241 ], [ 3.710853704498556, 51.503470242966365 ], [ 3.705608525799515, 51.503641584862116 ], [ 3.705536319669524, 51.502455912420906 ], [ 3.773743909057554, 51.497474120545569 ], [ 3.78297385169611, 51.494611482937238 ], [ 3.800330029658943, 51.485608623497072 ], [ 3.810792323553797, 51.483094974133017 ], [ 3.841228148118056, 51.485298608964513 ], [ 3.869656574473705, 51.482570336357234 ], [ 3.874422863761023, 51.480013447116747 ], [ 3.881611888941409, 51.481041893813348 ], [ 3.912877670534286, 51.479121582792175 ], [ 3.916764423306041, 51.481596602160167 ], [ 3.915018561766132, 51.484799602788236 ], [ 3.920918435752646, 51.486114438897623 ], [ 3.924346814927165, 51.485154394002642 ] ] ] } },
{ "type": "Feature", "properties": { "code": "0785", "gemeente": "Goirle", "provincie": "Noord-Brabant" }, "geometry": { "type": "Polygon", "coordinates": [ [ [ 5.049277000738855, 51.471108923980395 ], [ 5.051580277016866, 51.487131962179006 ], [ 5.068367918871605, 51.485334753676085 ], [ 5.069293117966572, 51.48683588187717 ], [ 5.062511998274487, 51.492734413862365 ], [ 5.076915042350175, 51.500796521263624 ], [ 5.0729980018593, 51.502875043288199 ], [ 5.088186904701013, 51.511297510950357 ], [ 5.096035416666847, 51.50991219339749 ], [ 5.098441609583535, 51.515360603494024 ], [ 5.095023735785801, 51.51725160457061 ], [ 5.100947281567715, 51.52051970631819 ], [ 5.098141093681058, 51.524952386072066 ], [ 5.105060707256325, 51.528175894411255 ], [ 5.10005935593288, 51.531454987609038 ], [ 5.105652817790432, 51.533337400513815 ], [ 5.110645334261913, 51.538902369268236 ], [ 5.094722023368235, 51.534887029742961 ], [ 5.060322927981467, 51.537869160534363 ], [ 5.051703463209505, 51.535091173379882 ], [ 5.052274761377984, 51.529763654917105 ], [ 5.041496140821698, 51.531005544674727 ], [ 5.030522028928013, 51.529501515543593 ], [ 5.020595978054775, 51.538960013725124 ], [ 5.001568236171669, 51.537487829294626 ], [ 4.987628862633406, 51.540022824415786 ], [ 4.974136011570375, 51.539840414923326 ], [ 4.962572747195389, 51.525864416525096 ], [ 4.968861447743543, 51.520677646384719 ], [ 4.977595843506173, 51.521651624701128 ], [ 4.980868798402567, 51.518630930796498 ], [ 4.984554602887117, 51.517882120549402 ], [ 4.982496200257611, 51.514088059347941 ], [ 4.9924213743502, 51.512294384646331 ], [ 4.985775986447183, 51.499754548344974 ], [ 4.986739821643027, 51.495329268656967 ], [ 4.994642971597363, 51.497650695359589 ], [ 4.996756580059555, 51.496774717453555 ], [ 4.992466437769973, 51.493945539395135 ], [ 5.000363945174326, 51.491862477253299 ], [ 4.997185872376647, 51.487766941802874 ], [ 4.992942212650059, 51.487623219710997 ], [ 4.991637889742189, 51.48618246275467 ], [ 4.993391039662779, 51.485479310779752 ], [ 4.987993347474682, 51.483044730028965 ], [ 4.999176406925375, 51.482015881308577 ], [ 4.999165150264615, 51.479357055571526 ], [ 5.008338214409036, 51.47329958871471 ], [ 5.015272493603312, 51.476329359745691 ], [ 5.01652248344035, 51.475439161874007 ], [ 5.022205513398507, 51.481730361623086 ], [ 5.033155629342373, 51.487194275185253 ], [ 5.03878803444035, 51.487000607068616 ], [ 5.04009373690894, 51.485099587449248 ], [ 5.037888460043591, 51.479349848370077 ], [ 5.045768241320888, 51.471115031771404 ], [ 5.049277000738855, 51.471108923980395 ] ] ] } },
{ "type": "Feature", "properties": { "code": "1942", "gemeente": "Gooise Meren", "provincie": "Noord-Holland" }, "geometry": { "type": "Polygon", "coordinates": [ [ [ 5.161772846834384, 52.25585081389054 ], [ 5.180355414307985, 52.264164914553056 ], [ 5.201580331795657, 52.267937014384799 ], [ 5.184702826060049, 52.278009687795318 ], [ 5.195019751596621, 52.280923183704012 ], [ 5.194662173717032, 52.283478563920418 ], [ 5.19213739748268, 52.284115703159905 ], [ 5.193802864952889, 52.285527894987446 ], [ 5.19568315768996, 52.28476537826154 ], [ 5.195295151726061, 52.288722786806737 ], [ 5.193241105136298, 52.288140528245719 ], [ 5.192379476140117, 52.290329297159012 ], [ 5.187075246499667, 52.29260290483316 ], [ 5.195917130184678, 52.295076679290737 ], [ 5.194991650899348, 52.297107374995669 ], [ 5.197798072136087, 52.300334553615507 ], [ 5.206866918082765, 52.29991902783248 ], [ 5.210060655267381, 52.301972716659336 ], [ 5.214142536550693, 52.298478717472854 ], [ 5.22956071349757, 52.301723898106616 ], [ 5.230341605264004, 52.305843746758129 ], [ 5.224590086743879, 52.325761536502768 ], [ 5.151132150249473, 52.318646674895767 ], [ 5.146144429715013, 52.319669486356318 ], [ 5.079288908922896, 52.370407721064176 ], [ 5.079162221016464, 52.3886541209122 ], [ 5.037679685440173, 52.375401270034793 ], [ 5.039969156852531, 52.341266012005441 ], [ 5.023658928399329, 52.336511779962535 ], [ 5.013059683081353, 52.330492739323702 ], [ 5.016653254959452, 52.322986900019387 ], [ 5.018489480888504, 52.323294983404942 ], [ 5.017273291928094, 52.330186715230759 ], [ 5.029928888812271, 52.33067129129968 ], [ 5.061513567424403, 52.323674721682899 ], [ 5.061468426124057, 52.321747100959016 ], [ 5.056741792441616, 52.319599438592206 ], [ 5.058340032102302, 52.316317296009494 ], [ 5.065259457380757, 52.319181524031919 ], [ 5.065858825505723, 52.32223747619809 ], [ 5.092966304419335, 52.314201506990464 ], [ 5.092125954895129, 52.313013745284721 ], [ 5.100554105270062, 52.310436922536994 ], [ 5.096257259331249, 52.306863546676972 ], [ 5.097186934567177, 52.299952768333441 ], [ 5.101301559065742, 52.297922566556792 ], [ 5.107674362201546, 52.297291614192169 ], [ 5.106065061819564, 52.294668492776388 ], [ 5.098473543095408, 52.291636154366401 ], [ 5.104646016747639, 52.285384668919697 ], [ 5.12180017446294, 52.281721807755581 ], [ 5.125495067243802, 52.278761112656362 ], [ 5.135358552543184, 52.278086703983497 ], [ 5.143945677901905, 52.274301252412776 ], [ 5.1437984889629, 52.269760199948415 ], [ 5.137723698353256, 52.263063575183949 ], [ 5.137609330128087, 52.259603904747536 ], [ 5.161808367762533, 52.259926432482423 ], [ 5.161772846834384, 52.25585081389054 ] ] ] } },
{ "type": "Feature", "properties": { "code": "0512", "gemeente": "Gorinchem", "provincie": "Zuid-Holland" }, "geometry": { "type": "Polygon", "coordinates": [ [ [ 4.986936245588395, 51.821157260693724 ], [ 5.008280645812737, 51.821019447586977 ], [ 5.026351768102118, 51.818856743717603 ], [ 5.031415002930533, 51.841084806233077 ], [ 5.000020985980223, 51.844363264833696 ], [ 4.999151285839604, 51.852284650103591 ], [ 4.996341909354475, 51.849228628328575 ], [ 4.981260293579861, 51.851870310339194 ], [ 4.983318610197363, 51.857108255113403 ], [ 4.972728657891989, 51.859931596377464 ], [ 4.959309563055528, 51.862884939135341 ], [ 4.95732936627588, 51.859497080489298 ], [ 4.938398678699122, 51.863629364088567 ], [ 4.942720037955144, 51.844786369793141 ], [ 4.937255125049934, 51.844500442876914 ], [ 4.930140704254883, 51.840110093039208 ], [ 4.921822815568513, 51.840788893974839 ], [ 4.924844789156758, 51.839833529237701 ], [ 4.926986581033016, 51.828305965162244 ], [ 4.936064117519737, 51.828314503367537 ], [ 4.986936245588395, 51.821157260693724 ] ] ] } },
{ "type": "Feature", "properties": { "code": "0513", "gemeente": "Gouda", "provincie": "Zuid-Holland" }, "geometry": { "type": "Polygon", "coordinates": [ [ [ 4.719204845819, 51.998490875375673 ], [ 4.727569780673215, 52.001582886159639 ], [ 4.722792600235278, 52.005482062066122 ], [ 4.72896342760565, 52.007466944236299 ], [ 4.737291800284142, 52.005935129608865 ], [ 4.737733368741354, 52.006841439312232 ], [ 4.747170359055033, 52.002576547120988 ], [ 4.757329808613201, 52.001341698948444 ], [ 4.757320780696213, 52.002927740312693 ], [ 4.74369743735891, 52.022608074378169 ], [ 4.7367826515335, 52.02274822845181 ], [ 4.734400031839575, 52.025020155475119 ], [ 4.7198480149292, 52.026484379770949 ], [ 4.719871228281704, 52.035200822570495 ], [ 4.717581404966588, 52.035306740572437 ], [ 4.716188473653822, 52.038251849683775 ], [ 4.706039290425558, 52.040119702757835 ], [ 4.68666712344385, 52.030356396179755 ], [ 4.667278996606685, 52.025078340781292 ], [ 4.681823105672254, 52.019307507439215 ], [ 4.666606553635837, 52.012970639762734 ], [ 4.670728921802452, 52.011126413770221 ], [ 4.659454560087035, 52.005287700412737 ], [ 4.662810242881224, 52.00324582868604 ], [ 4.670716944804139, 52.002326115043616 ], [ 4.680229461251178, 51.996541579000656 ], [ 4.684021275557738, 51.997957675494455 ], [ 4.688684513658414, 51.996258046064 ], [ 4.69988099912867, 51.997231889002578 ], [ 4.707217069720813, 52.001762269901427 ], [ 4.712909602699009, 51.999141341983034 ], [ 4.714411544411865, 52.000402832631643 ], [ 4.719204845819, 51.998490875375673 ] ] ] } },
{ "type": "Feature", "properties": { "code": "0014", "gemeente": "Groningen", "provincie": "Groningen" }, "geometry": { "type": "Polygon", "coordinates": [ [ [ 6.634831637347232, 53.106202130999073 ], [ 6.670602483822512, 53.116516312438797 ], [ 6.695366931310891, 53.121176019624045 ], [ 6.689572286054703, 53.143306130786456 ], [ 6.686274688907455, 53.14784759085142 ], [ 6.690251086410517, 53.150440919233731 ], [ 6.688714249560788, 53.154611131454345 ], [ 6.678330363383249, 53.164637462877046 ], [ 6.66233105780159, 53.171296267740907 ], [ 6.657240926213261, 53.180769339230125 ], [ 6.639468072375265, 53.185980750933957 ], [ 6.646821289033377, 53.187937355617812 ], [ 6.639813106523598, 53.190296578354946 ], [ 6.649979117469086, 53.193176987759479 ], [ 6.666872699582183, 53.202020346239571 ], [ 6.673596946439976, 53.200650641516177 ], [ 6.683455372631925, 53.201127743685653 ], [ 6.682484295677522, 53.208487292040694 ], [ 6.679762096385266, 53.208322281552071 ], [ 6.680473003333781, 53.211691690082979 ], [ 6.684888983641344, 53.211157651989879 ], [ 6.698245266021295, 53.214667455581171 ], [ 6.697515543358419, 53.21696559000678 ], [ 6.701458654202818, 53.218875521253757 ], [ 6.705759995737592, 53.225011574744812 ], [ 6.708688715353048, 53.225079900365508 ], [ 6.70567223805569, 53.228256317008913 ], [ 6.709824520347722, 53.232709125680437 ], [ 6.706544384180562, 53.234910990289897 ], [ 6.709325710540798, 53.234907613170463 ], [ 6.717685707279199, 53.241872505007919 ], [ 6.712720712580161, 53.244619857336971 ], [ 6.714507595200759, 53.245610918698098 ], [ 6.703537441913705, 53.251942076652213 ], [ 6.703852033412442, 53.253572732038236 ], [ 6.698330356673685, 53.256144954413578 ], [ 6.772526795139819, 53.283086599651746 ], [ 6.769136881728841, 53.286625535145618 ], [ 6.772309464517059, 53.287792648139515 ], [ 6.769794414210887, 53.2906804067484 ], [ 6.772365186333072, 53.291811488385029 ], [ 6.764620578760136, 53.298134361804856 ], [ 6.76068372158756, 53.295236185315254 ], [ 6.755538598254716, 53.299633733427562 ], [ 6.753081468844903, 53.298847070595343 ], [ 6.744910376315062, 53.307019639891514 ], [ 6.749350826128938, 53.309843059710936 ], [ 6.747331363425145, 53.311919684469878 ], [ 6.742681544240956, 53.311019753634952 ], [ 6.737842282340065, 53.312963733542801 ], [ 6.734075406179531, 53.311962584163098 ], [ 6.729395942240784, 53.305292232977251 ], [ 6.726495145349409, 53.304889838512771 ], [ 6.709156332814743, 53.310014895296888 ], [ 6.706689389183223, 53.307109496735158 ], [ 6.689591636853089, 53.297449281725058 ], [ 6.676826509055696, 53.30387026967275 ], [ 6.654053439536868, 53.30864457396963 ], [ 6.625847967078164, 53.266197140228549 ], [ 6.633451873324862, 53.25976034832523 ], [ 6.63556592464619, 53.25123625269493 ], [ 6.619296965484888, 53.24944789693015 ], [ 6.618345803833773, 53.251485933307379 ], [ 6.606407236929271, 53.251416592273344 ], [ 6.606351294243722, 53.253740850343767 ], [ 6.586327678407767, 53.255846081568507 ], [ 6.588693332955303, 53.262550862442403 ], [ 6.567230113982985, 53.261494080557583 ], [ 6.566601191758615, 53.26360735780812 ], [ 6.552397013372052, 53.262178630825744 ], [ 6.550263151024986, 53.264946904115227 ], [ 6.537926185671504, 53.264096705189168 ], [ 6.539308051306842, 53.260359753321268 ], [ 6.526594034123469, 53.258265781516833 ], [ 6.524291486367357, 53.256436188492451 ], [ 6.519054359168885, 53.258489228813282 ], [ 6.510825284900975, 53.25678785473071 ], [ 6.508240360861665, 53.257574055788609 ], [ 6.511442425226897, 53.254114244754994 ], [ 6.502635893301354, 53.247500998045858 ], [ 6.499236332875614, 53.248383270670999 ], [ 6.495988502552461, 53.24561141252871 ], [ 6.491985482626975, 53.245554701503089 ], [ 6.488601662545446, 53.249016357022228 ], [ 6.480920743863521, 53.250185292764421 ], [ 6.464473613471998, 53.207614322596648 ], [ 6.46689965095567, 53.204302452696226 ], [ 6.462745618486704, 53.20197879132435 ], [ 6.463461423639393, 53.200058235516096 ], [ 6.485716832185878, 53.203821262378355 ], [ 6.492592555086207, 53.201386105088872 ], [ 6.494227147009528, 53.198217552222161 ], [ 6.506859260048246, 53.200144035605852 ], [ 6.513385991898259, 53.196937022361986 ], [ 6.515715201089696, 53.198308154228251 ], [ 6.530491983815765, 53.195559277845909 ], [ 6.534281862478584, 53.184085139824091 ], [ 6.541743921218808, 53.178610311044316 ], [ 6.548188306887753, 53.181097641576301 ], [ 6.559496803826199, 53.169105760363308 ], [ 6.563687464662347, 53.157638379049729 ], [ 6.581514703251765, 53.163584448647498 ], [ 6.583572503014688, 53.157867469428339 ], [ 6.58708933362293, 53.156225962467445 ], [ 6.584521344773571, 53.153509371193323 ], [ 6.587964218650819, 53.145436090509939 ], [ 6.599984478200797, 53.144723530897771 ], [ 6.614400446061963, 53.135556961925431 ], [ 6.613641278186045, 53.13269429178645 ], [ 6.619019536527499, 53.131552499432992 ], [ 6.621903682196843, 53.126194804574219 ], [ 6.630830602446563, 53.119211134041706 ], [ 6.628055955013062, 53.115647023035876 ], [ 6.636597246780116, 53.112842877357572 ], [ 6.635110774894148, 53.11146093546737 ], [ 6.637086361823185, 53.108300893559324 ], [ 6.634831637347232, 53.106202130999073 ] ] ] } },
{ "type": "Feature", "properties": { "code": "1729", "gemeente": "Gulpen-Wittem", "provincie": "Limburg" }, "geometry": { "type": "Polygon", "coordinates": [ [ [ 5.849139227593963, 50.753658391242581 ], [ 5.85296348752791, 50.75771377640168 ], [ 5.863126850441578, 50.763372959056753 ], [ 5.87622806493181, 50.765616268709579 ], [ 5.886476941773755, 50.770156808395839 ], [ 5.889672103376633, 50.764221154859939 ], [ 5.88973833817066, 50.756327721913543 ], [ 5.901023134664216, 50.751494306826054 ], [ 5.904850080575809, 50.755223825210663 ], [ 5.908216565234165, 50.755696048944976 ], [ 5.909009805272481, 50.75421878981286 ], [ 5.913703496040876, 50.755747739180357 ], [ 5.916220588672908, 50.750450477595855 ], [ 5.921450186076268, 50.751357471267411 ], [ 5.931063745990707, 50.756942575166391 ], [ 5.935697580934268, 50.756908066763451 ], [ 5.934710475184662, 50.758494019875592 ], [ 5.93009401329453, 50.759040298142857 ], [ 5.932151181963636, 50.760849611616649 ], [ 5.930142862803255, 50.762635939933006 ], [ 5.92505921552405, 50.763651410391162 ], [ 5.925476158154785, 50.766321943060646 ], [ 5.920541094273922, 50.769333137397432 ], [ 5.921904959734665, 50.773354204108287 ], [ 5.923850196894817, 50.775240996011441 ], [ 5.929545624528101, 50.775356500979179 ], [ 5.935929781111462, 50.77146089595179 ], [ 5.943102423982417, 50.772919575276852 ], [ 5.944914280020277, 50.781609012065047 ], [ 5.942008090590161, 50.790479121121933 ], [ 5.94542733874233, 50.796146493427429 ], [ 5.95162947866007, 50.793787300828832 ], [ 5.964808925316947, 50.802418648512599 ], [ 5.969104250281066, 50.801272303815402 ], [ 5.976680871827483, 50.803369980361524 ], [ 5.983518169388201, 50.809729701188417 ], [ 5.97952316142375, 50.814576372911077 ], [ 5.969317960629645, 50.816645622486398 ], [ 5.971845747175101, 50.821220034009663 ], [ 5.959453327620353, 50.828080910636878 ], [ 5.955524071112089, 50.835353703143689 ], [ 5.956946982335158, 50.835842627039817 ], [ 5.954816216386329, 50.845924120853425 ], [ 5.946801692983352, 50.844686299824744 ], [ 5.933180840777187, 50.839659725487792 ], [ 5.929529755452633, 50.840229707597686 ], [ 5.925002413285028, 50.84884125665117 ], [ 5.916169407788356, 50.848818911888287 ], [ 5.898771662762026, 50.843350898227712 ], [ 5.891244416159222, 50.842746824868314 ], [ 5.887992574136381, 50.847033705969032 ], [ 5.875313271685608, 50.847105642550922 ], [ 5.877578746435502, 50.841319043643395 ], [ 5.873951474285323, 50.837923518054254 ], [ 5.870259080806651, 50.836534943261796 ], [ 5.871002827656496, 50.838293082034085 ], [ 5.866213589122359, 50.83871181451461 ], [ 5.859460867488879, 50.833684195083961 ], [ 5.864135531658911, 50.823344331863211 ], [ 5.857648576201362, 50.820339672982008 ], [ 5.853176327961958, 50.82075125745682 ], [ 5.85117778776275, 50.81917544901362 ], [ 5.852869564894242, 50.817791922724254 ], [ 5.848733075336331, 50.814914629611771 ], [ 5.845120856786381, 50.815398115145307 ], [ 5.839239498376188, 50.807588034177797 ], [ 5.831718035043733, 50.808770422235952 ], [ 5.819409555039321, 50.805241581854212 ], [ 5.821742490817726, 50.796213228974267 ], [ 5.827515509779714, 50.790090692120884 ], [ 5.832597250305841, 50.788639737207539 ], [ 5.832909872314395, 50.786579846402304 ], [ 5.835886075741247, 50.786681131724968 ], [ 5.833957645283536, 50.784401552208628 ], [ 5.835255820077985, 50.781737732177803 ], [ 5.838455584123798, 50.78164954128021 ], [ 5.843882625903991, 50.775184812128458 ], [ 5.84254713604825, 50.774076868896664 ], [ 5.849139227593963, 50.753658391242581 ] ] ] } },
{ "type": "Feature", "properties": { "code": "0158", "gemeente": "Haaksbergen", "provincie": "Overijssel" }, "geometry": { "type": "Polygon", "coordinates": [ [ [ 6.716272364223368, 52.11827040942191 ], [ 6.822710325284451, 52.118404263344551 ], [ 6.855473949001788, 52.120462097000022 ], [ 6.867088300819124, 52.128071315364188 ], [ 6.873458520515264, 52.130283687579528 ], [ 6.881960328334865, 52.155976492302095 ], [ 6.880458179012497, 52.156009545685968 ], [ 6.889750263110306, 52.161205921813853 ], [ 6.869865296848938, 52.162693391041039 ], [ 6.827990683099101, 52.171006545395876 ], [ 6.814277342955033, 52.170861109326552 ], [ 6.805581282737007, 52.166600165677032 ], [ 6.788320928137233, 52.176190243560875 ], [ 6.7668005447355, 52.191064901971323 ], [ 6.712387769380817, 52.206331436745216 ], [ 6.703469001775636, 52.198527939346157 ], [ 6.697494106204288, 52.196247971469703 ], [ 6.672050451379302, 52.198186721586971 ], [ 6.624347347962192, 52.188908102914795 ], [ 6.634453815574894, 52.185955212150269 ], [ 6.640123559845296, 52.18128051531076 ], [ 6.642754978931444, 52.181447122051694 ], [ 6.647294074271189, 52.176895286193805 ], [ 6.645040703465011, 52.174194259115623 ], [ 6.671338907564708, 52.165683200943029 ], [ 6.673397356200082, 52.163239702470996 ], [ 6.674280132701663, 52.158537917675325 ], [ 6.670351416503586, 52.156424163065751 ], [ 6.67346897131563, 52.15497235388478 ], [ 6.673819394024362, 52.152103628917835 ], [ 6.67130922197449, 52.150458116089219 ], [ 6.673748238858813, 52.148286603733268 ], [ 6.673879661478392, 52.141203772146582 ], [ 6.662398926770223, 52.130167437208243 ], [ 6.677690598255813, 52.125958955618181 ], [ 6.697810023463136, 52.123553673781082 ], [ 6.716272364223368, 52.11827040942191 ] ] ] } },
{ "type": "Feature", "properties": { "code": "0392", "gemeente": "Haarlem", "provincie": "Noord-Holland" }, "geometry": { "type": "Polygon", "coordinates": [ [ [ 4.650768611161143, 52.428569666080961 ], [ 4.636183773572164, 52.410820191038539 ], [ 4.631647753651029, 52.411665845181801 ], [ 4.621605773473733, 52.38798176011035 ], [ 4.610819513049181, 52.389821137221801 ], [ 4.608551894967852, 52.385443639670257 ], [ 4.601231690288587, 52.383793991364001 ], [ 4.599515588249803, 52.377454454248287 ], [ 4.601526442220154, 52.372278257346899 ], [ 4.604586480226054, 52.371355260305293 ], [ 4.604157740960082, 52.36759250215615 ], [ 4.60732388964355, 52.367044718354059 ], [ 4.605723675420443, 52.363404861305213 ], [ 4.61790338453908, 52.361471787239509 ], [ 4.625628790398149, 52.362126371255258 ], [ 4.630299882706933, 52.360649120018834 ], [ 4.636626338329212, 52.361484180646357 ], [ 4.637607126651433, 52.359504433715365 ], [ 4.634930648026198, 52.355909107517562 ], [ 4.640385597014843, 52.349833656568457 ], [ 4.639648017710913, 52.338906081372741 ], [ 4.649410879472249, 52.340599892613469 ], [ 4.675285337716238, 52.352477694872874 ], [ 4.676452459478551, 52.356256229340126 ], [ 4.671471165817516, 52.372073228044322 ], [ 4.68559725040847, 52.382977446402094 ], [ 4.686921137177572, 52.387443706940978 ], [ 4.682595868910561, 52.388216088931493 ], [ 4.681190362461323, 52.390286666014688 ], [ 4.674491048879792, 52.390922988729898 ], [ 4.67319887061284, 52.393687951266131 ], [ 4.678685686294555, 52.399477457763261 ], [ 4.668664577459253, 52.401399405793804 ], [ 4.668816210608147, 52.404162802826072 ], [ 4.67437943702162, 52.406469320720397 ], [ 4.671962343339833, 52.409447078433644 ], [ 4.676518650547115, 52.409963355934217 ], [ 4.682495886055535, 52.413368810401217 ], [ 4.681227178485855, 52.419331452860575 ], [ 4.67437240895427, 52.418634229823589 ], [ 4.672084090828558, 52.422463075617458 ], [ 4.666876852681982, 52.425057591202737 ], [ 4.650768611161143, 52.428569666080961 ] ] ] } },
{ "type": "Feature", "properties": { "code": "0394", "gemeente": "Haarlemmermeer", "provincie": "Noord-Holland" }, "geometry": { "type": "Polygon", "coordinates": [ [ [ 4.556721118961254, 52.219206624953109 ], [ 4.571938233389098, 52.216971841290523 ], [ 4.583553196004725, 52.218874209939081 ], [ 4.601707496698678, 52.214651062460092 ], [ 4.61963782369136, 52.214578389943782 ], [ 4.632937162129026, 52.216270287402317 ], [ 4.66504519052603, 52.227573790542053 ], [ 4.677327247884581, 52.234561571573082 ], [ 4.681248683543583, 52.23914288921079 ], [ 4.701756850426896, 52.244401964887395 ], [ 4.713220180073574, 52.255400901068029 ], [ 4.72078565754693, 52.258781503270043 ], [ 4.725940939569874, 52.263371036195188 ], [ 4.739579235684153, 52.267748490747358 ], [ 4.74669928829652, 52.27225335636507 ], [ 4.764012465255433, 52.276417700746855 ], [ 4.779910315906112, 52.283130299313733 ], [ 4.789562320081991, 52.28953305014592 ], [ 4.795761536630788, 52.29942802084193 ], [ 4.809878242989736, 52.305772437230914 ], [ 4.816726517151332, 52.311003299407837 ], [ 4.819156612061837, 52.32391555831655 ], [ 4.817128779925006, 52.326920263632964 ], [ 4.797765491194787, 52.335282519641488 ], [ 4.790541200500789, 52.341841694736267 ], [ 4.755103911038114, 52.356831828735977 ], [ 4.758574684684765, 52.371594354816487 ], [ 4.756433873807737, 52.377763544148962 ], [ 4.759124708669686, 52.379329248204598 ], [ 4.757818089449324, 52.396663389034103 ], [ 4.728758928786465, 52.40071135200882 ], [ 4.7392080969197, 52.431063833889134 ], [ 4.721983095075638, 52.433336172705609 ], [ 4.710654981302012, 52.427692757910812 ], [ 4.700537224442434, 52.425512921687989 ], [ 4.681130565582201, 52.412317055113178 ], [ 4.671962343339833, 52.409447078433644 ], [ 4.67437943702162, 52.406469320720397 ], [ 4.668816210608147, 52.404162802826072 ], [ 4.668664577459253, 52.401399405793804 ], [ 4.678685686294555, 52.399477457763261 ], [ 4.67319887061284, 52.393687951266131 ], [ 4.674428806134345, 52.3909913890258 ], [ 4.681190362461323, 52.390286666014688 ], [ 4.682595868910561, 52.388216088931493 ], [ 4.686921137177572, 52.387443706940978 ], [ 4.68559725040847, 52.382977446402094 ], [ 4.671471165817516, 52.372073228044322 ], [ 4.676106657709131, 52.353548687325237 ], [ 4.672855818410864, 52.350747902798005 ], [ 4.649046107718104, 52.34046501850662 ], [ 4.631057609620415, 52.337658317846511 ], [ 4.61977794589615, 52.333586692644474 ], [ 4.61266129801169, 52.327200723910686 ], [ 4.611533102105192, 52.312240093966942 ], [ 4.597970330582439, 52.297375559924305 ], [ 4.588598632092718, 52.280680694960651 ], [ 4.567922400361422, 52.267976775602371 ], [ 4.569520803875277, 52.259691160078127 ], [ 4.562936945103613, 52.234758184766839 ], [ 4.554208114008848, 52.231397496059863 ], [ 4.550455093708028, 52.226596845302019 ], [ 4.556721118961254, 52.219206624953109 ] ] ] } },
{ "type": "Feature", "properties": { "code": "1655", "gemeente": "Halderberge", "provincie": "Noord-Brabant" }, "geometry": { "type": "Polygon", "coordinates": [ [ [ 4.500823067315164, 51.609465079502804 ], [ 4.491938285049198, 51.617901029818732 ], [ 4.484609827249006, 51.620073236040881 ], [ 4.461611823073633, 51.61439152040041 ], [ 4.443536530836822, 51.615088560494968 ], [ 4.437827867147123, 51.617119165111248 ], [ 4.435678421096211, 51.615150729118618 ], [ 4.433765468549932, 51.615939452810991 ], [ 4.431546545060334, 51.610845000011928 ], [ 4.426674801478486, 51.61174020757791 ], [ 4.431338868884162, 51.585655049103146 ], [ 4.447825194667727, 51.566016653728589 ], [ 4.453138567450296, 51.56662744087226 ], [ 4.452983722798517, 51.563637280979741 ], [ 4.456526277156719, 51.563133600349126 ], [ 4.457535574615536, 51.561459141468973 ], [ 4.465796369369531, 51.561043139488199 ], [ 4.469914855866299, 51.563043629918461 ], [ 4.473590807202156, 51.560744874185289 ], [ 4.486565928371744, 51.56060269207083 ], [ 4.500204151582094, 51.558536336871711 ], [ 4.501634755423723, 51.563270735872699 ], [ 4.504153851816928, 51.5629850459243 ], [ 4.504955575366271, 51.566026315479746 ], [ 4.508713475653587, 51.565548622618742 ], [ 4.509450806236882, 51.568561895481345 ], [ 4.536616429953348, 51.56577642751374 ], [ 4.528689674538781, 51.55548657606078 ], [ 4.528068983833466, 51.551998809314924 ], [ 4.530358612274344, 51.549255660267846 ], [ 4.545011182264834, 51.551604487276229 ], [ 4.545371046642359, 51.553908816872038 ], [ 4.548426981843277, 51.552318634488849 ], [ 4.582007149099862, 51.559050173067327 ], [ 4.581750756754621, 51.560266745801691 ], [ 4.584977342906886, 51.559643975118696 ], [ 4.592222478498742, 51.561289330046883 ], [ 4.590645723476596, 51.565978684457946 ], [ 4.595148087034055, 51.5676659953102 ], [ 4.598557829913483, 51.584378193642834 ], [ 4.596755192071569, 51.59029782659016 ], [ 4.613891623983513, 51.608037985717409 ], [ 4.610729674245166, 51.609541218852286 ], [ 4.608823396847185, 51.615049990666911 ], [ 4.60336056027518, 51.617387714790915 ], [ 4.604264235383297, 51.62143934252812 ], [ 4.601233179113934, 51.625238894804419 ], [ 4.594471411292848, 51.624127985306828 ], [ 4.576057459516765, 51.629977398535594 ], [ 4.564013441772509, 51.629708928283073 ], [ 4.557253467427881, 51.627302890963819 ], [ 4.549134244544631, 51.619891501928684 ], [ 4.530866894667215, 51.615947877573028 ], [ 4.518845708407786, 51.607711871398706 ], [ 4.510203352966227, 51.606766302025171 ], [ 4.500823067315164, 51.609465079502804 ] ] ] } },
{ "type": "Feature", "properties": { "code": "0160", "gemeente": "Hardenberg", "provincie": "Overijssel" }, "geometry": { "type": "Polygon", "coordinates": [ [ [ 6.641906900402606, 52.471323371735437 ], [ 6.649555605169841, 52.473089888684022 ], [ 6.651100234394419, 52.475156779590989 ], [ 6.647459620011181, 52.478614043369696 ], [ 6.654578213307485, 52.482715247632335 ], [ 6.653659033783686, 52.487832167520992 ], [ 6.669301280978982, 52.494980737451101 ], [ 6.693485359781053, 52.486327112973754 ], [ 6.697584623933683, 52.486298242751879 ], [ 6.705332481397361, 52.521007561804367 ], [ 6.680879908663564, 52.553317442698713 ], [ 6.716264187226841, 52.548524817601873 ], [ 6.71623579030681, 52.550327286449829 ], [ 6.72095954486461, 52.552947175081691 ], [ 6.725973401311993, 52.563255074482363 ], [ 6.740103237783496, 52.562053477824364 ], [ 6.752272384423891, 52.559038861874782 ], [ 6.766692026423944, 52.561636899679755 ], [ 6.766659906998795, 52.563532733865422 ], [ 6.718771563434542, 52.588636024811464 ], [ 6.727288777805061, 52.614927886277165 ], [ 6.714207623771856, 52.626807577420344 ], [ 6.708001546632127, 52.628014303452716 ], [ 6.707170974825785, 52.626760434070817 ], [ 6.702004534183179, 52.627267055649767 ], [ 6.700791681863586, 52.628409635110543 ], [ 6.706525510516692, 52.639542145359599 ], [ 6.70115274291317, 52.641735936975458 ], [ 6.705677329917466, 52.643478249502195 ], [ 6.708546527887802, 52.648715354238824 ], [ 6.682509176104397, 52.654178513844322 ], [ 6.614526804458134, 52.674049275570077 ], [ 6.552821392601239, 52.66559496630807 ], [ 6.513861466748858, 52.646293771982599 ], [ 6.518604193547553, 52.614087844999951 ], [ 6.512026845011711, 52.613649670095647 ], [ 6.504512178676789, 52.617058151777407 ], [ 6.491850407732368, 52.619144254838353 ], [ 6.478016188772939, 52.618631306583644 ], [ 6.470073153389263, 52.6250072909991 ], [ 6.463284909579466, 52.623513637827102 ], [ 6.459788259885871, 52.615759781454514 ], [ 6.455138117242904, 52.615440364329565 ], [ 6.453365993691299, 52.613945706688924 ], [ 6.441879666371459, 52.615637268369277 ], [ 6.434934372940981, 52.619285548247369 ], [ 6.433803067149269, 52.626409214006109 ], [ 6.431242899512939, 52.62837793537836 ], [ 6.428176487774207, 52.628188503440363 ], [ 6.426794306504105, 52.624526877645167 ], [ 6.42023645246316, 52.622317642440436 ], [ 6.418808498520388, 52.619023200322239 ], [ 6.412858773739593, 52.619574436799297 ], [ 6.409502229568236, 52.621733261175123 ], [ 6.406250912168495, 52.620694432717812 ], [ 6.406858316359217, 52.617780999718441 ], [ 6.403766750125572, 52.616271188786399 ], [ 6.396035216123432, 52.617787966260977 ], [ 6.391522217346941, 52.614519415638895 ], [ 6.383902083373123, 52.612195517023309 ], [ 6.382796093504435, 52.615661138779586 ], [ 6.380319504559131, 52.614974923434453 ], [ 6.376510380369437, 52.616923935907167 ], [ 6.377178008484387, 52.620360722200296 ], [ 6.373252527329275, 52.62383746064787 ], [ 6.375205897425012, 52.627408132420229 ], [ 6.371485127095225, 52.631792360503667 ], [ 6.369180258570482, 52.632067468274947 ], [ 6.369522318370262, 52.635483964495741 ], [ 6.363019084378407, 52.63905848079407 ], [ 6.364441038290164, 52.643174568876695 ], [ 6.359750590507832, 52.645561992136514 ], [ 6.353337589863964, 52.645963323938432 ], [ 6.353298582338533, 52.647813670519348 ], [ 6.346967832449647, 52.649151947948162 ], [ 6.341395249744146, 52.65412118049619 ], [ 6.334002899719244, 52.654698867159865 ], [ 6.327797714749274, 52.658692750218059 ], [ 6.303063689094568, 52.597141153016416 ], [ 6.319680692402698, 52.599171078526581 ], [ 6.323412515383311, 52.592527170022002 ], [ 6.402644543359489, 52.591402819940939 ], [ 6.41501530689445, 52.570012284971888 ], [ 6.428281987139809, 52.571227018272701 ], [ 6.438071393805743, 52.569374513991598 ], [ 6.488355604054262, 52.56900098678485 ], [ 6.504938668536916, 52.575885379683413 ], [ 6.521826689106339, 52.560585678550822 ], [ 6.529659581061296, 52.546286051739763 ], [ 6.534115391785526, 52.528336359499079 ], [ 6.536054553576423, 52.528930303743856 ], [ 6.541771679058352, 52.526347907031031 ], [ 6.541322989978124, 52.518969764071308 ], [ 6.546593934498397, 52.51855829947943 ], [ 6.545671401371163, 52.516036176125787 ], [ 6.554057583335335, 52.512459665806823 ], [ 6.55667796480475, 52.513260494493906 ], [ 6.554882003620836, 52.515596223004501 ], [ 6.559048807041771, 52.519181562882807 ], [ 6.564405121076266, 52.518870927094333 ], [ 6.566838798985673, 52.516082452666836 ], [ 6.56480804537865, 52.514478118181145 ], [ 6.56019772544062, 52.515220470596695 ], [ 6.561282473435966, 52.512931159588092 ], [ 6.609643543464252, 52.492504830454756 ], [ 6.595188122647814, 52.480303300455354 ], [ 6.601035025420982, 52.479470235825964 ], [ 6.612575071024187, 52.465763868035722 ], [ 6.616570465660174, 52.469368538074413 ], [ 6.626820828570573, 52.473831264032022 ], [ 6.635620652217934, 52.471647229192641 ], [ 6.640584452496888, 52.473105150132746 ], [ 6.641906900402606, 52.471323371735437 ] ] ] } },
{ "type": "Feature", "properties": { "code": "0243", "gemeente": "Harderwijk", "provincie": "Gelderland" }, "geometry": { "type": "Polygon", "coordinates": [ [ [ 5.678123687840502, 52.301492134736115 ], [ 5.686447111151711, 52.313142864512706 ], [ 5.712411465294948, 52.33176805976936 ], [ 5.712847618333824, 52.333899837697544 ], [ 5.711103414374781, 52.338683114430914 ], [ 5.704905241086911, 52.340474467538961 ], [ 5.704406441445292, 52.346522202525009 ], [ 5.699018302056941, 52.35290263765809 ], [ 5.698514384195074, 52.356586350516864 ], [ 5.700504710183661, 52.357812636732518 ], [ 5.69794978543994, 52.36095732305931 ], [ 5.693794148290878, 52.362115250939262 ], [ 5.678921588785432, 52.378841262961053 ], [ 5.65255449457309, 52.365427771582127 ], [ 5.64486725266342, 52.370864206818908 ], [ 5.614039236636347, 52.362256506836772 ], [ 5.611637697762309, 52.359500318347393 ], [ 5.605468693586768, 52.363360720249254 ], [ 5.595456110370334, 52.363447980615938 ], [ 5.587707315101092, 52.361454260608724 ], [ 5.575604008071911, 52.350760388817882 ], [ 5.565863595207214, 52.332389085942999 ], [ 5.581412667683503, 52.322615942129865 ], [ 5.602050610021129, 52.317985567846506 ], [ 5.601989564479997, 52.319760333466114 ], [ 5.608707301730134, 52.319052025680904 ], [ 5.623111767898303, 52.327532278739547 ], [ 5.630263833203085, 52.326850506917928 ], [ 5.670796099272555, 52.303916908184831 ], [ 5.678123687840502, 52.301492134736115 ] ] ] } },
{ "type": "Feature", "properties": { "code": "0523", "gemeente": "Hardinxveld-Giessendam", "provincie": "Zuid-Holland" }, "geometry": { "type": "Polygon", "coordinates": [ [ [ 4.812864999206585, 51.818742180182113 ], [ 4.839052007167325, 51.819254634803606 ], [ 4.871245931722873, 51.81758562246003 ], [ 4.883322904083546, 51.818627401380603 ], [ 4.884642513461593, 51.816471401679358 ], [ 4.911273501944068, 51.825981784855422 ], [ 4.926986581033016, 51.828305965162244 ], [ 4.924863832630622, 51.839718416995083 ], [ 4.906938089628997, 51.83849247028175 ], [ 4.877898664499013, 51.832514044272429 ], [ 4.867928354973669, 51.831993671532217 ], [ 4.866450570576716, 51.834836914806807 ], [ 4.863006820548524, 51.832940833345674 ], [ 4.847949470636272, 51.832617317358611 ], [ 4.838082139976638, 51.860734675104524 ], [ 4.803378550514556, 51.846353410463053 ], [ 4.805075450764181, 51.821949431316412 ], [ 4.811384104824885, 51.821147885237075 ], [ 4.812864999206585, 51.818742180182113 ] ] ] } },
{ "type": "Feature", "properties": { "code": "0072", "gemeente": "Harlingen", "provincie": "Fryslân" }, "geometry": { "type": "Polygon", "coordinates": [ [ [ 5.372279477851536, 53.093777954982095 ], [ 5.372274709454086, 53.107792776695575 ], [ 5.402145749912028, 53.125764397201785 ], [ 5.406639510488461, 53.152721049361176 ], [ 5.410802505244437, 53.151652072846304 ], [ 5.413031873335445, 53.152885126386607 ], [ 5.41708980742674, 53.150822150174413 ], [ 5.421435889766039, 53.153814039036007 ], [ 5.435509810857546, 53.153525504745815 ], [ 5.443907831368096, 53.14993659750364 ], [ 5.444628876082945, 53.151098935794096 ], [ 5.451272058017535, 53.14987607908742 ], [ 5.454678293244626, 53.147646334437852 ], [ 5.463028062035348, 53.147268073447904 ], [ 5.461436498911468, 53.144547170745454 ], [ 5.468337598342658, 53.143332783602098 ], [ 5.474902000115336, 53.150886389191356 ], [ 5.476722648910043, 53.150344369048781 ], [ 5.486709894458954, 53.165056439696016 ], [ 5.484746857370757, 53.165798566674304 ], [ 5.486010591990563, 53.169679492763542 ], [ 5.493456783186559, 53.173040895852679 ], [ 5.496393516121316, 53.177852326893252 ], [ 5.479348802455676, 53.176600801192443 ], [ 5.485601615240469, 53.19086826447645 ], [ 5.490174926827487, 53.194069527561076 ], [ 5.489556183109714, 53.200738814720822 ], [ 5.467135576663579, 53.19934249649264 ], [ 5.461491445668848, 53.201151346423934 ], [ 5.458123748109117, 53.20002115028722 ], [ 5.456213065818829, 53.203031019888904 ], [ 5.437680878381826, 53.209624982200026 ], [ 5.432116351357225, 53.215613647910004 ], [ 5.387207516250109, 53.215622112957192 ], [ 5.147495567143499, 53.251325154736726 ], [ 5.132830933735925, 53.197381653602804 ], [ 5.163222054344144, 53.107584603175333 ], [ 5.09577809730609, 53.087105150338637 ], [ 5.16424898628885, 53.001003694222504 ], [ 5.293314181216645, 53.06845941368919 ], [ 5.324909647955976, 53.074605331920942 ], [ 5.323658979994312, 53.079158690697113 ], [ 5.332900711668956, 53.080243704012659 ], [ 5.337189812816096, 53.076512761859171 ], [ 5.344199053694865, 53.077892373074903 ], [ 5.372279477851536, 53.093777954982095 ] ] ] } },
{ "type": "Feature", "properties": { "code": "0244", "gemeente": "Hattem", "provincie": "Gelderland" }, "geometry": { "type": "Polygon", "coordinates": [ [ [ 6.038055716708174, 52.444457739592018 ], [ 6.063320506501684, 52.451151345924131 ], [ 6.076433084220979, 52.451663186595241 ], [ 6.092848175075862, 52.454806444756642 ], [ 6.09492399504061, 52.451799880289705 ], [ 6.103545931303928, 52.453963720857914 ], [ 6.103350686611936, 52.456431705472752 ], [ 6.101359026958107, 52.467271469858503 ], [ 6.095293808994429, 52.473410937110458 ], [ 6.087813958724004, 52.477386455010759 ], [ 6.068422957279068, 52.483726519897402 ], [ 6.053468673993908, 52.500197194561778 ], [ 6.042409173303147, 52.505595586171545 ], [ 6.027857498248006, 52.509606202278768 ], [ 6.022851401130372, 52.505331879115644 ], [ 6.012367446407104, 52.50593977044413 ], [ 6.000788401867963, 52.500148828292041 ], [ 6.018643897201655, 52.489374341764197 ], [ 6.018527106459373, 52.484466726617647 ], [ 6.015830791466246, 52.482879287023387 ], [ 6.02630524620705, 52.483176419936761 ], [ 6.035012927961303, 52.475824104476587 ], [ 6.036944779283147, 52.470243493870512 ], [ 6.033922650745678, 52.464395779596231 ], [ 6.03471425814478, 52.461676775022198 ], [ 6.022667419979317, 52.444103112833488 ], [ 6.038055716708174, 52.444457739592018 ] ] ] } },
{ "type": "Feature", "properties": { "code": "0396", "gemeente": "Heemskerk", "provincie": "Noord-Holland" }, "geometry": { "type": "Polygon", "coordinates": [ [ [ 4.7129886382724, 52.491942031694748 ], [ 4.720367093550142, 52.494953916777376 ], [ 4.711703867202377, 52.496816879136148 ], [ 4.705423761612348, 52.50010752480766 ], [ 4.703442727573009, 52.503104416150492 ], [ 4.706096121495068, 52.506658442768995 ], [ 4.707937563904039, 52.506141158592236 ], [ 4.709151741232068, 52.509856414996165 ], [ 4.706546973668512, 52.510401508398118 ], [ 4.703854168635994, 52.508328207182913 ], [ 4.695715899932225, 52.507466853294488 ], [ 4.695108707109548, 52.510016525509933 ], [ 4.692559989608017, 52.510677138922148 ], [ 4.69059364976223, 52.519174064314505 ], [ 4.695736165915068, 52.526728067307054 ], [ 4.65988263848781, 52.531763411012513 ], [ 4.653075558987147, 52.530688732054394 ], [ 4.598665696473638, 52.531073974545045 ], [ 4.583320874815795, 52.533892073617316 ], [ 4.57149444719726, 52.502035791787556 ], [ 4.599930667878037, 52.497260958058412 ], [ 4.59863579751901, 52.495944539198646 ], [ 4.604313825996362, 52.494388846130427 ], [ 4.611473722968288, 52.496630921809434 ], [ 4.634999688259545, 52.499529108155116 ], [ 4.655379331763735, 52.497925243580241 ], [ 4.666054124152645, 52.501744031123138 ], [ 4.677993438415043, 52.493364616194619 ], [ 4.690382967320425, 52.490830382108157 ], [ 4.694741582355327, 52.491339135505328 ], [ 4.695508860316841, 52.487385469810782 ], [ 4.699666008634342, 52.489799233960788 ], [ 4.707968884397887, 52.486332442763427 ], [ 4.7129886382724, 52.491942031694748 ] ] ] } },
{ "type": "Feature", "properties": { "code": "0397", "gemeente": "Heemstede", "provincie": "Noord-Holland" }, "geometry": { "type": "Polygon", "coordinates": [ [ [ 4.597292298270574, 52.327831284488518 ], [ 4.611383865461458, 52.32220458402972 ], [ 4.612565195576116, 52.327069579884622 ], [ 4.61909408581251, 52.333274892802052 ], [ 4.62974083506418, 52.337310231327926 ], [ 4.639648017710913, 52.338906081372741 ], [ 4.640385597014843, 52.349833656568457 ], [ 4.634930648026198, 52.355909107517562 ], [ 4.637607126651433, 52.359504433715365 ], [ 4.636626338329212, 52.361484180646357 ], [ 4.630340573354879, 52.360646800675369 ], [ 4.625628790398149, 52.362126371255258 ], [ 4.604820425498116, 52.362565756923232 ], [ 4.590186117036501, 52.32835262778022 ], [ 4.597292298270574, 52.327831284488518 ] ] ] } },
{ "type": "Feature", "properties": { "code": "0246", "gemeente": "Heerde", "provincie": "Gelderland" }, "geometry": { "type": "Polygon", "coordinates": [ [ [ 6.076977252946962, 52.363983299387939 ], [ 6.078203166379366, 52.369046171234224 ], [ 6.081570133436035, 52.371733343105042 ], [ 6.117494112791714, 52.378150015115594 ], [ 6.122916761901324, 52.380688264786812 ], [ 6.126005477584897, 52.384521073285633 ], [ 6.125208451206062, 52.392627172524762 ], [ 6.130552875196105, 52.399978159568576 ], [ 6.12757924192147, 52.399617308550546 ], [ 6.119064764688603, 52.402641878701871 ], [ 6.114939900994923, 52.406936448091301 ], [ 6.110774466522487, 52.407747242032485 ], [ 6.114741107367112, 52.414255607773221 ], [ 6.113871946042801, 52.419853260010342 ], [ 6.118244868994495, 52.426643846045174 ], [ 6.116385034760667, 52.430199434423876 ], [ 6.119472130430698, 52.432917921855825 ], [ 6.113155964150264, 52.438712121926855 ], [ 6.103337850404569, 52.444065248295594 ], [ 6.101920796748087, 52.447053769299451 ], [ 6.103545931303928, 52.453963720857914 ], [ 6.09492399504061, 52.451799880289705 ], [ 6.092848175075862, 52.454806444756642 ], [ 6.076433084220979, 52.451663186595241 ], [ 6.063320506501684, 52.451151345924131 ], [ 6.035429252793419, 52.44376558203345 ], [ 6.017755221653327, 52.444208639838259 ], [ 5.97488504350734, 52.410537497444601 ], [ 5.96672726411091, 52.405571737800464 ], [ 5.951861243350915, 52.400956064884831 ], [ 5.951036502092353, 52.398486840360277 ], [ 5.95711705619335, 52.392897005818732 ], [ 5.991333472598604, 52.378597945176054 ], [ 6.017339976011172, 52.369904606355284 ], [ 6.031650824715824, 52.36728327794917 ], [ 6.03777903234414, 52.362072302423414 ], [ 6.042716333339032, 52.363504406157659 ], [ 6.041783933324646, 52.35651244296578 ], [ 6.052408582529056, 52.361001294144302 ], [ 6.074169374007233, 52.361802588006562 ], [ 6.076977252946962, 52.363983299387939 ] ] ] } },
{ "type": "Feature", "properties": { "code": "0074", "gemeente": "Heerenveen", "provincie": "Fryslân" }, "geometry": { "type": "Polygon", "coordinates": [ [ [ 5.954582913268047, 52.925920129961092 ], [ 5.967623190426943, 52.928394892974275 ], [ 5.980288782738838, 52.927167502495635 ], [ 6.00245942181884, 52.934007138920428 ], [ 6.037312235351648, 52.91821934244377 ], [ 6.042075395030787, 52.91783261393568 ], [ 6.078674952949535, 52.931652837176721 ], [ 6.092973374333259, 52.942303400526335 ], [ 6.115406111278509, 52.951182185377405 ], [ 6.126889449946612, 52.952898069938314 ], [ 6.144011800899758, 52.968377316241998 ], [ 6.156975631695583, 52.975176622338758 ], [ 6.200869787789358, 52.988492841619603 ], [ 6.20542364271993, 53.037930935680535 ], [ 6.200398629669085, 53.03679211693602 ], [ 6.19041801388579, 53.027769446944184 ], [ 6.176811696710295, 53.021048896103025 ], [ 6.131187912036464, 53.011879116440078 ], [ 6.1287789654078, 53.010384643016792 ], [ 6.129804483122464, 53.008756976605696 ], [ 6.107407563681587, 52.999406454257411 ], [ 6.096436830218477, 52.992896947842652 ], [ 6.099722059071635, 52.989499965866813 ], [ 6.094250504133214, 52.984963823280339 ], [ 6.084297149465752, 52.98317343615247 ], [ 6.067493488584149, 52.973165519249875 ], [ 6.044346939891513, 52.966236643078751 ], [ 6.026852961222057, 52.964363644016728 ], [ 5.958105072700222, 52.972935428316909 ], [ 5.964892070636985, 52.979337022475924 ], [ 5.962653394122842, 52.981007280253579 ], [ 5.976750062209295, 52.992658741620382 ], [ 5.974648794256725, 52.994285242518465 ], [ 5.979669501353503, 52.997852228290448 ], [ 5.973963314854744, 53.003424777745401 ], [ 5.971941988260055, 53.009672704531873 ], [ 5.977122739198793, 53.010165380893 ], [ 5.984525015844427, 53.025538879366316 ], [ 5.977036664514754, 53.030128391970166 ], [ 5.952178632200821, 53.037207775781845 ], [ 5.953087584835855, 53.038349189677845 ], [ 5.940199344769606, 53.042180231448995 ], [ 5.937999301747041, 53.044264203391037 ], [ 5.943949421217702, 53.04439420697792 ], [ 5.944545475673231, 53.049111792001497 ], [ 5.952837393672358, 53.050044655594213 ], [ 5.953613764558844, 53.052070850802387 ], [ 5.957613252895267, 53.053617589485455 ], [ 5.942635036053914, 53.053486218402192 ], [ 5.947328237659431, 53.062480226510665 ], [ 5.944268328163711, 53.06525457557958 ], [ 5.941090387892992, 53.063900122318046 ], [ 5.937889284845118, 53.064998213458544 ], [ 5.930870134812452, 53.070413459672857 ], [ 5.932304593218476, 53.073229031918245 ], [ 5.93595175730046, 53.073815398693569 ], [ 5.932916642235695, 53.076044320705137 ], [ 5.933390214404761, 53.078111359737541 ], [ 5.897039248720961, 53.079005489061721 ], [ 5.894974029417214, 53.076228505197925 ], [ 5.871502057473201, 53.074210013085057 ], [ 5.870312591164273, 53.081432127832223 ], [ 5.873561644521121, 53.085207461875086 ], [ 5.844679548851258, 53.07956218582256 ], [ 5.843045137775166, 53.080402273999333 ], [ 5.831024173928968, 53.078375004732692 ], [ 5.830162408093866, 53.079595133903538 ], [ 5.819274336897572, 53.075862137762719 ], [ 5.796386037702691, 53.058839306355075 ], [ 5.798748587981736, 53.056195301723022 ], [ 5.795507881784878, 53.054866046718203 ], [ 5.795817846730165, 53.053015970848477 ], [ 5.802223285124803, 53.04679938327731 ], [ 5.824057933652832, 53.038116965868404 ], [ 5.849335486579399, 53.023904852954509 ], [ 5.85760313583323, 53.01700828567256 ], [ 5.867324156403036, 52.99849593842729 ], [ 5.886076770408502, 52.984024730963938 ], [ 5.887267385483947, 52.981515106218545 ], [ 5.867215205628784, 52.978621683540467 ], [ 5.870970617976337, 52.964441610613356 ], [ 5.886839679860279, 52.967049229966484 ], [ 5.886154073612327, 52.965710911867525 ], [ 5.891026850350092, 52.961696949807873 ], [ 5.897409797921973, 52.963082892689613 ], [ 5.905711094843194, 52.95551514530316 ], [ 5.904885675184681, 52.954163885396845 ], [ 5.914181111186543, 52.942922212844628 ], [ 5.913045590126106, 52.940504922660118 ], [ 5.937846929755057, 52.911740444670322 ], [ 5.954582913268047, 52.925920129961092 ] ] ] } },
{ "type": "Feature", "properties": { "code": "0917", "gemeente": "Heerlen", "provincie": "Limburg" }, "geometry": { "type": "Polygon", "coordinates": [ [ [ 6.017471762353171, 50.821685310327801 ], [ 6.02372286668151, 50.818403177164726 ], [ 6.02635484463142, 50.820032646402581 ], [ 6.022744392681092, 50.826605764321599 ], [ 6.025270178740964, 50.827821226601777 ], [ 6.018768606355811, 50.829695190641459 ], [ 6.01631560677832, 50.833883751430321 ], [ 6.018450074530918, 50.837329110657393 ], [ 6.015942456509095, 50.838796227726135 ], [ 6.017958896703949, 50.843805471061856 ], [ 6.012023870906067, 50.84611633424624 ], [ 6.000568452976652, 50.857735215673287 ], [ 6.00817221065537, 50.859423236460962 ], [ 6.006976766875437, 50.86080096705507 ], [ 6.010340828191304, 50.863434010430041 ], [ 6.020308981737808, 50.868790926185234 ], [ 6.015860362136015, 50.870219881878356 ], [ 6.015086791925263, 50.873514599482654 ], [ 6.010018189839186, 50.877448898120115 ], [ 6.008265233797045, 50.885562089188006 ], [ 5.998624443852131, 50.892918496937199 ], [ 5.996609317263825, 50.892521677646194 ], [ 5.994505475824678, 50.903513553671651 ], [ 5.99062714541223, 50.906193402483972 ], [ 5.993269064080208, 50.910083432803361 ], [ 6.006104516459703, 50.918679090468395 ], [ 6.012383358351472, 50.926272550297874 ], [ 5.974719962290507, 50.928786575089092 ], [ 5.960598456598352, 50.934222309255652 ], [ 5.954564027487784, 50.933724043536898 ], [ 5.941859313037778, 50.92708614047298 ], [ 5.928130276028175, 50.936507396508013 ], [ 5.918933601030314, 50.933224351372424 ], [ 5.920210390492649, 50.931711921341552 ], [ 5.912780759941677, 50.927747220368524 ], [ 5.905274347260825, 50.927553179301469 ], [ 5.901140990038717, 50.925086643873186 ], [ 5.900745484591002, 50.922982570168529 ], [ 5.897673860312206, 50.922819366243253 ], [ 5.895757749267353, 50.918968206056398 ], [ 5.899586303175336, 50.916824300339592 ], [ 5.904104016904985, 50.917283506136634 ], [ 5.907977840192239, 50.915607344016117 ], [ 5.904207425591981, 50.913447949407001 ], [ 5.916304922301605, 50.909964823858452 ], [ 5.923516614813132, 50.905570181309621 ], [ 5.92175917360294, 50.905562889905724 ], [ 5.925297037260511, 50.903949107744261 ], [ 5.965174678019559, 50.866255387962028 ], [ 5.977407991917604, 50.85046629355395 ], [ 5.988955493202067, 50.84389055950296 ], [ 6.003300569797568, 50.838247831346884 ], [ 6.005396812772524, 50.834941509047461 ], [ 6.003020966616212, 50.832025904634833 ], [ 6.011816581623929, 50.830544392088697 ], [ 6.017030306714279, 50.825701518524731 ], [ 6.015746370070106, 50.823811633921032 ], [ 6.017471762353171, 50.821685310327801 ] ] ] } },
{ "type": "Feature", "properties": { "code": "1658", "gemeente": "Heeze-Leende", "provincie": "Noord-Brabant" }, "geometry": { "type": "Polygon", "coordinates": [ [ [ 5.532201726255929, 51.304953589447493 ], [ 5.566076533459716, 51.320542695801329 ], [ 5.605316599881487, 51.331805086230013 ], [ 5.619187812843136, 51.328917608337598 ], [ 5.621147365608021, 51.331188552627403 ], [ 5.63129516616861, 51.327540934755625 ], [ 5.634930647737705, 51.330218269511803 ], [ 5.63312800508729, 51.331314182387203 ], [ 5.634456694981627, 51.333398351710564 ], [ 5.638591775208408, 51.331859435512484 ], [ 5.641310524695225, 51.334104201895912 ], [ 5.644112816242818, 51.333484252529928 ], [ 5.644231737100536, 51.336525374981882 ], [ 5.636637237949841, 51.337833806879985 ], [ 5.636723539097679, 51.340837980830521 ], [ 5.640192427827222, 51.339574215093094 ], [ 5.639925614541384, 51.346737057755121 ], [ 5.648774087151471, 51.350167445078192 ], [ 5.647528366821959, 51.352075710464817 ], [ 5.654707153438493, 51.35387728949614 ], [ 5.638919675338412, 51.389173148085128 ], [ 5.639015503857007, 51.422456487754346 ], [ 5.596452955533299, 51.417859824216954 ], [ 5.567711150971125, 51.408239556870065 ], [ 5.565860270768881, 51.407298550339654 ], [ 5.566737360850157, 51.405591728457111 ], [ 5.564166952925118, 51.404783863932039 ], [ 5.560778718947621, 51.406160046184063 ], [ 5.543751109734128, 51.404665334906284 ], [ 5.544813770136052, 51.403136360407345 ], [ 5.529260311372307, 51.404765528357295 ], [ 5.507612810112207, 51.404532217748901 ], [ 5.50518444609527, 51.403417407817933 ], [ 5.504873936388006, 51.400154822246797 ], [ 5.512482229200939, 51.382974940919652 ], [ 5.527180536709992, 51.366941076134722 ], [ 5.493800242073384, 51.355392186717602 ], [ 5.496668770257271, 51.352650091626039 ], [ 5.496030167913645, 51.346507793846186 ], [ 5.481868071027141, 51.340840321939865 ], [ 5.473605490898234, 51.333943158350046 ], [ 5.480237813206086, 51.324055042489789 ], [ 5.48905598747932, 51.318368664645412 ], [ 5.491336741783489, 51.314448658388599 ], [ 5.484859328089646, 51.299999947841975 ], [ 5.515773887318709, 51.295202509993736 ], [ 5.532201726255929, 51.304953589447493 ] ] ] } },
{ "type": "Feature", "properties": { "code": "0399", "gemeente": "Heiloo", "provincie": "Noord-Holland" }, "geometry": { "type": "Polygon", "coordinates": [ [ [ 4.737546267964355, 52.593848315905817 ], [ 4.736413018374781, 52.605460283826076 ], [ 4.733347835586438, 52.607547192167083 ], [ 4.739451074712085, 52.613868177609881 ], [ 4.738099061947092, 52.61537851092384 ], [ 4.716241158912458, 52.625025427145154 ], [ 4.707955071058016, 52.620348324384729 ], [ 4.689993182917287, 52.623751040145116 ], [ 4.685561026610195, 52.619423034469676 ], [ 4.683586787852493, 52.612531670724721 ], [ 4.678365162489484, 52.605829837795135 ], [ 4.674442624902023, 52.603771464674765 ], [ 4.672232622966738, 52.591900718247253 ], [ 4.673990403083237, 52.589886431182904 ], [ 4.670645315773674, 52.588785859228558 ], [ 4.671641319837865, 52.587298031892963 ], [ 4.677634576730623, 52.585574642000338 ], [ 4.677597101390993, 52.584235468097283 ], [ 4.686247814600902, 52.582977688810345 ], [ 4.685317228833695, 52.580976711042645 ], [ 4.69457299336143, 52.579044634586744 ], [ 4.696856839163764, 52.578971632068253 ], [ 4.698318835861647, 52.58185961472013 ], [ 4.724883311563685, 52.57873712495158 ], [ 4.727092234287032, 52.579738522125652 ], [ 4.739992729315337, 52.578928141139315 ], [ 4.744455867317916, 52.590288408715452 ], [ 4.750968466302589, 52.58911879413796 ], [ 4.752138625467985, 52.59189089277659 ], [ 4.737546267964355, 52.593848315905817 ] ] ] } },
{ "type": "Feature", "properties": { "code": "0163", "gemeente": "Hellendoorn", "provincie": "Overijssel" }, "geometry": { "type": "Polygon", "coordinates": [ [ [ 6.356015674558988, 52.318218788624648 ], [ 6.421896015773674, 52.32569000369076 ], [ 6.460919870755776, 52.32005861769909 ], [ 6.488446846176024, 52.343785356179737 ], [ 6.486608700371925, 52.345208671452916 ], [ 6.489133618882859, 52.345954749876746 ], [ 6.490795114331894, 52.349355359141548 ], [ 6.495977865763209, 52.349954505538406 ], [ 6.501347179150364, 52.352916124722356 ], [ 6.505839393139277, 52.35245014821475 ], [ 6.506663209373433, 52.355276390556135 ], [ 6.518872560891738, 52.355161140050242 ], [ 6.520792792770114, 52.361414896217624 ], [ 6.499058631379261, 52.363561932966682 ], [ 6.496077864167029, 52.367942899607307 ], [ 6.495516285339762, 52.376180356143493 ], [ 6.514108258331994, 52.381665110246466 ], [ 6.508538773695638, 52.392152244226288 ], [ 6.515982364280683, 52.406122269910824 ], [ 6.575951938472085, 52.41751350231911 ], [ 6.572469485021326, 52.423315042638627 ], [ 6.598147596523931, 52.439029367181128 ], [ 6.596386702985523, 52.454807819769812 ], [ 6.571632865624034, 52.446503724247016 ], [ 6.571064044549091, 52.448398445882852 ], [ 6.562893940042499, 52.445763790162196 ], [ 6.558345938594058, 52.448974314280058 ], [ 6.5545129436315, 52.448458463248834 ], [ 6.5405545783935, 52.450876018139887 ], [ 6.531036653648059, 52.446218113554671 ], [ 6.52837155494405, 52.440648003633278 ], [ 6.524069678853775, 52.439626327818274 ], [ 6.521074272313572, 52.440695636056432 ], [ 6.5178293277462, 52.437817849760727 ], [ 6.510901305310841, 52.437173404050107 ], [ 6.475598542440895, 52.440857372098584 ], [ 6.467388472686644, 52.445572250634704 ], [ 6.453489578178753, 52.460022138707721 ], [ 6.445934627627994, 52.461170331018693 ], [ 6.446132292841577, 52.457604928701357 ], [ 6.441734966021597, 52.455594941693455 ], [ 6.444397523648141, 52.454712738876971 ], [ 6.442515763571931, 52.450070683943835 ], [ 6.438235029008471, 52.448149528716854 ], [ 6.438351279965879, 52.443972092019941 ], [ 6.428777163941856, 52.438687454149942 ], [ 6.390315134827445, 52.428144522168871 ], [ 6.405169504054467, 52.415541605812379 ], [ 6.388409652380831, 52.379782422836762 ], [ 6.382474661079571, 52.380649322938893 ], [ 6.356964695190367, 52.376983680540448 ], [ 6.343082142164675, 52.370031994615545 ], [ 6.333501868162204, 52.351398340977994 ], [ 6.342387951736288, 52.333169271052768 ], [ 6.356015674558988, 52.318218788624648 ] ] ] } },
{ "type": "Feature", "properties": { "code": "0794", "gemeente": "Helmond", "provincie": "Noord-Brabant" }, "geometry": { "type": "Polygon", "coordinates": [ [ [ 5.718293983669393, 51.439086224722949 ], [ 5.718179175494972, 51.444533537751092 ], [ 5.730001519105799, 51.444355697867245 ], [ 5.7201594705638, 51.457452999349634 ], [ 5.717215047001988, 51.468238032878965 ], [ 5.722973425323391, 51.467290916369649 ], [ 5.723957368524818, 51.470086054565073 ], [ 5.735015119412203, 51.469186961470221 ], [ 5.736090977758051, 51.47192744159463 ], [ 5.722942247106285, 51.482888478101657 ], [ 5.72043098273001, 51.487390609593646 ], [ 5.712438945942569, 51.490884374050339 ], [ 5.712423987311421, 51.494711986665592 ], [ 5.70504821719306, 51.497463346222915 ], [ 5.708233369387068, 51.502025651494407 ], [ 5.684144018590126, 51.507699979169445 ], [ 5.682961238791311, 51.504479603212737 ], [ 5.672668237487619, 51.50544156688639 ], [ 5.669951766002336, 51.504138115034678 ], [ 5.675105373275765, 51.49894750111266 ], [ 5.663585135227367, 51.502255837431214 ], [ 5.656403717418483, 51.507309277941928 ], [ 5.653077053580303, 51.504061609412659 ], [ 5.644743932365282, 51.50157755276237 ], [ 5.636112430520006, 51.495381781559111 ], [ 5.631049428005674, 51.495094758463061 ], [ 5.627101340801017, 51.496136604643823 ], [ 5.626066006138625, 51.498285440082533 ], [ 5.618730599157002, 51.498638928268683 ], [ 5.614927559957937, 51.500380767634574 ], [ 5.610561620672161, 51.504725825393969 ], [ 5.611762759607802, 51.507774965200312 ], [ 5.609653837991441, 51.509217343378232 ], [ 5.579933204187855, 51.498760091766115 ], [ 5.576729852939285, 51.499453170137876 ], [ 5.570156040380056, 51.496936268978004 ], [ 5.585911779871892, 51.479169997314742 ], [ 5.605231702936189, 51.470957246102245 ], [ 5.582973652724581, 51.465548559338991 ], [ 5.587807835370531, 51.463471192688303 ], [ 5.584708455577952, 51.460509021690058 ], [ 5.597034344876489, 51.456497169307546 ], [ 5.601005124238873, 51.452170411682822 ], [ 5.603412568324324, 51.453990362801513 ], [ 5.608817930785278, 51.451698478229403 ], [ 5.608056956540024, 51.449716772590556 ], [ 5.61451271308822, 51.450044245708355 ], [ 5.614519990165815, 51.449012517426851 ], [ 5.643589039273825, 51.456166889416544 ], [ 5.672004757135777, 51.457802014731392 ], [ 5.693045432405262, 51.43919995994586 ], [ 5.698265810187943, 51.438029982632003 ], [ 5.708285170660248, 51.440056298465791 ], [ 5.718293983669393, 51.439086224722949 ] ] ] } },
{ "type": "Feature", "properties": { "code": "0531", "gemeente": "Hendrik-Ido-Ambacht", "provincie": "Zuid-Holland" }, "geometry": { "type": "Polygon", "coordinates": [ [ [ 4.637723022080322, 51.825678660555162 ], [ 4.661885762424291, 51.831607889279951 ], [ 4.670438837656655, 51.823589122681277 ], [ 4.669208516220062, 51.829598666619617 ], [ 4.672702374908154, 51.838413527878998 ], [ 4.648849901815855, 51.861842246773648 ], [ 4.635333587369403, 51.869846930015065 ], [ 4.639021897763334, 51.863640148254817 ], [ 4.646948044872232, 51.856661066782586 ], [ 4.63651597823616, 51.84966242793238 ], [ 4.627318642111136, 51.854652921256402 ], [ 4.618715266212442, 51.851237917863543 ], [ 4.604885362401228, 51.848385883372771 ], [ 4.600154904417366, 51.838730082221609 ], [ 4.637723022080322, 51.825678660555162 ] ] ] } },
{ "type": "Feature", "properties": { "code": "0164", "gemeente": "Hengelo (O)", "provincie": "Overijssel" }, "geometry": { "type": "Polygon", "coordinates": [ [ [ 6.766198305754634, 52.191211262294203 ], [ 6.766323756610933, 52.203138706810002 ], [ 6.75962360832342, 52.210034801809925 ], [ 6.755892713233202, 52.217396363319914 ], [ 6.769055340410319, 52.227012775871451 ], [ 6.765190289131581, 52.23313757656468 ], [ 6.774433882723694, 52.238456317422944 ], [ 6.813753936070439, 52.229482691377889 ], [ 6.819538508854934, 52.243657060150198 ], [ 6.827239492078868, 52.248297141591152 ], [ 6.842562128201405, 52.253909190059645 ], [ 6.840287718949852, 52.26108594891862 ], [ 6.843514535281565, 52.266592608183231 ], [ 6.831744612192244, 52.273511745935515 ], [ 6.837846051045315, 52.27663227150628 ], [ 6.847570008000453, 52.278583850338222 ], [ 6.84576073508226, 52.279758973991576 ], [ 6.852014138451619, 52.282059507279321 ], [ 6.85030437891238, 52.284131502953869 ], [ 6.852376398682294, 52.285228341020058 ], [ 6.846374995480558, 52.291401983685482 ], [ 6.827901944632909, 52.294862311167108 ], [ 6.820516716805102, 52.298428049335428 ], [ 6.819237104421888, 52.301448321317281 ], [ 6.82569145993647, 52.306400124694825 ], [ 6.823336198297805, 52.308759523774668 ], [ 6.809334797119361, 52.310362865149322 ], [ 6.807815881463857, 52.31309122932069 ], [ 6.802038834147273, 52.313586083887337 ], [ 6.801233630236966, 52.308546696396704 ], [ 6.787892198445928, 52.304975554756467 ], [ 6.792550570577453, 52.300386792241085 ], [ 6.785048614895745, 52.299812729611645 ], [ 6.775516329588025, 52.293152514752869 ], [ 6.770024648710348, 52.291594049179139 ], [ 6.76774996029822, 52.292632291739132 ], [ 6.763220842283238, 52.288405540674532 ], [ 6.752961399807657, 52.287561298849724 ], [ 6.750363939723281, 52.285135747999121 ], [ 6.742886463279075, 52.283113483663072 ], [ 6.748134817443146, 52.276048778012601 ], [ 6.747904961376058, 52.266866081964949 ], [ 6.752959513529068, 52.252369564971744 ], [ 6.724193894979185, 52.252707161085262 ], [ 6.719616355299396, 52.248616697956088 ], [ 6.717926719090139, 52.243514247872419 ], [ 6.720055391456802, 52.243742253757091 ], [ 6.720936613015998, 52.238085318212754 ], [ 6.718663592363789, 52.237910634680084 ], [ 6.717087849392935, 52.240980501381223 ], [ 6.712139723129727, 52.226028999727461 ], [ 6.702039140199553, 52.216821555220136 ], [ 6.712387769380817, 52.206331436745216 ], [ 6.766198305754634, 52.191211262294203 ] ] ] } },
{ "type": "Feature", "properties": { "code": "1966", "gemeente": "Het Hogeland", "provincie": "Groningen" }, "geometry": { "type": "Polygon", "coordinates": [ [ [ 6.509440060182411, 53.257210059519139 ], [ 6.518996006765655, 53.258492744314388 ], [ 6.524291486367357, 53.256436188492451 ], [ 6.526594034123469, 53.258265781516833 ], [ 6.539308051306842, 53.260359753321268 ], [ 6.537926185671504, 53.264096705189168 ], [ 6.550263151024986, 53.264946904115227 ], [ 6.552397013372052, 53.262178630825744 ], [ 6.566601191758615, 53.26360735780812 ], [ 6.567230113982985, 53.261494080557583 ], [ 6.588693332955303, 53.262550862442403 ], [ 6.586327678407767, 53.255846081568507 ], [ 6.606351294243722, 53.253740850343767 ], [ 6.606407236929271, 53.251416592273344 ], [ 6.618345803833773, 53.251485933307379 ], [ 6.619296965484888, 53.24944789693015 ], [ 6.636020436036267, 53.251396363145169 ], [ 6.633451873324862, 53.25976034832523 ], [ 6.625847967078164, 53.266197140228549 ], [ 6.654053439536868, 53.30864457396963 ], [ 6.642950727689225, 53.307894915752605 ], [ 6.637674948030197, 53.314638194039581 ], [ 6.619862343142647, 53.314428158039384 ], [ 6.610193550135042, 53.330114633883888 ], [ 6.601710586273756, 53.329398868638407 ], [ 6.597887178926007, 53.335660943055963 ], [ 6.592563469054083, 53.33601596366946 ], [ 6.605365771355577, 53.337515701791439 ], [ 6.604694448522372, 53.34080458748501 ], [ 6.601448580773718, 53.340423557548739 ], [ 6.595831012547226, 53.347141286762621 ], [ 6.603133511263497, 53.349921905817581 ], [ 6.617481405117301, 53.348796939878561 ], [ 6.625976125017396, 53.350756652451416 ], [ 6.627854892520131, 53.352952208566954 ], [ 6.625808403389045, 53.360985974566859 ], [ 6.634613619609625, 53.3627173119134 ], [ 6.636861375101653, 53.360501137921354 ], [ 6.635613220866671, 53.362826051083943 ], [ 6.641950932454535, 53.363545548154377 ], [ 6.644445965782221, 53.366352638230282 ], [ 6.64738067548774, 53.364578784635917 ], [ 6.652017095166797, 53.364530120384885 ], [ 6.664336752361532, 53.367000060086482 ], [ 6.670677997479679, 53.364963261724036 ], [ 6.676342957058994, 53.367059616447037 ], [ 6.681029850878888, 53.365820881110054 ], [ 6.684546004413924, 53.366948508592849 ], [ 6.697033382790533, 53.362902947340075 ], [ 6.729683977046598, 53.381096261691155 ], [ 6.748688049993631, 53.395233732313436 ], [ 6.7704283982668, 53.403633831477727 ], [ 6.778614206739159, 53.410788388839421 ], [ 6.782486097062097, 53.410451818280869 ], [ 6.784239884138525, 53.407339440759564 ], [ 6.787979699754365, 53.407926940253539 ], [ 6.792455067637383, 53.403595944599964 ], [ 6.843717952600415, 53.42241957708201 ], [ 6.857002018310824, 53.414233884029123 ], [ 6.872859385992554, 53.40795558042656 ], [ 6.890935791620978, 53.407826016205043 ], [ 6.911785999280554, 53.459428271048189 ], [ 6.890929156298566, 53.46513522121861 ], [ 6.874265008329683, 53.464579665588218 ], [ 6.857600842442935, 53.468745890235091 ], [ 6.820106600268793, 53.493742902169529 ], [ 6.665963352814771, 53.561234957452953 ], [ 6.637131611850078, 53.576423275710816 ], [ 6.612607866833955, 53.564308187180437 ], [ 6.428587649456532, 53.566036268744504 ], [ 6.35252804439622, 53.53971342086971 ], [ 6.352123078459364, 53.521746417500609 ], [ 6.367249134263866, 53.523870741189363 ], [ 6.382272312269103, 53.521501433104667 ], [ 6.404449010583256, 53.520885614627552 ], [ 6.416009667643751, 53.512989235984136 ], [ 6.418680902430967, 53.50564552803241 ], [ 6.415015251140885, 53.49750712127716 ], [ 6.408991059195452, 53.494852774346576 ], [ 6.402209846560009, 53.494008215870068 ], [ 6.351566884313572, 53.4970415868654 ], [ 6.350426115433958, 53.446268485442431 ], [ 6.194020203681071, 53.413288812520435 ], [ 6.167944640274594, 53.390759096613436 ], [ 6.170523817049695, 53.374782180723805 ], [ 6.18015021093342, 53.3640669409399 ], [ 6.218891993512898, 53.357406703749824 ], [ 6.22497243378191, 53.354307168884169 ], [ 6.230480321482905, 53.344745761500036 ], [ 6.233595455510534, 53.343099727901517 ], [ 6.239298918620189, 53.343039137147628 ], [ 6.247577221755366, 53.347472360612812 ], [ 6.254046690952097, 53.348593397214096 ], [ 6.273680382495958, 53.345271505929922 ], [ 6.286980746980358, 53.341381757863225 ], [ 6.313222256818502, 53.32882267370622 ], [ 6.316531495291748, 53.319394988788218 ], [ 6.322955748476129, 53.315951217309177 ], [ 6.331260251423708, 53.315236150131312 ], [ 6.344743977433421, 53.319057710759047 ], [ 6.357127500472951, 53.313883449858025 ], [ 6.367590877332967, 53.32162252747073 ], [ 6.401707090442847, 53.319205228465016 ], [ 6.409087946698733, 53.321390733502241 ], [ 6.415560410959407, 53.328307790109676 ], [ 6.423631608711847, 53.327070579798651 ], [ 6.431096748827725, 53.328206406966743 ], [ 6.439691328246115, 53.316649457493639 ], [ 6.450237422027258, 53.321914635193764 ], [ 6.44680929950762, 53.326144971968503 ], [ 6.452935655293555, 53.328801940926553 ], [ 6.460999030358522, 53.327661849432658 ], [ 6.462603970032482, 53.325598514671569 ], [ 6.461004428799561, 53.322585922941435 ], [ 6.464278171106455, 53.321281806306352 ], [ 6.471808425048481, 53.321050529669961 ], [ 6.474954145666148, 53.323900068617547 ], [ 6.480667635848069, 53.322694962684295 ], [ 6.483592880453005, 53.319927407771431 ], [ 6.482001236750084, 53.316819209966013 ], [ 6.504303538573826, 53.295581306123253 ], [ 6.504521178937269, 53.285736353644964 ], [ 6.501810762349079, 53.28041483616132 ], [ 6.506817831267952, 53.270745410207908 ], [ 6.509440060182411, 53.257210059519139 ] ] ] } },
{ "type": "Feature", "properties": { "code": "0252", "gemeente": "Heumen", "provincie": "Gelderland" }, "geometry": { "type": "Polygon", "coordinates": [ [ [ 5.768972238505484, 51.752376600748889 ], [ 5.782563828076512, 51.752426931515508 ], [ 5.807219699210504, 51.756305087781023 ], [ 5.847803761551605, 51.759271621786006 ], [ 5.864468844606459, 51.757681725770524 ], [ 5.86924470152929, 51.762860479850517 ], [ 5.867893200416971, 51.77552102449723 ], [ 5.886374562639497, 51.778590458333035 ], [ 5.893409260579479, 51.777852928734653 ], [ 5.887978889997228, 51.782986622837186 ], [ 5.887442785140885, 51.795373678855931 ], [ 5.88102478660783, 51.801449427958268 ], [ 5.879110110479319, 51.809529878597473 ], [ 5.868975781730957, 51.810093208112718 ], [ 5.852815911140678, 51.807502301464048 ], [ 5.841972466228475, 51.807495153565853 ], [ 5.839220162094278, 51.804539157663108 ], [ 5.836599735699297, 51.805913898724334 ], [ 5.810221201949869, 51.790589111484465 ], [ 5.800948666907034, 51.795151440145432 ], [ 5.780658842129652, 51.784203985808574 ], [ 5.774946124749301, 51.783727368155155 ], [ 5.769473257342461, 51.785189316457625 ], [ 5.76877944804343, 51.782604977551934 ], [ 5.740590399820737, 51.778867024811319 ], [ 5.740193313231841, 51.777852630767811 ], [ 5.733980645350669, 51.77993997340365 ], [ 5.729745377170273, 51.772851051980702 ], [ 5.745238553537916, 51.759144497019264 ], [ 5.755068220527135, 51.754952370525508 ], [ 5.768972238505484, 51.752376600748889 ] ] ] } },
{ "type": "Feature", "properties": { "code": "0797", "gemeente": "Heusden", "provincie": "Noord-Brabant" }, "geometry": { "type": "Polygon", "coordinates": [ [ [ 5.111988416215041, 51.635934073914726 ], [ 5.115855806063305, 51.637608577330099 ], [ 5.128444806187344, 51.637604878631514 ], [ 5.138152009583733, 51.640323291562773 ], [ 5.160065674837739, 51.639535659623924 ], [ 5.154451889563481, 51.654919103602531 ], [ 5.157672728945038, 51.663274744957825 ], [ 5.161767293073519, 51.663447627070987 ], [ 5.166798145885825, 51.669047444647191 ], [ 5.204776632501908, 51.66982208917868 ], [ 5.202264401474906, 51.670610768684419 ], [ 5.207948399978346, 51.673955999298165 ], [ 5.223227613188729, 51.673781974996572 ], [ 5.22659076005558, 51.690711430832692 ], [ 5.248923625223233, 51.695501656474875 ], [ 5.250495956816172, 51.700572374083187 ], [ 5.247012612219589, 51.70273538740954 ], [ 5.241120329811701, 51.701025540577575 ], [ 5.23575644874394, 51.704653071478702 ], [ 5.241204244700547, 51.713988889604195 ], [ 5.229977436870342, 51.71056956413706 ], [ 5.228535672220104, 51.714767762432309 ], [ 5.231031888337696, 51.724086297616076 ], [ 5.221743800067881, 51.729386200902979 ], [ 5.219346148219203, 51.728150672215683 ], [ 5.210015475366251, 51.733946107918101 ], [ 5.21037493325136, 51.737711101925889 ], [ 5.206494175075469, 51.741477188321035 ], [ 5.194683909480987, 51.740302599831494 ], [ 5.168581783749793, 51.743070540939542 ], [ 5.142087192082143, 51.739945190034931 ], [ 5.111847925047657, 51.734390961737859 ], [ 5.094393770454253, 51.728533974584316 ], [ 5.08176024277841, 51.722344402167053 ], [ 5.0991141162272, 51.7166192257977 ], [ 5.101690908707456, 51.713130282127743 ], [ 5.108720541614316, 51.709032708111849 ], [ 5.111506129133635, 51.703576410760398 ], [ 5.103052797063343, 51.702483826297154 ], [ 5.106493213567781, 51.677327838638845 ], [ 5.101509392507925, 51.676834696549136 ], [ 5.104106698700197, 51.674985647650807 ], [ 5.101581268170581, 51.672442210161186 ], [ 5.10159917547954, 51.661739861756409 ], [ 5.106136973990079, 51.635955848552044 ], [ 5.111988416215041, 51.635934073914726 ] ] ] } },
{ "type": "Feature", "properties": { "code": "0534", "gemeente": "Hillegom", "provincie": "Zuid-Holland" }, "geometry": { "type": "Polygon", "coordinates": [ [ [ 4.572925754236246, 52.271343588336094 ], [ 4.588439712284377, 52.280501602833311 ], [ 4.597970330582439, 52.297375559924305 ], [ 4.611533102105192, 52.312240093966942 ], [ 4.611676040277436, 52.31355991666635 ], [ 4.596505267201912, 52.317752831794522 ], [ 4.587686423785794, 52.317880925108511 ], [ 4.587486139238164, 52.316762141588818 ], [ 4.583272457025332, 52.318395053897312 ], [ 4.57324055909695, 52.315355524074427 ], [ 4.568955064361455, 52.316512568014254 ], [ 4.555376158770803, 52.299144060430088 ], [ 4.542289156185901, 52.287324955033696 ], [ 4.572925754236246, 52.271343588336094 ] ] ] } },
{ "type": "Feature", "properties": { "code": "0798", "gemeente": "Hilvarenbeek", "provincie": "Noord-Brabant" }, "geometry": { "type": "Polygon", "coordinates": [ [ [ 5.191020001922869, 51.430215826772155 ], [ 5.209814793878558, 51.465773306717196 ], [ 5.220434969115471, 51.472879523238916 ], [ 5.2254057601091, 51.4888221251109 ], [ 5.230377919868793, 51.490461135933018 ], [ 5.228443945326955, 51.498700009600505 ], [ 5.247110771777, 51.498878575120663 ], [ 5.247892069697673, 51.506336087877216 ], [ 5.250969142374914, 51.506209018864176 ], [ 5.251249806453045, 51.509630855467663 ], [ 5.23594258137066, 51.513909597486908 ], [ 5.232363169673778, 51.508919790648363 ], [ 5.226534157725943, 51.507473669021422 ], [ 5.224434791105788, 51.517148454728037 ], [ 5.214732356949226, 51.511726272611192 ], [ 5.195401254385814, 51.509732895211293 ], [ 5.190138489156212, 51.507408653704516 ], [ 5.178747965385196, 51.508601022743022 ], [ 5.176479503048362, 51.511310810728574 ], [ 5.170993460343159, 51.510568655590269 ], [ 5.165553184771378, 51.515215408656552 ], [ 5.164228611616126, 51.514659124941431 ], [ 5.160874304155109, 51.517331810458678 ], [ 5.159152064469161, 51.516643347272208 ], [ 5.148887652718489, 51.523657780536752 ], [ 5.144966364671447, 51.521493754119021 ], [ 5.127738547046478, 51.531770738651872 ], [ 5.118017668094766, 51.54574694486125 ], [ 5.112520947677142, 51.540023272393675 ], [ 5.109820584712426, 51.539383178158523 ], [ 5.105652817790432, 51.533337400513815 ], [ 5.10005935593288, 51.531454987609038 ], [ 5.105060707256325, 51.528175894411255 ], [ 5.098141093681058, 51.524952386072066 ], [ 5.100947281567715, 51.52051970631819 ], [ 5.095023735785801, 51.51725160457061 ], [ 5.098441609583535, 51.515360603494024 ], [ 5.096035416666847, 51.50991219339749 ], [ 5.088186904701013, 51.511297510950357 ], [ 5.0729980018593, 51.502875043288199 ], [ 5.076915042350175, 51.500796521263624 ], [ 5.062511998274487, 51.492734413862365 ], [ 5.069293117966572, 51.48683588187717 ], [ 5.068367918871605, 51.485334753676085 ], [ 5.051580277016866, 51.487131962179006 ], [ 5.048791777775642, 51.471913537698605 ], [ 5.079323745396577, 51.471321311233879 ], [ 5.104572619287186, 51.431348894242959 ], [ 5.102020557479666, 51.42892273170412 ], [ 5.153151113690064, 51.428294887303124 ], [ 5.157948251244497, 51.428830858876026 ], [ 5.158553218473005, 51.432174255269466 ], [ 5.173458335210896, 51.428240222401115 ], [ 5.178153521324669, 51.430261027235609 ], [ 5.18498078921365, 51.428764029801755 ], [ 5.191020001922869, 51.430215826772155 ] ] ] } },
{ "type": "Feature", "properties": { "code": "0402", "gemeente": "Hilversum", "provincie": "Noord-Holland" }, "geometry": { "type": "Polygon", "coordinates": [ [ [ 5.12411058931314, 52.180827395964059 ], [ 5.192585966447433, 52.17783294963165 ], [ 5.217214079865371, 52.206232789934383 ], [ 5.218960323919158, 52.212128718477139 ], [ 5.198950728162482, 52.24084805407977 ], [ 5.188852859578109, 52.247650567059956 ], [ 5.203821977975988, 52.267115092630256 ], [ 5.201117096793947, 52.268139949267393 ], [ 5.180355414307985, 52.264164914553056 ], [ 5.162128839202227, 52.255795803714051 ], [ 5.161808367762533, 52.259926432482423 ], [ 5.137609330128087, 52.259603904747536 ], [ 5.137723698353256, 52.263063575183949 ], [ 5.1437984889629, 52.269760199948415 ], [ 5.143945677901905, 52.274301252412776 ], [ 5.135358552543184, 52.278086703983497 ], [ 5.125495067243802, 52.278761112656362 ], [ 5.12180017446294, 52.281721807755581 ], [ 5.104646016747639, 52.285384668919697 ], [ 5.102013313956498, 52.281654043422812 ], [ 5.102649958020306, 52.277856705264661 ], [ 5.119304256706543, 52.273451671703683 ], [ 5.126026248287052, 52.259927773158637 ], [ 5.136470566834784, 52.259816078960156 ], [ 5.136801242760589, 52.253950558108997 ], [ 5.139604522530005, 52.25401479323358 ], [ 5.140047963561734, 52.24577423828709 ], [ 5.142277249206074, 52.243316844546456 ], [ 5.14179130506913, 52.225493475553243 ], [ 5.127944696376684, 52.224403825812487 ], [ 5.130008319497716, 52.221491028915644 ], [ 5.122298736450569, 52.220750967110156 ], [ 5.122526758830553, 52.218825099494929 ], [ 5.133943144762753, 52.214294836057441 ], [ 5.139828259419734, 52.207980316308074 ], [ 5.14243602444365, 52.208706962519287 ], [ 5.140526789883031, 52.207272687014992 ], [ 5.145679547496052, 52.197774354933124 ], [ 5.136496327250624, 52.190601963288685 ], [ 5.121939004412123, 52.185580278150745 ], [ 5.12411058931314, 52.180827395964059 ] ] ] } },
{ "type": "Feature", "properties": { "code": "1963", "gemeente": "Hoeksche Waard", "provincie": "Zuid-Holland" }, "geometry": { "type": "Polygon", "coordinates": [ [ [ 4.535016068990545, 51.693968339265517 ], [ 4.589299878590068, 51.703323097490177 ], [ 4.620403883052281, 51.714123555565443 ], [ 4.631518446230198, 51.743984200005386 ], [ 4.626342655644139, 51.763617365231539 ], [ 4.627497349678381, 51.782163544231324 ], [ 4.62122157652138, 51.800803685593188 ], [ 4.599037602946253, 51.806105324459686 ], [ 4.579552341445149, 51.808003967074278 ], [ 4.57028714307782, 51.811022239232329 ], [ 4.562652747869768, 51.816124244859424 ], [ 4.55583880975362, 51.828426658988896 ], [ 4.548874474117864, 51.831713629169549 ], [ 4.525477943404058, 51.829854244943675 ], [ 4.493439920336002, 51.835549550862176 ], [ 4.467119439047727, 51.831943838032565 ], [ 4.453773105824808, 51.831820152110602 ], [ 4.432482336928536, 51.837046150616011 ], [ 4.421002686738794, 51.829874417423653 ], [ 4.397131827585541, 51.831275193220456 ], [ 4.36908227326843, 51.816981440735276 ], [ 4.354527836583284, 51.819191400672715 ], [ 4.338150498848401, 51.816771918082914 ], [ 4.330698163504563, 51.812947645304135 ], [ 4.307366617257805, 51.809184571279971 ], [ 4.296412856224686, 51.802206602141013 ], [ 4.26859605718916, 51.804839166889231 ], [ 4.263212911473312, 51.80265729487386 ], [ 4.246639948448809, 51.78534756608493 ], [ 4.242619622896727, 51.783328643370353 ], [ 4.237562602387545, 51.782771706395927 ], [ 4.22283899288562, 51.787905837978364 ], [ 4.213246844997347, 51.785267317906303 ], [ 4.249441505429067, 51.757868273218271 ], [ 4.268204308261078, 51.737609122477799 ], [ 4.299535426216162, 51.725282715012135 ], [ 4.315632859380983, 51.716965532241737 ], [ 4.35786174485963, 51.710082110165075 ], [ 4.372702493702361, 51.709582895220471 ], [ 4.397366131625574, 51.711539656786549 ], [ 4.423549728303577, 51.709474845642092 ], [ 4.50043078147299, 51.692904119597443 ], [ 4.535016068990545, 51.693968339265517 ] ] ] } },
{ "type": "Feature", "properties": { "code": "1735", "gemeente": "Hof van Twente", "provincie": "Overijssel" }, "geometry": { "type": "Polygon", "coordinates": [ [ [ 6.612147210617185, 52.163166307360918 ], [ 6.621692081113812, 52.168417018176648 ], [ 6.624952232579959, 52.168649830452118 ], [ 6.625154015932468, 52.172102142428088 ], [ 6.629101015152679, 52.17203267283066 ], [ 6.630545082898733, 52.173599511639253 ], [ 6.634861616617747, 52.172164677715337 ], [ 6.640280133405996, 52.167405144709356 ], [ 6.647294074271189, 52.176895286193805 ], [ 6.634453815574894, 52.185955212150269 ], [ 6.62436199429378, 52.188917297689883 ], [ 6.672050451379302, 52.198186721586971 ], [ 6.697494106204288, 52.196247971469703 ], [ 6.703469001775636, 52.198527939346157 ], [ 6.712387769380817, 52.206331436745216 ], [ 6.702039140199553, 52.216821555220136 ], [ 6.712139723129727, 52.226028999727461 ], [ 6.717087849392935, 52.240980501381223 ], [ 6.718663592363789, 52.237910634680084 ], [ 6.720936613015998, 52.238085318212754 ], [ 6.720055391456802, 52.243742253757091 ], [ 6.717926719090139, 52.243514247872419 ], [ 6.719616355299396, 52.248616697956088 ], [ 6.724193894979185, 52.252707161085262 ], [ 6.752959513529068, 52.252369564971744 ], [ 6.747904961376058, 52.266866081964949 ], [ 6.748695184386171, 52.274199627644265 ], [ 6.744782038628945, 52.281380321564562 ], [ 6.732891839835365, 52.289813149484047 ], [ 6.729617049884071, 52.290471517745175 ], [ 6.717238622598639, 52.300510700840761 ], [ 6.701088066247106, 52.308069030764969 ], [ 6.689367226847945, 52.308111301788081 ], [ 6.657519788379492, 52.294854308682993 ], [ 6.626066254974344, 52.289973951632142 ], [ 6.605363055906346, 52.270688858876305 ], [ 6.595148418842076, 52.271198555115056 ], [ 6.575326455665009, 52.269116179652691 ], [ 6.568191365772253, 52.270143698125729 ], [ 6.564387981720266, 52.272411871977354 ], [ 6.554008648642283, 52.283312963986305 ], [ 6.54154658678079, 52.282266694489735 ], [ 6.517263936517415, 52.283047867975853 ], [ 6.475563983637589, 52.271283702898842 ], [ 6.461796928844792, 52.263403340184205 ], [ 6.429684607678457, 52.251698028795438 ], [ 6.431821273133055, 52.250901517270066 ], [ 6.428486124447812, 52.248203295069764 ], [ 6.426226178532011, 52.24886242794696 ], [ 6.416422231025514, 52.242166355887619 ], [ 6.416807357269995, 52.237126343021693 ], [ 6.423134324573955, 52.23201269883927 ], [ 6.428469691560168, 52.223861863280725 ], [ 6.446476233608418, 52.212698406791105 ], [ 6.454875514681788, 52.202377702238117 ], [ 6.457287062023438, 52.2009646605744 ], [ 6.470293355005403, 52.199373589442068 ], [ 6.469998981177734, 52.192690471612792 ], [ 6.47921583001733, 52.182257505729872 ], [ 6.488560323235007, 52.180555554468491 ], [ 6.492401142889772, 52.177371867944835 ], [ 6.495647961295088, 52.177138838841472 ], [ 6.51416338200011, 52.181311354432786 ], [ 6.555349475041333, 52.177255567910969 ], [ 6.59041508375081, 52.182463522403289 ], [ 6.60632683772767, 52.173082445964866 ], [ 6.602985862721101, 52.169851768755102 ], [ 6.60499004390692, 52.166171047842091 ], [ 6.612147210617185, 52.163166307360918 ] ] ] } },
{ "type": "Feature", "properties": { "code": "1911", "gemeente": "Hollands Kroon", "provincie": "Noord-Holland" }, "geometry": { "type": "Polygon", "coordinates": [ [ [ 4.898541077058018, 52.706843191794015 ], [ 4.931250924345719, 52.741686511215995 ], [ 4.932792671809158, 52.748927542451369 ], [ 4.940327785356027, 52.750421350758522 ], [ 4.944386076497064, 52.753659006021699 ], [ 4.954342168654468, 52.755296337181463 ], [ 4.955869633056804, 52.753275308159679 ], [ 5.021659356927541, 52.751523807476339 ], [ 5.042104976610249, 52.752639224040792 ], [ 5.057579813352605, 52.757838243937016 ], [ 5.069722978123329, 52.76810317202203 ], [ 5.093288968048396, 52.769533065001994 ], [ 5.099812028486077, 52.773441081522186 ], [ 5.106523297137328, 52.774468524603364 ], [ 5.111993250567505, 52.779170929477793 ], [ 5.121475866512045, 52.845927657130645 ], [ 5.215063785388748, 52.916102346062551 ], [ 5.169134504745332, 52.997612414533556 ], [ 5.16424898628885, 53.001003694222504 ], [ 5.144281382565867, 53.026152354548827 ], [ 5.074493846702935, 53.018424163444308 ], [ 5.006986105107515, 53.044288577725958 ], [ 4.932435095119231, 53.044028589098716 ], [ 4.876246567599751, 53.021978180585592 ], [ 4.925837964013309, 52.963126894843114 ], [ 4.874999978135376, 52.89036240454616 ], [ 4.808329820521204, 52.914343104939633 ], [ 4.804531786594891, 52.910487050283592 ], [ 4.794909201778487, 52.912578277031308 ], [ 4.770218007802689, 52.877614350382508 ], [ 4.758855261470798, 52.84868928489535 ], [ 4.782562569916181, 52.851435510686194 ], [ 4.79442289199625, 52.847373652632555 ], [ 4.809647017989903, 52.836898923993346 ], [ 4.834573359726435, 52.807778485339952 ], [ 4.831256230126565, 52.783819948095797 ], [ 4.827409166486022, 52.783565281171263 ], [ 4.828996716058748, 52.775326223801009 ], [ 4.819849393853466, 52.774129484355967 ], [ 4.820753967422333, 52.769607183167722 ], [ 4.813336472563172, 52.771333669765099 ], [ 4.806842532483404, 52.770317054034464 ], [ 4.808382831949413, 52.766949852053422 ], [ 4.831373750214878, 52.74630135846698 ], [ 4.840065294332534, 52.73443379346655 ], [ 4.850374466861448, 52.725377139418221 ], [ 4.847685314071788, 52.720259371522019 ], [ 4.858092636023298, 52.723345373684424 ], [ 4.877703353874219, 52.711988242425903 ], [ 4.898541077058018, 52.706843191794015 ] ] ] } },
{ "type": "Feature", "properties": { "code": "0118", "gemeente": "Hoogeveen", "provincie": "Drenthe" }, "geometry": { "type": "Polygon", "coordinates": [ [ [ 6.529380676445461, 52.654507315930665 ], [ 6.552821392601239, 52.66559496630807 ], [ 6.614526804458134, 52.674049275570077 ], [ 6.629453218664676, 52.669688239451986 ], [ 6.631869542797761, 52.674316731253292 ], [ 6.632412528925103, 52.686729854051137 ], [ 6.628855552873887, 52.696225901608919 ], [ 6.629937457510815, 52.712726636369155 ], [ 6.59579435928187, 52.713217860067218 ], [ 6.596779344540553, 52.723546742206722 ], [ 6.576428510987589, 52.72426547471737 ], [ 6.58746739570853, 52.735689864425751 ], [ 6.55740003284445, 52.74536491259159 ], [ 6.566385376739053, 52.765578948278154 ], [ 6.537520918875249, 52.765234282579257 ], [ 6.535367400703451, 52.768104356153948 ], [ 6.512729038724058, 52.76208433740203 ], [ 6.50760930902625, 52.769103394161561 ], [ 6.505437366076798, 52.768013266684015 ], [ 6.503233867024976, 52.769389689010517 ], [ 6.490669156012672, 52.770884981961672 ], [ 6.496164256974805, 52.786224677166899 ], [ 6.491805076652614, 52.793123298828824 ], [ 6.455450745651249, 52.800556499677157 ], [ 6.447862687993848, 52.78909226578579 ], [ 6.44615233017023, 52.776095513201994 ], [ 6.432842358716807, 52.769001877586049 ], [ 6.410134294277058, 52.764885496974188 ], [ 6.416144547176155, 52.755317326628116 ], [ 6.419403171841127, 52.755994401804045 ], [ 6.426285697999768, 52.751422846345818 ], [ 6.420522923917372, 52.748227207138882 ], [ 6.423192575737978, 52.74300025345967 ], [ 6.415392080795382, 52.740856906038033 ], [ 6.421325461198845, 52.73141540686327 ], [ 6.406802499358973, 52.728410177998164 ], [ 6.414636891948319, 52.720220473595411 ], [ 6.414365061429726, 52.717261280621926 ], [ 6.406036609518982, 52.713188252247477 ], [ 6.403721198165007, 52.705587259069397 ], [ 6.404749703164151, 52.704675294657342 ], [ 6.407167608029662, 52.706795577522065 ], [ 6.420367026664707, 52.701347108161698 ], [ 6.428848158553117, 52.705319794450382 ], [ 6.45114165421209, 52.706981640111337 ], [ 6.451311636457825, 52.699405772435256 ], [ 6.448676612902161, 52.693787627225213 ], [ 6.462814564481694, 52.695202947691385 ], [ 6.463319468802542, 52.693307658444077 ], [ 6.485980364777904, 52.693632746244752 ], [ 6.484851976873179, 52.684245724945356 ], [ 6.493331272402659, 52.684125780207161 ], [ 6.492573836427908, 52.675970851862893 ], [ 6.499773955566203, 52.675642894547444 ], [ 6.499551794667532, 52.67355404764519 ], [ 6.530555818276486, 52.672472385896931 ], [ 6.529380676445461, 52.654507315930665 ] ] ] } },
{ "type": "Feature", "properties": { "code": "0405", "gemeente": "Hoorn", "provincie": "Noord-Holland" }, "geometry": { "type": "Polygon", "coordinates": [ [ [ 5.036947935382882, 52.647664318511026 ], [ 5.01748940402557, 52.637737885890793 ], [ 5.01353664834257, 52.630431384626519 ], [ 5.020493813211833, 52.63000783868565 ], [ 5.027030923602924, 52.61260604833555 ], [ 5.060428139316071, 52.578936135010906 ], [ 5.135305664114518, 52.603937187329699 ], [ 5.125219719706316, 52.615173877341306 ], [ 5.094862394318385, 52.632303738928783 ], [ 5.106279724766046, 52.635827286147517 ], [ 5.101929353442059, 52.647180752040278 ], [ 5.119414042570443, 52.651163232345915 ], [ 5.11062068615428, 52.65675288940249 ], [ 5.106554065106262, 52.663149888063266 ], [ 5.096266103815929, 52.669722864076071 ], [ 5.09857469483021, 52.671743804514179 ], [ 5.086730400903539, 52.684365484572076 ], [ 5.06229181397125, 52.676707635226457 ], [ 5.063455470399468, 52.673133391221882 ], [ 5.035539991761792, 52.67045296460833 ], [ 5.034762672018347, 52.666556356232427 ], [ 5.039042903051945, 52.655863588801168 ], [ 5.037446411275178, 52.648020478489592 ], [ 5.033433538155246, 52.649688252226518 ], [ 5.03294813800523, 52.649291753497636 ], [ 5.036947935382882, 52.647664318511026 ] ] ] } },
{ "type": "Feature", "properties": { "code": "1507", "gemeente": "Horst aan de Maas", "provincie": "Limburg" }, "geometry": { "type": "Polygon", "coordinates": [ [ [ 5.983645739345162, 51.378160186379951 ], [ 6.018765893970913, 51.382256645247679 ], [ 6.073301578166655, 51.395762525454309 ], [ 6.071904942885676, 51.401626379404483 ], [ 6.076890065658671, 51.409499490908658 ], [ 6.078982152223399, 51.420330451867088 ], [ 6.108763751533972, 51.419325494586602 ], [ 6.116680260607902, 51.42131811931818 ], [ 6.12455587652208, 51.414800622302948 ], [ 6.132703657363597, 51.413716993179236 ], [ 6.135270781211828, 51.416109281933082 ], [ 6.140779293143668, 51.394861944813549 ], [ 6.153041922893364, 51.395925365549289 ], [ 6.149116351861694, 51.409102896046321 ], [ 6.158379522680004, 51.422726579593395 ], [ 6.153969482902225, 51.436390809783674 ], [ 6.154468529043718, 51.440805945750526 ], [ 6.157460304940989, 51.445561759860482 ], [ 6.176376783857163, 51.461833557319778 ], [ 6.178979636681291, 51.468173357949063 ], [ 6.177609231724851, 51.473829832053617 ], [ 6.166729135840423, 51.486758515244063 ], [ 6.169401291851098, 51.500158600976995 ], [ 6.168354890442016, 51.505613819402662 ], [ 6.160791416216483, 51.512384399743723 ], [ 6.141094045724116, 51.519519572992735 ], [ 6.131998093788693, 51.511472873211005 ], [ 6.126863160022595, 51.514387913350625 ], [ 6.121991127759228, 51.510176493976019 ], [ 6.10661215022412, 51.518301623779422 ], [ 6.107573331178762, 51.5214032610914 ], [ 6.104739498648361, 51.522388474252793 ], [ 6.09562865751409, 51.521595960703038 ], [ 6.087169228545325, 51.52356612526448 ], [ 6.07992858562126, 51.522952482167149 ], [ 6.076764461135511, 51.524777349320971 ], [ 6.066773854816053, 51.523693786074276 ], [ 6.064602184873304, 51.51606638213562 ], [ 6.066259312992829, 51.507947508824564 ], [ 6.073755977412741, 51.495172674146794 ], [ 6.068394106268318, 51.487899748575522 ], [ 6.06132384767311, 51.487120965873245 ], [ 6.04947353880913, 51.490404294753368 ], [ 6.039942670416424, 51.487915889654879 ], [ 6.035209431035261, 51.482348359419134 ], [ 6.030210969367186, 51.4798492291863 ], [ 5.994120046315658, 51.475212962920374 ], [ 5.953004295997726, 51.463540973722203 ], [ 5.87496589555972, 51.446557725502451 ], [ 5.931287518044248, 51.384752680049587 ], [ 5.947327361938276, 51.383134017981078 ], [ 5.957896712390952, 51.378049893419217 ], [ 5.983645739345162, 51.378160186379951 ] ] ] } },
{ "type": "Feature", "properties": { "code": "0321", "gemeente": "Houten", "provincie": "Utrecht" }, "geometry": { "type": "Polygon", "coordinates": [ [ [ 5.254115740721776, 51.986543503991165 ], [ 5.253325332482953, 51.992335027466851 ], [ 5.256204246721441, 51.993725291100333 ], [ 5.245385268189625, 51.995983722788729 ], [ 5.229408454565799, 52.011193003028744 ], [ 5.219374024829291, 52.015215380451636 ], [ 5.201991850221222, 52.017470123333069 ], [ 5.203527070797437, 52.020076104449821 ], [ 5.199103164912465, 52.025218896766141 ], [ 5.200892907338534, 52.031713489981819 ], [ 5.195432503163508, 52.036426919769561 ], [ 5.192503618341666, 52.03440872338026 ], [ 5.189541358825982, 52.036988461391964 ], [ 5.191556155475721, 52.043036045066138 ], [ 5.178930727574594, 52.046340415119097 ], [ 5.160743552578861, 52.04551468370056 ], [ 5.153030626874239, 52.056757299974784 ], [ 5.145675683500235, 52.05255912143069 ], [ 5.126831958019083, 52.054918228259901 ], [ 5.124717973547063, 52.049915443799172 ], [ 5.12968164566451, 52.049864197990438 ], [ 5.121774162656493, 52.03043280784339 ], [ 5.130993279079083, 52.02472381259436 ], [ 5.128386274556015, 52.024781111275779 ], [ 5.119563211447554, 51.999924137863715 ], [ 5.133868036165307, 51.996687256135651 ], [ 5.139676762309661, 51.993943238211436 ], [ 5.145539792210307, 51.978679862488093 ], [ 5.151834295846059, 51.973013647973374 ], [ 5.159536809328059, 51.970641348185289 ], [ 5.176808961441334, 51.968690014216051 ], [ 5.196104354813296, 51.960806477746978 ], [ 5.208879077432957, 51.959623685319784 ], [ 5.219737620593611, 51.963870450085452 ], [ 5.229108983969168, 51.974906432469503 ], [ 5.235464675413811, 51.97847029844413 ], [ 5.245260154050255, 51.977999496089517 ], [ 5.256271139245015, 51.970941403056713 ], [ 5.26604752443295, 51.975807026638449 ], [ 5.271446599066508, 51.981133533375093 ], [ 5.254115740721776, 51.986543503991165 ] ] ] } },
{ "type": "Feature", "properties": { "code": "0406", "gemeente": "Huizen", "provincie": "Noord-Holland" }, "geometry": { "type": "Polygon", "coordinates": [ [ [ 5.203991138683937, 52.267409488462519 ], [ 5.210888978766358, 52.277351138270213 ], [ 5.227729229110493, 52.277125492642085 ], [ 5.232492280544674, 52.281270231488449 ], [ 5.246490720079339, 52.282283645955694 ], [ 5.271077630654468, 52.290948919297307 ], [ 5.277499743291883, 52.296016859927825 ], [ 5.280911791526838, 52.293780738771297 ], [ 5.30545526698498, 52.307631180115301 ], [ 5.281140895556205, 52.316770347689754 ], [ 5.224590086743879, 52.325761536502768 ], [ 5.230341605264004, 52.305843746758129 ], [ 5.22956071349757, 52.301723898106616 ], [ 5.214142536550693, 52.298478717472854 ], [ 5.210060655267381, 52.301972716659336 ], [ 5.206866918082765, 52.29991902783248 ], [ 5.197798072136087, 52.300334553615507 ], [ 5.194991650899348, 52.297107374995669 ], [ 5.195917130184678, 52.295076679290737 ], [ 5.187075246499667, 52.29260290483316 ], [ 5.192379476140117, 52.290329297159012 ], [ 5.193241105136298, 52.288140528245719 ], [ 5.195295151726061, 52.288722786806737 ], [ 5.19568315768996, 52.28476537826154 ], [ 5.193802864952889, 52.285527894987446 ], [ 5.19213739748268, 52.284115703159905 ], [ 5.194662173717032, 52.283478563920418 ], [ 5.195019751596621, 52.280923183704012 ], [ 5.184702826060049, 52.278009687795318 ], [ 5.188387865713118, 52.274740935647934 ], [ 5.203991138683937, 52.267409488462519 ] ] ] } },
{ "type": "Feature", "properties": { "code": "0677", "gemeente": "Hulst", "provincie": "Zeeland" }, "geometry": { "type": "Polygon", "coordinates": [ [ [ 4.041216583316602, 51.241391180317365 ], [ 4.061848170320332, 51.244572915679527 ], [ 4.064077375811038, 51.247492372915929 ], [ 4.07063313256407, 51.250738616502126 ], [ 4.166131685066433, 51.292892891552846 ], [ 4.236805273307347, 51.3497554522991 ], [ 4.220937980965587, 51.361459120010736 ], [ 4.206742996158653, 51.387362079031305 ], [ 4.194416836177459, 51.386292274225347 ], [ 4.14102439633411, 51.370435392047021 ], [ 4.102550644044518, 51.366861968509198 ], [ 4.114947509852526, 51.39100475948517 ], [ 4.048075331088548, 51.389895378919725 ], [ 4.01977828479802, 51.420166903805075 ], [ 3.963208555677076, 51.422010107664448 ], [ 3.924362325276224, 51.377918654095659 ], [ 3.942561134848673, 51.364847624584456 ], [ 3.957046782597725, 51.364812660975723 ], [ 3.957652389123597, 51.363830735476057 ], [ 3.95459939647727, 51.356961492368065 ], [ 3.959392420160094, 51.351322985561666 ], [ 3.961745104748396, 51.332656289066023 ], [ 3.953335336579692, 51.308146768867118 ], [ 3.957109710134269, 51.304874947716961 ], [ 3.971884711224376, 51.300370895440317 ], [ 3.978879257114966, 51.30081453822654 ], [ 3.982236694758538, 51.249109826469564 ], [ 3.987590323306729, 51.249809466127289 ], [ 3.993119213098941, 51.248003409811986 ], [ 3.994112877107687, 51.242825517009408 ], [ 3.996895109866032, 51.241113448934726 ], [ 4.003256892700437, 51.243295252845698 ], [ 4.00569296952932, 51.241875909671613 ], [ 4.014806973068112, 51.24507542658246 ], [ 4.020934080986569, 51.245365562075328 ], [ 4.024490493071248, 51.241499849379743 ], [ 4.036537325246092, 51.245678415424109 ], [ 4.041216583316602, 51.241391180317365 ] ] ] } },
{ "type": "Feature", "properties": { "code": "0353", "gemeente": "IJsselstein", "provincie": "Utrecht" }, "geometry": { "type": "Polygon", "coordinates": [ [ [ 5.06263811682691, 51.991233081396764 ], [ 5.077535243078003, 51.997451835910489 ], [ 5.077717553369473, 51.998704974867728 ], [ 5.075704128288489, 52.000919374357082 ], [ 5.072472688233036, 52.000210626103701 ], [ 5.074860768485752, 52.003553505918866 ], [ 5.062912699478974, 52.026693864850621 ], [ 5.06102077066628, 52.02628198847804 ], [ 5.05533966424176, 52.029738232549761 ], [ 5.049906858894404, 52.030869592401672 ], [ 5.038064435515283, 52.044154815944012 ], [ 5.028451027975896, 52.050623276913825 ], [ 5.027058797368554, 52.055439025667461 ], [ 5.021610440716281, 52.055807892253917 ], [ 5.017074542229907, 52.061142875927544 ], [ 5.010283667005466, 52.053741023162907 ], [ 5.004934337298192, 52.055558632103562 ], [ 4.996330814178984, 52.052782722482938 ], [ 4.991007123348989, 52.052883701085385 ], [ 4.983276645614306, 52.040236668179766 ], [ 4.978379118767588, 52.039723111580592 ], [ 4.983138981146433, 52.027784555392863 ], [ 4.994046259455836, 52.029740066859198 ], [ 4.995194698761704, 52.021720384798492 ], [ 5.020295370916866, 52.025627072705888 ], [ 5.034062766051157, 52.003845928128662 ], [ 5.042555256256652, 52.005635534835378 ], [ 5.054240258317577, 51.996318712519574 ], [ 5.053082257350099, 51.995384665436369 ], [ 5.06263811682691, 51.991233081396764 ] ] ] } },
{ "type": "Feature", "properties": { "code": "1884", "gemeente": "Kaag en Braassem", "provincie": "Zuid-Holland" }, "geometry": { "type": "Polygon", "coordinates": [ [ [ 4.572615487322657, 52.152273065419763 ], [ 4.642606668820952, 52.161952957238491 ], [ 4.679841096328905, 52.162745427154256 ], [ 4.688941102236253, 52.191931399995617 ], [ 4.695315937082179, 52.189154490127507 ], [ 4.707665740877871, 52.205052448982109 ], [ 4.720774392580272, 52.201276507991814 ], [ 4.723591809406995, 52.211616397920906 ], [ 4.72970316845735, 52.210214446161366 ], [ 4.72446054523048, 52.212751449217897 ], [ 4.723301961412623, 52.216353869164969 ], [ 4.724154532373784, 52.232371337507971 ], [ 4.703714237275567, 52.233789195435044 ], [ 4.696494090739414, 52.232216483772234 ], [ 4.68615099553412, 52.226610136624451 ], [ 4.676699024401488, 52.225925524285046 ], [ 4.670348088145677, 52.230755789480071 ], [ 4.66504519052603, 52.227573790542053 ], [ 4.632937162129026, 52.216270287402317 ], [ 4.618666219505672, 52.214489154745294 ], [ 4.601707496698678, 52.214651062460092 ], [ 4.583553196004725, 52.218874209939081 ], [ 4.571565389330591, 52.216958903335929 ], [ 4.558433147054593, 52.218798541648354 ], [ 4.557849264038701, 52.215102037582 ], [ 4.554292172839627, 52.21224689022872 ], [ 4.558954640319775, 52.21024156371854 ], [ 4.558260049535769, 52.205457679672165 ], [ 4.561704720977501, 52.203657655681674 ], [ 4.559650192353874, 52.200497237572307 ], [ 4.555195677230909, 52.199665380589643 ], [ 4.557155229741871, 52.197741923001914 ], [ 4.54676765617941, 52.198975588670926 ], [ 4.543734245742, 52.187449229303539 ], [ 4.538153675295796, 52.18008469793746 ], [ 4.542060328158538, 52.172297536675252 ], [ 4.550934042301725, 52.163306365084971 ], [ 4.56059230589335, 52.166783008467412 ], [ 4.562399818610203, 52.166118881419578 ], [ 4.560490158215556, 52.16413010973185 ], [ 4.561633875153772, 52.160819071758738 ], [ 4.572615487322657, 52.152273065419763 ] ] ] } },
{ "type": "Feature", "properties": { "code": "0166", "gemeente": "Kampen", "provincie": "Overijssel" }, "geometry": { "type": "Polygon", "coordinates": [ [ [ 5.926053899780491, 52.474223904633782 ], [ 5.935409707380694, 52.477392035666732 ], [ 5.93687988853697, 52.476499054757291 ], [ 5.952985369191909, 52.484447698084331 ], [ 5.958697035002146, 52.483838212602137 ], [ 5.965360751120604, 52.476456295639466 ], [ 6.007121411977228, 52.504026603553513 ], [ 6.012367446407104, 52.50593977044413 ], [ 6.022851401130372, 52.505331879115644 ], [ 6.027857498248006, 52.509606202278768 ], [ 6.017085097446214, 52.515251131780765 ], [ 6.014740339553247, 52.520261485390392 ], [ 6.018670425104347, 52.525919235442302 ], [ 6.023643034984694, 52.527365696047454 ], [ 6.02483241125957, 52.526308237781741 ], [ 6.030170533462657, 52.526754361136426 ], [ 6.030455062965905, 52.538060571721047 ], [ 6.007287958357645, 52.545118099366846 ], [ 6.003619008398278, 52.550391504059483 ], [ 6.03303754164985, 52.559403472401272 ], [ 6.012888175966988, 52.586114053042117 ], [ 5.98294070039366, 52.577513774676596 ], [ 5.97137973490909, 52.593924747546815 ], [ 5.980242995582775, 52.60508847113308 ], [ 5.990909168115735, 52.613508757883231 ], [ 5.991745409319716, 52.62174750923959 ], [ 5.981015389507128, 52.628302260784203 ], [ 5.955285252334396, 52.62484243721935 ], [ 5.955620143189847, 52.622917203056794 ], [ 5.932690274637332, 52.6149228655743 ], [ 5.915663771284392, 52.613534009300309 ], [ 5.910601737506309, 52.617660806023231 ], [ 5.905470065822925, 52.619215358561419 ], [ 5.840524600821659, 52.610413207083575 ], [ 5.837213942569933, 52.607331228047514 ], [ 5.777967679420848, 52.607534462011969 ], [ 5.77792997645568, 52.580851896679604 ], [ 5.804282508707133, 52.58073816152843 ], [ 5.812005756849972, 52.579168984779621 ], [ 5.855076151778886, 52.550824187564153 ], [ 5.864310177137155, 52.518173433469343 ], [ 5.876205401047555, 52.522025024192807 ], [ 5.887276664106766, 52.516906195903346 ], [ 5.910217131360131, 52.497304684513146 ], [ 5.926053899780491, 52.474223904633782 ] ] ] } },
{ "type": "Feature", "properties": { "code": "0678", "gemeente": "Kapelle", "provincie": "Zeeland" }, "geometry": { "type": "Polygon", "coordinates": [ [ [ 3.991450681341678, 51.449803088136605 ], [ 3.998865510108752, 51.456273138031001 ], [ 4.007322826793154, 51.458634205333325 ], [ 4.004731184942257, 51.504843294609621 ], [ 4.013592812690753, 51.507588183327691 ], [ 4.017388121284545, 51.512450458880878 ], [ 4.013667790524646, 51.517451000973139 ], [ 4.013079901665667, 51.538244250681203 ], [ 4.005485437965082, 51.539967416146439 ], [ 3.998432664637503, 51.544333168671692 ], [ 3.992053219368724, 51.545098520578499 ], [ 3.987271420887342, 51.543259593320052 ], [ 3.98347777610303, 51.54506318240864 ], [ 3.986015566325417, 51.546223619421063 ], [ 3.960958958073454, 51.55147732282515 ], [ 3.937979105128076, 51.535777688069913 ], [ 3.946170469892227, 51.532634251578521 ], [ 3.971449221358601, 51.528448559536749 ], [ 3.963506038943634, 51.520613224851367 ], [ 3.965169407219563, 51.506350384235034 ], [ 3.943888441894206, 51.497410217070566 ], [ 3.940184544484032, 51.49314318089511 ], [ 3.925725633450417, 51.491824653443416 ], [ 3.924743786262451, 51.485372356574672 ], [ 3.920918435752646, 51.486114438897623 ], [ 3.915018561766132, 51.484799602788236 ], [ 3.916764423306041, 51.481596602160167 ], [ 3.912877670534286, 51.479121582792175 ], [ 3.907732028869309, 51.469509786821177 ], [ 3.916273002498305, 51.463402131265624 ], [ 3.928510234348356, 51.458790654982238 ], [ 3.925432736913934, 51.451519668121549 ], [ 3.935351529081887, 51.447012789069184 ], [ 3.942158857399125, 51.451523743827394 ], [ 3.949576173685136, 51.454016207491065 ], [ 3.966955828464855, 51.45626632511631 ], [ 3.979253580423364, 51.454574872917448 ], [ 3.991450681341678, 51.449803088136605 ] ] ] } },
{ "type": "Feature", "properties": { "code": "0537", "gemeente": "Katwijk", "provincie": "Zuid-Holland" }, "geometry": { "type": "Polygon", "coordinates": [ [ [ 4.440932395675815, 52.155966841770905 ], [ 4.44836828074122, 52.162051960756415 ], [ 4.445384141578621, 52.167795143213645 ], [ 4.448796105209463, 52.175586197263662 ], [ 4.445831416232006, 52.178799423651242 ], [ 4.434946834256007, 52.180856514685573 ], [ 4.458623295259256, 52.183455754026092 ], [ 4.466370302314323, 52.196886239597774 ], [ 4.461760583982378, 52.197106487161484 ], [ 4.463471481939262, 52.20020156689727 ], [ 4.460417364394051, 52.202199087671374 ], [ 4.462674707183234, 52.203411519371677 ], [ 4.455648581855074, 52.207029988651968 ], [ 4.466462465643004, 52.212902930557604 ], [ 4.46618230108488, 52.214162915530451 ], [ 4.463601695828882, 52.215948238664531 ], [ 4.451244934748163, 52.211669570623947 ], [ 4.448378040002428, 52.212517334273997 ], [ 4.440188056640833, 52.207355587490902 ], [ 4.437137639252259, 52.211199455773396 ], [ 4.435463623710231, 52.210602907373307 ], [ 4.433277323619357, 52.213504061605626 ], [ 4.42942162115576, 52.212264442984896 ], [ 4.42569636331913, 52.2162888911311 ], [ 4.419446208772995, 52.21433925260294 ], [ 4.390975592546231, 52.225243692499234 ], [ 4.360001774001343, 52.192677399651643 ], [ 4.37501571936526, 52.186612926547021 ], [ 4.404801793511007, 52.16750240944765 ], [ 4.409319179757926, 52.169342060371335 ], [ 4.411595085211234, 52.163479181789889 ], [ 4.440932395675815, 52.155966841770905 ] ] ] } },
{ "type": "Feature", "properties": { "code": "0928", "gemeente": "Kerkrade", "provincie": "Limburg" }, "geometry": { "type": "Polygon", "coordinates": [ [ [ 6.018000629776358, 50.843910216858902 ], [ 6.018945631685818, 50.846255643591618 ], [ 6.027839217423737, 50.84763020516538 ], [ 6.034281490288247, 50.850575061600679 ], [ 6.042102110063603, 50.851217000905166 ], [ 6.055077581201314, 50.857257715923708 ], [ 6.057148583438041, 50.855511605838785 ], [ 6.056698758813829, 50.851052767045019 ], [ 6.074170892890373, 50.846537872950428 ], [ 6.077298497598477, 50.860755853219842 ], [ 6.083396499217379, 50.864837334423491 ], [ 6.088102302215412, 50.872426952762375 ], [ 6.085073704201402, 50.876368417478773 ], [ 6.086681087413004, 50.879450367853629 ], [ 6.082537070553128, 50.882506952040046 ], [ 6.07967979890556, 50.882185332929943 ], [ 6.079336426807189, 50.886735058994311 ], [ 6.075366749441722, 50.890564682831716 ], [ 6.079813308944233, 50.905770290977628 ], [ 6.066460598582096, 50.904263866918242 ], [ 6.059350912923406, 50.901212260352239 ], [ 6.058729765454229, 50.902448390977753 ], [ 6.056788739988615, 50.901986610925753 ], [ 6.055878264860469, 50.899932272167675 ], [ 6.042897137849689, 50.900408600011914 ], [ 6.042537261264775, 50.892835584665839 ], [ 6.040421146531346, 50.892066452247157 ], [ 6.045533937636868, 50.889895489112334 ], [ 6.04303661986941, 50.887120407169924 ], [ 6.040414963063892, 50.888240533013764 ], [ 6.037054742136287, 50.88632043832758 ], [ 6.0311399414506, 50.871587315059458 ], [ 6.01728707048355, 50.870545429055149 ], [ 6.020308981737808, 50.868790926185234 ], [ 6.010340828191304, 50.863434010430041 ], [ 6.006976766875437, 50.86080096705507 ], [ 6.00817221065537, 50.859423236460962 ], [ 6.000568452976652, 50.857735215673287 ], [ 6.012023870906067, 50.84611633424624 ], [ 6.018000629776358, 50.843910216858902 ] ] ] } },
{ "type": "Feature", "properties": { "code": "1598", "gemeente": "Koggenland", "provincie": "Noord-Holland" }, "geometry": { "type": "Polygon", "coordinates": [ [ [ 5.037446411275178, 52.648020478489592 ], [ 5.039042903051945, 52.655863588801168 ], [ 5.034762672018347, 52.666556356232427 ], [ 5.021266451632586, 52.664420085017483 ], [ 5.003414422758936, 52.67048913660804 ], [ 5.002353035133921, 52.674926799950406 ], [ 4.983009359544385, 52.675099996787509 ], [ 4.979204711183836, 52.679679167541131 ], [ 4.976759446614575, 52.677420043745833 ], [ 4.970622533275569, 52.679631361055101 ], [ 4.96641878189314, 52.678549988178652 ], [ 4.966320513283628, 52.677195328183387 ], [ 4.962094357419472, 52.675991821306908 ], [ 4.961765897527458, 52.673708905036321 ], [ 4.952742725581813, 52.671765479416855 ], [ 4.948479399891827, 52.674777768222789 ], [ 4.905618213470296, 52.686419099438538 ], [ 4.91731352794022, 52.692908622790085 ], [ 4.918056459305447, 52.697016796307018 ], [ 4.91591311518694, 52.699321815708814 ], [ 4.910928639051019, 52.699911791210724 ], [ 4.891470559525755, 52.695201616381283 ], [ 4.888703841545923, 52.690455525086854 ], [ 4.876293330551984, 52.686342749524563 ], [ 4.879395508496859, 52.680080479467037 ], [ 4.874442993731818, 52.676326925186352 ], [ 4.862732702770813, 52.653654548208735 ], [ 4.865074782329904, 52.64943637308054 ], [ 4.876500363824742, 52.640965155557879 ], [ 4.876401448297172, 52.635851506308555 ], [ 4.873514916073926, 52.63416667980033 ], [ 4.882397414349475, 52.63302710305441 ], [ 4.889215764852657, 52.625713223395266 ], [ 4.883992167025391, 52.613138557104541 ], [ 4.922427206892277, 52.611471198500887 ], [ 4.929062053989681, 52.605161809892842 ], [ 4.937159177611046, 52.607149596576591 ], [ 4.951777732602627, 52.613989784012347 ], [ 4.956634645882062, 52.610668488618927 ], [ 4.959320725098077, 52.604710350098436 ], [ 4.956941109850508, 52.602222581808313 ], [ 4.949257776251584, 52.599532843085797 ], [ 4.949849907077375, 52.595285347239745 ], [ 5.00488121399061, 52.597573051741428 ], [ 5.007949381284158, 52.607799074842688 ], [ 5.006573995335281, 52.61050612005026 ], [ 5.027030923602924, 52.61260604833555 ], [ 5.020493813211833, 52.63000783868565 ], [ 5.01353664834257, 52.630431384626519 ], [ 5.015023549728814, 52.635229798629311 ], [ 5.018785686934916, 52.638550784733845 ], [ 5.036831386606917, 52.64733527265723 ], [ 5.03292953454452, 52.649631239024032 ], [ 5.037446411275178, 52.648020478489592 ] ] ] } },
{ "type": "Feature", "properties": { "code": "0542", "gemeente": "Krimpen aan den IJssel", "provincie": "Zuid-Holland" }, "geometry": { "type": "Polygon", "coordinates": [ [ [ 4.589098557038857, 51.902367499080746 ], [ 4.591474583241433, 51.905554374116868 ], [ 4.593510901450158, 51.904101594003833 ], [ 4.596744645016151, 51.905763582543969 ], [ 4.595173305459833, 51.90708212561303 ], [ 4.596799012566978, 51.907818426569349 ], [ 4.601463717248193, 51.906997701413573 ], [ 4.621456328393291, 51.908330026569608 ], [ 4.635225199522043, 51.910073904032132 ], [ 4.643019108375171, 51.912569172829365 ], [ 4.617703933753782, 51.931050145630167 ], [ 4.612676126787751, 51.925828212107795 ], [ 4.598598892977329, 51.926233290311181 ], [ 4.582117069296587, 51.920475478889891 ], [ 4.577868182468444, 51.915054465179672 ], [ 4.56766159559165, 51.909795937448123 ], [ 4.549901260055303, 51.906728490961719 ], [ 4.549238436156757, 51.904882129480676 ], [ 4.555087560167532, 51.905646462681943 ], [ 4.576328454935565, 51.903031724272473 ], [ 4.582617785962839, 51.904094501040483 ], [ 4.589098557038857, 51.902367499080746 ] ] ] } },
{ "type": "Feature", "properties": { "code": "1931", "gemeente": "Krimpenerwaard", "provincie": "Zuid-Holland" }, "geometry": { "type": "Polygon", "coordinates": [ [ [ 4.639300753470432, 51.890733288822318 ], [ 4.668166588058937, 51.88958535067529 ], [ 4.699970016250538, 51.896589329578234 ], [ 4.715811921164385, 51.895949046531733 ], [ 4.721935658111333, 51.897260715731328 ], [ 4.737985329598446, 51.902712226570969 ], [ 4.763947361336557, 51.914981429599891 ], [ 4.810319096431084, 51.924170361949869 ], [ 4.83719589596523, 51.940421051689405 ], [ 4.8529382643024, 51.941441488167655 ], [ 4.877792921350168, 51.93803067946012 ], [ 4.871222883171437, 51.954643498885453 ], [ 4.860805963801374, 51.967784034026039 ], [ 4.845621869382764, 51.974984936019887 ], [ 4.835217849338427, 51.986143024415163 ], [ 4.817805906659164, 51.99976689296944 ], [ 4.857126557559719, 52.00595951190742 ], [ 4.846895778821445, 52.018181712106291 ], [ 4.840178055219424, 52.016706946648462 ], [ 4.824994257994715, 52.017236612844123 ], [ 4.815616229142362, 52.013980730416982 ], [ 4.803523203944248, 52.013956163380179 ], [ 4.798700209167565, 52.02227173199298 ], [ 4.775944246927183, 52.014064170624827 ], [ 4.750879772515058, 52.014088362535546 ], [ 4.757329808613201, 52.001341698948444 ], [ 4.745463177621448, 52.002907911653558 ], [ 4.737733368741354, 52.006841439312232 ], [ 4.737291800284142, 52.005935129608865 ], [ 4.728482003622688, 52.007401422272466 ], [ 4.722792600235278, 52.005482062066122 ], [ 4.727569780673215, 52.001582886159639 ], [ 4.718861288932107, 51.998369567795095 ], [ 4.707217069720813, 52.001762269901427 ], [ 4.700492071596556, 51.997360395285234 ], [ 4.689295953694293, 51.996500406551768 ], [ 4.673016831851984, 51.986254716654884 ], [ 4.66895115334206, 51.979195031085318 ], [ 4.655923275235252, 51.976553130330522 ], [ 4.648649164348826, 51.97302068272699 ], [ 4.63227384030956, 51.970016782832438 ], [ 4.631099642377322, 51.967621888804914 ], [ 4.639773575207785, 51.962176775783099 ], [ 4.646046572622692, 51.954256849640245 ], [ 4.639586378474162, 51.951002279406659 ], [ 4.634237263377312, 51.937456951859239 ], [ 4.622686963077952, 51.935848453684159 ], [ 4.617703933753782, 51.931050145630167 ], [ 4.643019108375171, 51.912569172829365 ], [ 4.635225199522043, 51.910073904032132 ], [ 4.621456328393291, 51.908330026569608 ], [ 4.601463717248193, 51.906997701413573 ], [ 4.596799012566978, 51.907818426569349 ], [ 4.595173305459833, 51.90708212561303 ], [ 4.596744645016151, 51.905763582543969 ], [ 4.593510901450158, 51.904101594003833 ], [ 4.592212982738734, 51.90560117774735 ], [ 4.588747707597922, 51.90418742897549 ], [ 4.589098557038857, 51.902367499080746 ], [ 4.582617785962839, 51.904094501040483 ], [ 4.576328454935565, 51.903031724272473 ], [ 4.583020422862631, 51.90121270850311 ], [ 4.592667718790448, 51.894965309119598 ], [ 4.604331131411898, 51.892077346480527 ], [ 4.621043763910049, 51.889402234693314 ], [ 4.639300753470432, 51.890733288822318 ] ] ] } },
{ "type": "Feature", "properties": { "code": "1659", "gemeente": "Laarbeek", "provincie": "Noord-Brabant" }, "geometry": { "type": "Polygon", "coordinates": [ [ [ 5.624888787004391, 51.498321641469417 ], [ 5.627618024307626, 51.495901476042874 ], [ 5.634822219336972, 51.494883165239187 ], [ 5.644743932365282, 51.50157755276237 ], [ 5.653077053580303, 51.504061609412659 ], [ 5.656403717418483, 51.507309277941928 ], [ 5.663585135227367, 51.502255837431214 ], [ 5.675105373275765, 51.49894750111266 ], [ 5.669951766002336, 51.504138115034678 ], [ 5.672668237487619, 51.50544156688639 ], [ 5.682961238791311, 51.504479603212737 ], [ 5.685262189261588, 51.516012057319593 ], [ 5.674439629088227, 51.524961960005214 ], [ 5.681073892254919, 51.526131908567471 ], [ 5.677703044517261, 51.527257717667787 ], [ 5.678373948328948, 51.52835725743892 ], [ 5.682243280089212, 51.527676512043563 ], [ 5.666914128797828, 51.540564410196758 ], [ 5.65248579112195, 51.569678527011774 ], [ 5.64012354771299, 51.564343805882395 ], [ 5.627314748057294, 51.555333074716913 ], [ 5.621713154993939, 51.553237970816468 ], [ 5.618192417436581, 51.555841534657617 ], [ 5.614225239210518, 51.554604640275826 ], [ 5.608276219021666, 51.559579134744709 ], [ 5.584340475951598, 51.562731490189286 ], [ 5.55345409164474, 51.55830455772815 ], [ 5.533083052166686, 51.557803645495376 ], [ 5.545207346591617, 51.541686962661579 ], [ 5.543015588715112, 51.540014033619165 ], [ 5.547914385541301, 51.538075887533289 ], [ 5.557652445261906, 51.509369727889215 ], [ 5.566551703956705, 51.501672453570379 ], [ 5.579933204187855, 51.498760091766115 ], [ 5.609653837991441, 51.509217343378232 ], [ 5.611762759607802, 51.507774965200312 ], [ 5.610561620672161, 51.504725825393969 ], [ 5.614828464869662, 51.500447647934706 ], [ 5.618504166085711, 51.498683772407901 ], [ 5.624888787004391, 51.498321641469417 ] ] ] } },
{ "type": "Feature", "properties": { "code": "1982", "gemeente": "Land van Cuijk", "provincie": "Noord-Brabant" }, "geometry": { "type": "Polygon", "coordinates": [ [ [ 5.906662589096872, 51.552030870903636 ], [ 5.935444934912693, 51.553600197754562 ], [ 5.976346151568098, 51.561638165908377 ], [ 6.004252792308859, 51.570243521754577 ], [ 6.018211960514507, 51.563334683742966 ], [ 6.031668818352386, 51.552338803505194 ], [ 6.034320574498633, 51.557497271969005 ], [ 6.037307852764644, 51.558149278711312 ], [ 6.040912859510382, 51.556630453061068 ], [ 6.04438261008073, 51.557487041407668 ], [ 6.042782155918627, 51.558678875669081 ], [ 6.04812070112085, 51.558462550129242 ], [ 6.040711921234549, 51.564455291109354 ], [ 6.037658905835901, 51.569958584465404 ], [ 6.038572275262979, 51.58428551074649 ], [ 6.024943389987609, 51.598063709249423 ], [ 6.023918019690327, 51.615780472074704 ], [ 6.020630086484413, 51.621291377165825 ], [ 5.996352255236187, 51.63671914592188 ], [ 5.973931167062879, 51.644610774209688 ], [ 5.96510539473443, 51.652250321240516 ], [ 5.963243021345804, 51.660138682343558 ], [ 5.964392691911861, 51.677372046059119 ], [ 5.956567631557841, 51.6989406996273 ], [ 5.955290974499989, 51.709304904705981 ], [ 5.942956677798485, 51.714446814588911 ], [ 5.907436756593574, 51.718507724274218 ], [ 5.890395290631785, 51.723663354626225 ], [ 5.885404040091726, 51.728314191750762 ], [ 5.879560428145963, 51.749913601039687 ], [ 5.865166395167162, 51.757502805826569 ], [ 5.847803761551605, 51.759271621786006 ], [ 5.807219699210504, 51.756305087781023 ], [ 5.781114550915249, 51.752305973417556 ], [ 5.766634897700307, 51.752605436600852 ], [ 5.74640574687493, 51.758385890519705 ], [ 5.7335962088331, 51.770864532136009 ], [ 5.729136383787747, 51.773106772924727 ], [ 5.721904738612938, 51.774826470808534 ], [ 5.711229947517332, 51.775033866096244 ], [ 5.701047868394229, 51.768747145506268 ], [ 5.696035831776995, 51.761339726850679 ], [ 5.690858172101379, 51.759130695606082 ], [ 5.694241442976565, 51.755488265631918 ], [ 5.701923888433471, 51.755528876929418 ], [ 5.699910990117156, 51.75046865858917 ], [ 5.70349331601475, 51.750472794290403 ], [ 5.698116255462109, 51.738507316464229 ], [ 5.707911411851517, 51.736582354100328 ], [ 5.706095729716822, 51.732122546943366 ], [ 5.718811608078401, 51.732926304178989 ], [ 5.718394209756443, 51.730974253114738 ], [ 5.709417543194939, 51.728571836022716 ], [ 5.71322147210635, 51.726471837204087 ], [ 5.709878557619804, 51.725988893082196 ], [ 5.705158735417889, 51.722159209701836 ], [ 5.699960205189067, 51.71145157858367 ], [ 5.734359120270391, 51.677621986673508 ], [ 5.758614589488746, 51.593946510604056 ], [ 5.786678362315007, 51.59820838038894 ], [ 5.800586011708471, 51.578621776070804 ], [ 5.820552896045601, 51.5685585451983 ], [ 5.891466151395145, 51.560204679805864 ], [ 5.906662589096872, 51.552030870903636 ] ] ] } },
{ "type": "Feature", "properties": { "code": "0882", "gemeente": "Landgraaf", "provincie": "Limburg" }, "geometry": { "type": "Polygon", "coordinates": [ [ [ 6.015918886512178, 50.870231150520731 ], [ 6.022574223201525, 50.871810107696277 ], [ 6.0311399414506, 50.871587315059458 ], [ 6.037054742136287, 50.88632043832758 ], [ 6.040414963063892, 50.888240533013764 ], [ 6.04303661986941, 50.887120407169924 ], [ 6.045533937636868, 50.889895489112334 ], [ 6.040421146531346, 50.892066452247157 ], [ 6.042537261264775, 50.892835584665839 ], [ 6.042897137849689, 50.900408600011914 ], [ 6.055878264860469, 50.899932272167675 ], [ 6.056788739988615, 50.901986610925753 ], [ 6.058729765454229, 50.902448390977753 ], [ 6.059350912923406, 50.901212260352239 ], [ 6.066460598582096, 50.904263866918242 ], [ 6.079813308944233, 50.905770290977628 ], [ 6.081600986517991, 50.909481226535725 ], [ 6.092330609357948, 50.917700024997181 ], [ 6.093725968678879, 50.921230700689499 ], [ 6.089435921730032, 50.918525214271767 ], [ 6.077464766294992, 50.922578494613965 ], [ 6.071774982987347, 50.92313329738721 ], [ 6.068184216950179, 50.920653008760084 ], [ 6.054022767867802, 50.92224734279187 ], [ 6.05616044987671, 50.927152551807644 ], [ 6.050870799558256, 50.929905426309318 ], [ 6.045582165712975, 50.928080114569902 ], [ 6.039792626183612, 50.930852401696455 ], [ 6.018201661691966, 50.934701399605984 ], [ 6.006104516459703, 50.918679090468395 ], [ 5.993269064080208, 50.910083432803361 ], [ 5.99062714541223, 50.906193402483972 ], [ 5.994505475824678, 50.903513553671651 ], [ 5.996609317263825, 50.892521677646194 ], [ 5.998624443852131, 50.892918496937199 ], [ 6.008265233797045, 50.885562089188006 ], [ 6.010018189839186, 50.877448898120115 ], [ 6.015086791925263, 50.873514599482654 ], [ 6.015918886512178, 50.870231150520731 ] ] ] } },
{ "type": "Feature", "properties": { "code": "0415", "gemeente": "Landsmeer", "provincie": "Noord-Holland" }, "geometry": { "type": "Polygon", "coordinates": [ [ [ 4.930715884491994, 52.411607585595767 ], [ 4.944119568415577, 52.414374414763188 ], [ 4.95068965849181, 52.42359613511141 ], [ 4.947982099014753, 52.452260030934518 ], [ 4.950660785748876, 52.458595224697106 ], [ 4.946877229922513, 52.468883111118828 ], [ 4.948942126315586, 52.486580230200552 ], [ 4.943457185249513, 52.487733018192422 ], [ 4.941478038831113, 52.485390861672762 ], [ 4.920650893753127, 52.490434481069656 ], [ 4.90809632752212, 52.482998078952562 ], [ 4.893318973891312, 52.457276074101586 ], [ 4.89648922751328, 52.446184146893145 ], [ 4.896742186224095, 52.44015018095245 ], [ 4.894464133239375, 52.437064570375817 ], [ 4.899284887597411, 52.432774235851603 ], [ 4.898741018754137, 52.424489768086652 ], [ 4.930715884491994, 52.411607585595767 ] ] ] } },
{ "type": "Feature", "properties": { "code": "1621", "gemeente": "Lansingerland", "provincie": "Zuid-Holland" }, "geometry": { "type": "Polygon", "coordinates": [ [ [ 4.518365725872491, 51.960399156191883 ], [ 4.521013105871231, 51.963452565171863 ], [ 4.535055352545265, 51.968312904596338 ], [ 4.535686913486686, 51.970415061886627 ], [ 4.539951360841769, 51.969885143714478 ], [ 4.54919615555148, 51.973166632964592 ], [ 4.553760536514027, 51.977041115460864 ], [ 4.548069799214461, 51.983427623047419 ], [ 4.546339276139398, 51.991514162168478 ], [ 4.55487514764999, 52.005948589335993 ], [ 4.558217973870319, 52.028908453284657 ], [ 4.563457170346007, 52.035776983821968 ], [ 4.561059634520217, 52.042060866379522 ], [ 4.565201437273295, 52.058496244636594 ], [ 4.5578089947694, 52.06174116690363 ], [ 4.550533041180412, 52.056304050453953 ], [ 4.545335362811261, 52.048936295350558 ], [ 4.534665621829102, 52.049563257483655 ], [ 4.51529151355863, 52.039216000844981 ], [ 4.505729878499563, 52.032139923538509 ], [ 4.477384439994849, 52.031791577951594 ], [ 4.467323687684649, 52.025408068119056 ], [ 4.457267270313407, 52.02221528717665 ], [ 4.458546830603496, 52.015621500642489 ], [ 4.461561681451192, 52.012651418669634 ], [ 4.455388952658153, 52.006797998318596 ], [ 4.458899980716562, 52.004644358587072 ], [ 4.458728119703778, 52.002209216760811 ], [ 4.44977590443053, 52.000502771849021 ], [ 4.452877646547138, 51.997270537927527 ], [ 4.447247920493214, 51.992409059690438 ], [ 4.424221526487914, 51.979258734300487 ], [ 4.446682076320643, 51.962785957824678 ], [ 4.450513514588221, 51.965812912172346 ], [ 4.460098399140961, 51.968782483838247 ], [ 4.463240984813952, 51.97752651739733 ], [ 4.469012150664995, 51.980549164117001 ], [ 4.495258046924135, 51.967402998816056 ], [ 4.495799688374851, 51.971844490782892 ], [ 4.518365725872491, 51.960399156191883 ] ] ] } },
{ "type": "Feature", "properties": { "code": "0417", "gemeente": "Laren", "provincie": "Noord-Holland" }, "geometry": { "type": "Polygon", "coordinates": [ [ [ 5.218944832991947, 52.212151031242882 ], [ 5.22473024288246, 52.225197098426946 ], [ 5.222901248366518, 52.225260954561662 ], [ 5.245093124871358, 52.254431072176807 ], [ 5.225896776004623, 52.267976458766867 ], [ 5.22550790480696, 52.2729088766106 ], [ 5.209244444980992, 52.265934518572386 ], [ 5.203821977975988, 52.267115092630256 ], [ 5.188852859578109, 52.247650567059956 ], [ 5.198950728162482, 52.24084805407977 ], [ 5.218944832991947, 52.212151031242882 ] ] ] } },
{ "type": "Feature", "properties": { "code": "0080", "gemeente": "Leeuwarden", "provincie": "Fryslân" }, "geometry": { "type": "Polygon", "coordinates": [ [ [ 5.773912373008529, 53.04592169490801 ], [ 5.802149750734436, 53.062480121425949 ], [ 5.820736936911816, 53.076476132095877 ], [ 5.830162408093866, 53.079595133903538 ], [ 5.831024173928968, 53.078375004732692 ], [ 5.843045137775166, 53.080402273999333 ], [ 5.844679548851258, 53.07956218582256 ], [ 5.854441827756061, 53.08241380192193 ], [ 5.859830535920641, 53.08167575630587 ], [ 5.877443330345984, 53.085412002587454 ], [ 5.883532145160441, 53.090660931768987 ], [ 5.878119845955161, 53.090966038445153 ], [ 5.885984949960714, 53.09443914060094 ], [ 5.882005817437324, 53.106939479779037 ], [ 5.910696179583948, 53.109180598737744 ], [ 5.927869084229587, 53.108938500039443 ], [ 5.931584986001023, 53.110608479751299 ], [ 5.945943705839962, 53.103675985407151 ], [ 5.949656608816172, 53.104891707029523 ], [ 5.943459668736315, 53.121613983799207 ], [ 5.937219035582264, 53.126086412526504 ], [ 5.923355995281848, 53.130909858737496 ], [ 5.908628811310372, 53.144780497672905 ], [ 5.918962201037682, 53.149172630963164 ], [ 5.930610468539506, 53.159547452251367 ], [ 5.932720737696656, 53.170364957463114 ], [ 5.921941914738013, 53.16834585783581 ], [ 5.861936876204181, 53.171518718389152 ], [ 5.85095585826708, 53.191713483210847 ], [ 5.862061388192408, 53.19356494614631 ], [ 5.857727570869164, 53.204063352880844 ], [ 5.897891701167299, 53.208697184782913 ], [ 5.907099888966694, 53.211054168493078 ], [ 5.905003636007914, 53.212476248619041 ], [ 5.905932094034181, 53.215013874288069 ], [ 5.897863802011718, 53.214658077748794 ], [ 5.893821343216695, 53.215518273529419 ], [ 5.894209179408064, 53.217773249913996 ], [ 5.889016218394907, 53.217681907796376 ], [ 5.888952683989801, 53.22095245207435 ], [ 5.897116508312831, 53.220970142121629 ], [ 5.896926565492896, 53.222962177216672 ], [ 5.889170200360565, 53.222815738658248 ], [ 5.889991977628468, 53.22499870151109 ], [ 5.880656457220088, 53.224975725304709 ], [ 5.879885460845648, 53.23334104206355 ], [ 5.852553759549181, 53.230476732926377 ], [ 5.859241283012483, 53.24329274205013 ], [ 5.832160341654236, 53.24285659116449 ], [ 5.831019676036797, 53.244722806929076 ], [ 5.833166494077436, 53.247744785672573 ], [ 5.829700789484001, 53.257582148295924 ], [ 5.832062548621738, 53.26033902435848 ], [ 5.832530152143059, 53.268547226436105 ], [ 5.838649168027734, 53.274949288861762 ], [ 5.817693936121167, 53.276269110707993 ], [ 5.814255322134369, 53.277691029364867 ], [ 5.811412059381817, 53.276729660503285 ], [ 5.813229165053482, 53.279237901298202 ], [ 5.811045749003336, 53.280807920416471 ], [ 5.800477589516091, 53.282155137407791 ], [ 5.763283841282577, 53.294491062628509 ], [ 5.730913849235676, 53.29457475307197 ], [ 5.727615910960579, 53.288952598709521 ], [ 5.725492606377882, 53.28913180967249 ], [ 5.720121022574818, 53.274995593191782 ], [ 5.723333553748963, 53.270674448005252 ], [ 5.735386798882979, 53.264713673397246 ], [ 5.729835788378049, 53.261235768030033 ], [ 5.735843268165535, 53.252280471682354 ], [ 5.736072126620695, 53.248672625257655 ], [ 5.733619601613752, 53.248513991115686 ], [ 5.743915890881429, 53.241098124769259 ], [ 5.729768821724621, 53.235254400213492 ], [ 5.738147651551811, 53.231283375192099 ], [ 5.732551827071802, 53.230322942892357 ], [ 5.734152430811498, 53.21589256041549 ], [ 5.747107203857241, 53.215144374555805 ], [ 5.74390503395639, 53.211379138976497 ], [ 5.734740579821, 53.211219680457639 ], [ 5.736090221037958, 53.206084745943222 ], [ 5.744574774100707, 53.197821474425389 ], [ 5.739971968048454, 53.191233464792063 ], [ 5.742388766301215, 53.19141128268307 ], [ 5.740342489109425, 53.185371899209933 ], [ 5.745409005024887, 53.185231284897519 ], [ 5.737786147368171, 53.172546703218536 ], [ 5.733306693404719, 53.169457552479081 ], [ 5.731422424779464, 53.170739404514116 ], [ 5.728216992513118, 53.169785240609421 ], [ 5.728333935736975, 53.167924560315527 ], [ 5.724924745953871, 53.166079006351829 ], [ 5.723791647733852, 53.170070125349881 ], [ 5.720127207814251, 53.170527265721752 ], [ 5.718443947528684, 53.16921520290235 ], [ 5.713244060795958, 53.175229641901588 ], [ 5.706098682276362, 53.173383067425505 ], [ 5.699148639098762, 53.173744018081337 ], [ 5.697333165063188, 53.17769633616399 ], [ 5.692742443422482, 53.179921683228407 ], [ 5.68709595525072, 53.18003892728261 ], [ 5.685809783840702, 53.181922153492629 ], [ 5.67939821889203, 53.179132859694462 ], [ 5.677291194243274, 53.176392681698481 ], [ 5.67458635536631, 53.177807895810915 ], [ 5.669006118401539, 53.173332835733888 ], [ 5.665959883243347, 53.175469762095965 ], [ 5.661260831087896, 53.1697583858559 ], [ 5.652840173895896, 53.166259190718897 ], [ 5.660676265452875, 53.16422265827152 ], [ 5.657502493920708, 53.158615060078546 ], [ 5.659453070208768, 53.157627305586935 ], [ 5.656658707707039, 53.155433637884485 ], [ 5.657736634635984, 53.154257883331297 ], [ 5.661934658425982, 53.154950011867243 ], [ 5.663320149375057, 53.149821259266659 ], [ 5.655479967334483, 53.147729856597216 ], [ 5.652051113509482, 53.148700735052735 ], [ 5.648532103783778, 53.147074937056324 ], [ 5.654182150482161, 53.141583380458322 ], [ 5.647075837955355, 53.137989004691889 ], [ 5.638213519635194, 53.136564468611283 ], [ 5.631993136894588, 53.133019570659371 ], [ 5.638371423499092, 53.127969024247435 ], [ 5.637347906646564, 53.124149100909861 ], [ 5.643807757029948, 53.122142514302929 ], [ 5.646412698489248, 53.116350123339963 ], [ 5.656514405427747, 53.112363697994354 ], [ 5.673385555179767, 53.125340773800247 ], [ 5.680037039441692, 53.128575453751694 ], [ 5.684880699782547, 53.128267492336086 ], [ 5.68597405594712, 53.129867423443294 ], [ 5.695616537274298, 53.126825900456083 ], [ 5.693288053913862, 53.12295624292701 ], [ 5.695433035196338, 53.123008889202332 ], [ 5.696312286633501, 53.119122019119978 ], [ 5.70061269324377, 53.115775009981107 ], [ 5.707938875728286, 53.119698800729289 ], [ 5.721107513140871, 53.120489016549492 ], [ 5.725123874508866, 53.12359453301957 ], [ 5.729667567929217, 53.120303512050057 ], [ 5.737153614469756, 53.120835789279447 ], [ 5.736178763083127, 53.121902213077703 ], [ 5.739887191600813, 53.123543460067367 ], [ 5.751507608085896, 53.12651591421745 ], [ 5.756243708005615, 53.120836635599744 ], [ 5.757448946277689, 53.112715507189527 ], [ 5.761404020352931, 53.113679049477923 ], [ 5.762627700905779, 53.108817432987337 ], [ 5.764410574287561, 53.109590578561928 ], [ 5.770537320668596, 53.106195434760544 ], [ 5.76777930619116, 53.105063843295888 ], [ 5.770580033300942, 53.102656080316372 ], [ 5.777873490608459, 53.103184530984223 ], [ 5.787380274351802, 53.098496684182443 ], [ 5.788229258740958, 53.096594116652597 ], [ 5.771383907985754, 53.089105933899624 ], [ 5.774502389238153, 53.086328366253767 ], [ 5.772610857384692, 53.081807452334779 ], [ 5.764282733389947, 53.080276171934052 ], [ 5.773563617669766, 53.074109129688544 ], [ 5.775748524144212, 53.0666745886532 ], [ 5.766083811244247, 53.061388182856668 ], [ 5.761860320386985, 53.060828629080753 ], [ 5.763119420663603, 53.056626976476053 ], [ 5.771411818815204, 53.047197226334198 ], [ 5.769846726205465, 53.045849239299841 ], [ 5.773912373008529, 53.04592169490801 ] ] ] } },
{ "type": "Feature", "properties": { "code": "0546", "gemeente": "Leiden", "provincie": "Zuid-Holland" }, "geometry": { "type": "Polygon", "coordinates": [ [ [ 4.472830375061644, 52.119095950651634 ], [ 4.513212768724825, 52.139974148686726 ], [ 4.51067658084505, 52.140865880891113 ], [ 4.515544987655191, 52.144463612257169 ], [ 4.524037681930545, 52.147397871569552 ], [ 4.5208206999586, 52.156551018472641 ], [ 4.514699206571753, 52.161017144643765 ], [ 4.515080714991801, 52.171015906350341 ], [ 4.518487897062567, 52.174216046712381 ], [ 4.518353822090659, 52.182491838784443 ], [ 4.503881140435456, 52.184605773845483 ], [ 4.497562227568448, 52.183982655780959 ], [ 4.493057618831895, 52.175537717430224 ], [ 4.487839850954863, 52.178153711353026 ], [ 4.487126020721438, 52.176925347011071 ], [ 4.47860157882246, 52.179586875919917 ], [ 4.468509167435224, 52.173482052540244 ], [ 4.466867945936524, 52.169928569210732 ], [ 4.454170540598235, 52.171140462979672 ], [ 4.449000581520222, 52.162678442150501 ], [ 4.439232476538773, 52.154707474590644 ], [ 4.444678084854574, 52.140619888193008 ], [ 4.44960500897974, 52.140984270025349 ], [ 4.459287266406511, 52.149696722202506 ], [ 4.465405525204833, 52.149442903459864 ], [ 4.469298617174255, 52.133930542453349 ], [ 4.464492289367908, 52.127311174294242 ], [ 4.468149283179753, 52.128550821177036 ], [ 4.472941440287285, 52.123703189780556 ], [ 4.472830375061644, 52.119095950651634 ] ] ] } },
{ "type": "Feature", "properties": { "code": "0547", "gemeente": "Leiderdorp", "provincie": "Zuid-Holland" }, "geometry": { "type": "Polygon", "coordinates": [ [ [ 4.56117333494929, 52.132226282128109 ], [ 4.566104964964683, 52.135264028541464 ], [ 4.570285121639889, 52.142455871814512 ], [ 4.571480910527129, 52.153109032048363 ], [ 4.561633875153772, 52.160819071758738 ], [ 4.560490158215556, 52.16413010973185 ], [ 4.562399818610203, 52.166118881419578 ], [ 4.56059230589335, 52.166783008467412 ], [ 4.55112145334813, 52.163237413443852 ], [ 4.541883472493377, 52.172538828933689 ], [ 4.538779150763174, 52.18013007475529 ], [ 4.528177798575643, 52.179850783714073 ], [ 4.518368684007612, 52.182116262750732 ], [ 4.518487897062567, 52.174216046712381 ], [ 4.515080714991801, 52.171015906350341 ], [ 4.514699206571753, 52.161017144643765 ], [ 4.5208206999586, 52.156551018472641 ], [ 4.525281285555619, 52.145483504881177 ], [ 4.531699444991817, 52.141610601652296 ], [ 4.546749196537168, 52.140085952008988 ], [ 4.56117333494929, 52.132226282128109 ] ] ] } },
{ "type": "Feature", "properties": { "code": "1916", "gemeente": "Leidschendam-Voorburg", "provincie": "Zuid-Holland" }, "geometry": { "type": "Polygon", "coordinates": [ [ [ 4.39609393486678, 52.075077622290067 ], [ 4.403923545775008, 52.077845265108564 ], [ 4.420832515810662, 52.062580051320651 ], [ 4.456752072365499, 52.078814835706467 ], [ 4.475659860987344, 52.081296305586633 ], [ 4.4742747277599, 52.085260669620695 ], [ 4.493018074574787, 52.087751917647495 ], [ 4.490413658845299, 52.09785838994771 ], [ 4.470825787240932, 52.11770810745908 ], [ 4.472975416446811, 52.11895161480868 ], [ 4.472941440287285, 52.123703189780556 ], [ 4.468149283179753, 52.128550821177036 ], [ 4.466632322975816, 52.128865486123225 ], [ 4.466420254046225, 52.12733339917277 ], [ 4.427902584836373, 52.101470247722226 ], [ 4.401159065909139, 52.11186999856907 ], [ 4.372145585282665, 52.09438095503419 ], [ 4.373514471446235, 52.092296803941103 ], [ 4.335213192018469, 52.075000404889124 ], [ 4.355518702715685, 52.06803980641795 ], [ 4.342195732249102, 52.061134564671143 ], [ 4.348003601009905, 52.056498117680086 ], [ 4.352281472042108, 52.059394100935513 ], [ 4.357349787614223, 52.056254715768461 ], [ 4.36082611131236, 52.05846834162304 ], [ 4.356011121090189, 52.061567468861931 ], [ 4.379995842690557, 52.074745019647594 ], [ 4.384582663866547, 52.076234278769185 ], [ 4.388650954079345, 52.072973790320688 ], [ 4.394454293247501, 52.075789902008808 ], [ 4.39609393486678, 52.075077622290067 ] ] ] } },
{ "type": "Feature", "properties": { "code": "0995", "gemeente": "Lelystad", "provincie": "Flevoland" }, "geometry": { "type": "Polygon", "coordinates": [ [ [ 5.3507724053105, 52.400208682836954 ], [ 5.42377516900619, 52.432563906069959 ], [ 5.438705387000216, 52.442656258598333 ], [ 5.509500144977113, 52.397354700308107 ], [ 5.533006444790743, 52.384377414177138 ], [ 5.537297921259373, 52.385000095599629 ], [ 5.578014192707741, 52.40996789460312 ], [ 5.589069978892903, 52.411186593736844 ], [ 5.587998201030101, 52.41476624684212 ], [ 5.566636851007224, 52.435863000805497 ], [ 5.573803178830643, 52.438794102566057 ], [ 5.586388620358825, 52.447710596531778 ], [ 5.565419778080635, 52.470280767119164 ], [ 5.605870565470136, 52.484519592951649 ], [ 5.591292728353428, 52.500036122676995 ], [ 5.588055885112057, 52.51377267492105 ], [ 5.591305156193588, 52.513905170087241 ], [ 5.587410495478856, 52.563459773494671 ], [ 5.564508173718026, 52.615009776518228 ], [ 5.511294156088934, 52.663556110101048 ], [ 5.361146854373846, 52.675726426364747 ], [ 5.301635260119511, 52.692426682855114 ], [ 5.295777161316359, 52.692844718692768 ], [ 5.287618846657904, 52.691656311904445 ], [ 5.286450380701003, 52.688749139137407 ], [ 5.262266016682656, 52.676829320802383 ], [ 5.257186598208046, 52.644470706221199 ], [ 5.074623581412193, 52.583681701779511 ], [ 5.268977515505521, 52.426702927326282 ], [ 5.278374475087872, 52.42243627253869 ], [ 5.333799036549054, 52.406105389456663 ], [ 5.343357251160087, 52.401152438980468 ], [ 5.349514177695301, 52.401467953477528 ], [ 5.3507724053105, 52.400208682836954 ] ] ] } },
{ "type": "Feature", "properties": { "code": "1640", "gemeente": "Leudal", "provincie": "Limburg" }, "geometry": { "type": "Polygon", "coordinates": [ [ [ 5.804935463445035, 51.162876186387265 ], [ 5.815056495420243, 51.158848182319055 ], [ 5.815971125367488, 51.163170800395122 ], [ 5.823726759508692, 51.167683542706996 ], [ 5.826417153754414, 51.16683434008074 ], [ 5.826959771426417, 51.170584474485096 ], [ 5.846092005331356, 51.178593042150453 ], [ 5.852469044459931, 51.174579945170805 ], [ 5.848095575892555, 51.179208372960204 ], [ 5.873733191907644, 51.190941561739159 ], [ 5.86824208666232, 51.195078272687894 ], [ 5.868671357576573, 51.197011312018716 ], [ 5.87946220202515, 51.210848967131682 ], [ 5.889432817963217, 51.215411265092435 ], [ 5.891896808732938, 51.2140756523101 ], [ 5.8948753726842, 51.215999683745828 ], [ 5.907883414901935, 51.211428258172191 ], [ 5.909140727493046, 51.20885762790401 ], [ 5.905996014619978, 51.206408257540829 ], [ 5.907013281746638, 51.205549556892144 ], [ 5.91412753064239, 51.208906820142367 ], [ 5.925602955307752, 51.203725422796403 ], [ 5.945658737509028, 51.203560046442838 ], [ 5.95132531090852, 51.20116499453696 ], [ 5.964187792344086, 51.20820335582178 ], [ 5.973245129459986, 51.215046057374479 ], [ 5.980006690250297, 51.223334845121059 ], [ 5.986132775252778, 51.227221107164233 ], [ 5.998299985131553, 51.231348501388517 ], [ 6.005461919692961, 51.237992183441605 ], [ 6.009098078388402, 51.250790778105923 ], [ 6.005366622076279, 51.261208242260587 ], [ 6.00961185004423, 51.265759060268529 ], [ 6.011002722120561, 51.271362610924193 ], [ 6.00825540515141, 51.277542506809553 ], [ 5.954705690676756, 51.300280244465377 ], [ 5.907566862254355, 51.313240953361351 ], [ 5.910653644621111, 51.307709386193075 ], [ 5.877823372273227, 51.316577697397037 ], [ 5.860724561179753, 51.310802395622851 ], [ 5.850656746117577, 51.291543321668982 ], [ 5.83792214093812, 51.279719920643295 ], [ 5.83942124992133, 51.277723401181525 ], [ 5.833798379887043, 51.274769835890602 ], [ 5.846750110988481, 51.255518116616827 ], [ 5.849863079560641, 51.256619343053799 ], [ 5.854991816064243, 51.253658957506197 ], [ 5.853440955426454, 51.244493116188259 ], [ 5.852017077085243, 51.243482983042554 ], [ 5.849705163227659, 51.245318824570312 ], [ 5.845684872866173, 51.245556304528328 ], [ 5.839517113941364, 51.244683362072415 ], [ 5.835140384122546, 51.241264532231867 ], [ 5.817727577708178, 51.242000435286755 ], [ 5.808327365928516, 51.240463214943141 ], [ 5.802962777003899, 51.237870853936123 ], [ 5.790741376009783, 51.237243277620621 ], [ 5.781615638102923, 51.220022098310835 ], [ 5.775845135256108, 51.219005985748872 ], [ 5.772467769135577, 51.214992561111082 ], [ 5.756581363590443, 51.216060897089591 ], [ 5.751776122683431, 51.213611068908037 ], [ 5.748886901856908, 51.208155058980743 ], [ 5.755856595794927, 51.206830060358364 ], [ 5.752909183786597, 51.205179205775401 ], [ 5.752284810600057, 51.200587957407137 ], [ 5.74581951778985, 51.193845657315073 ], [ 5.747368676045062, 51.192423898658767 ], [ 5.745641221396827, 51.189498966675359 ], [ 5.756868359743176, 51.185404325537064 ], [ 5.755963265451489, 51.184460676005514 ], [ 5.767160444498501, 51.183691098514288 ], [ 5.776728477500377, 51.178485506748039 ], [ 5.77295210823192, 51.173369783424754 ], [ 5.779735945901836, 51.171799170607976 ], [ 5.769564950465583, 51.169083318769424 ], [ 5.770188541083376, 51.164223861450232 ], [ 5.774460299375638, 51.163936612625065 ], [ 5.774037683502041, 51.165291744498397 ], [ 5.776366007309742, 51.165329763473586 ], [ 5.77596390502924, 51.163049780700639 ], [ 5.779402367249707, 51.163316334027726 ], [ 5.779482555919414, 51.159383073215267 ], [ 5.77475916860135, 51.15468220546142 ], [ 5.776667625764579, 51.154404598424449 ], [ 5.777646152558044, 51.151303864204792 ], [ 5.785086371301963, 51.153108290389383 ], [ 5.791982260492536, 51.157128549849936 ], [ 5.798780531171022, 51.157666996225409 ], [ 5.804935463445035, 51.162876186387265 ] ] ] } },
{ "type": "Feature", "properties": { "code": "0327", "gemeente": "Leusden", "provincie": "Utrecht" }, "geometry": { "type": "Polygon", "coordinates": [ [ [ 5.380281147914094, 52.090326641065467 ], [ 5.401332096165816, 52.089333537209434 ], [ 5.404520868224581, 52.104106401563605 ], [ 5.410158514777305, 52.103263263475114 ], [ 5.421040523678959, 52.096901231668802 ], [ 5.429494024077588, 52.095911021136928 ], [ 5.437937946801872, 52.099744003997792 ], [ 5.443806669664041, 52.107074566169665 ], [ 5.45786596400656, 52.105369257471303 ], [ 5.467516497237666, 52.100400261988298 ], [ 5.471965951617466, 52.101447092443856 ], [ 5.473707065811698, 52.104759632282764 ], [ 5.476037135801604, 52.105012157668781 ], [ 5.475825487779249, 52.11207110761309 ], [ 5.479079033102059, 52.117426184169339 ], [ 5.486447090089501, 52.115359740306296 ], [ 5.4989165207799, 52.116017641161591 ], [ 5.503949639824818, 52.113720287850406 ], [ 5.507702069111476, 52.113896967670264 ], [ 5.507548674359438, 52.115644552951849 ], [ 5.503755993855127, 52.116585637069768 ], [ 5.505353946869918, 52.119750450651829 ], [ 5.496917683134232, 52.119557490989862 ], [ 5.494694929553268, 52.12469789135163 ], [ 5.496759076937296, 52.124814288334903 ], [ 5.49791306088531, 52.130282895852623 ], [ 5.511927531798336, 52.132104651749287 ], [ 5.514079392133685, 52.135923066815906 ], [ 5.497306244646741, 52.141443505201771 ], [ 5.498982469646529, 52.147393360915906 ], [ 5.485247814668681, 52.149059845986912 ], [ 5.476747482499811, 52.152217564194331 ], [ 5.459340065777082, 52.152914785779473 ], [ 5.441553656844669, 52.161520093924196 ], [ 5.423547366232082, 52.157620125810382 ], [ 5.417843573748412, 52.154784687222694 ], [ 5.416513129189036, 52.150698753895853 ], [ 5.408318343713204, 52.142588217390298 ], [ 5.409390978364833, 52.140387427620006 ], [ 5.407563250209822, 52.141959815071296 ], [ 5.398074701006314, 52.133547811491425 ], [ 5.374388788520087, 52.130992812165729 ], [ 5.355635210696156, 52.136829577728001 ], [ 5.334036460885771, 52.120414858452207 ], [ 5.310919802561747, 52.108384391238069 ], [ 5.334297457497581, 52.096333249451462 ], [ 5.380281147914094, 52.090326641065467 ] ] ] } },
{ "type": "Feature", "properties": { "code": "1705", "gemeente": "Lingewaard", "provincie": "Gelderland" }, "geometry": { "type": "Polygon", "coordinates": [ [ [ 5.980100389057155, 51.859043928701396 ], [ 5.989793745325699, 51.872651690733477 ], [ 6.00479176589204, 51.881031912122438 ], [ 6.016915681015889, 51.880985972024085 ], [ 6.032359754229649, 51.874107626413561 ], [ 6.046284695808447, 51.870913211555468 ], [ 6.030582749312713, 51.880239224133611 ], [ 6.020187250981468, 51.897883281144381 ], [ 6.013710906330712, 51.901608344992418 ], [ 5.997143043405385, 51.907220133848575 ], [ 5.987946937422565, 51.912591011614978 ], [ 5.978644725779085, 51.921681484379782 ], [ 5.968612962535725, 51.928212447374321 ], [ 5.97282302762096, 51.929083212135865 ], [ 5.972330967070615, 51.930742071211291 ], [ 5.965775468988599, 51.938767618259398 ], [ 5.96179424483373, 51.938792624445497 ], [ 5.957553114688306, 51.947010393917189 ], [ 5.940327673638963, 51.956039763257962 ], [ 5.935597113480957, 51.960415664643016 ], [ 5.93183063339166, 51.959483138485936 ], [ 5.929446258493394, 51.950592553502609 ], [ 5.916695224876763, 51.950494753742682 ], [ 5.912017656572611, 51.94782178915024 ], [ 5.910964877727509, 51.945906881928572 ], [ 5.912767048913597, 51.945292930332172 ], [ 5.902427089267984, 51.933990339157532 ], [ 5.898157458163728, 51.934609244084939 ], [ 5.889521958783203, 51.925265070327619 ], [ 5.896996833743097, 51.920809665974453 ], [ 5.893057732683749, 51.916185781966796 ], [ 5.894562151769285, 51.915058098403343 ], [ 5.891199335093137, 51.907263505174463 ], [ 5.873664429734851, 51.908451870485237 ], [ 5.872142372215313, 51.902004928383661 ], [ 5.875420845544744, 51.902083558368737 ], [ 5.87473847869769, 51.897570667177746 ], [ 5.856874247481161, 51.897011735620154 ], [ 5.85762769426583, 51.888388822497099 ], [ 5.871481042590478, 51.8886524136406 ], [ 5.882738269696224, 51.866143960956379 ], [ 5.88431972112481, 51.867013550208576 ], [ 5.886765711302466, 51.865203011378171 ], [ 5.89502834104291, 51.870168279687618 ], [ 5.903613559519487, 51.872541956568803 ], [ 5.923633018996252, 51.874623184607735 ], [ 5.937315414831803, 51.871411124444293 ], [ 5.957912135960931, 51.855709122573209 ], [ 5.969728799377502, 51.854654548333272 ], [ 5.980100389057155, 51.859043928701396 ] ] ] } },
{ "type": "Feature", "properties": { "code": "0553", "gemeente": "Lisse", "provincie": "Zuid-Holland" }, "geometry": { "type": "Polygon", "coordinates": [ [ [ 4.553685844384823, 52.222249961010448 ], [ 4.550565981544871, 52.22703085460725 ], [ 4.554208114008848, 52.231397496059863 ], [ 4.562848933190992, 52.234558122293912 ], [ 4.569520803875277, 52.259691160078127 ], [ 4.567868604303304, 52.267795426336676 ], [ 4.572749035529983, 52.27124002283783 ], [ 4.548680811950206, 52.284695610137184 ], [ 4.542550300826112, 52.28664416282956 ], [ 4.536443299556677, 52.278359278694936 ], [ 4.535459998764434, 52.279149896933042 ], [ 4.530178437527868, 52.274146621946969 ], [ 4.532690685569368, 52.272892211276627 ], [ 4.51352296338669, 52.255005843903739 ], [ 4.526594223457075, 52.247252799008301 ], [ 4.524088214548799, 52.244377169774914 ], [ 4.530050807842421, 52.241162383807527 ], [ 4.527416559515334, 52.239159601286808 ], [ 4.529471933336223, 52.238137291414773 ], [ 4.524922691885738, 52.235561219369714 ], [ 4.553685844384823, 52.222249961010448 ] ] ] } },
{ "type": "Feature", "properties": { "code": "0262", "gemeente": "Lochem", "provincie": "Gelderland" }, "geometry": { "type": "Polygon", "coordinates": [ [ [ 6.391529657281311, 52.113050947923142 ], [ 6.42399857360236, 52.096907992138384 ], [ 6.437558666276995, 52.103742761648263 ], [ 6.439742274873229, 52.103132182962213 ], [ 6.444885071738203, 52.106196105365477 ], [ 6.455204917713417, 52.107980151544119 ], [ 6.460133102045842, 52.106738362310985 ], [ 6.461463509512912, 52.104026318329481 ], [ 6.466704265904382, 52.106606458416138 ], [ 6.470163247874526, 52.106013718736968 ], [ 6.470185986275101, 52.104247679637304 ], [ 6.47324402877399, 52.104061558627528 ], [ 6.472537929880078, 52.102104885883129 ], [ 6.478543638572372, 52.100689692713388 ], [ 6.482002486151062, 52.105922730024396 ], [ 6.481476264651852, 52.111392923933877 ], [ 6.491348851990336, 52.120000943874039 ], [ 6.489665273399156, 52.120546470376318 ], [ 6.491998014656323, 52.125283193539289 ], [ 6.488304688315023, 52.126902664553086 ], [ 6.486518746877334, 52.131936691903014 ], [ 6.488518332616546, 52.134242601129586 ], [ 6.483792784553314, 52.137161947387625 ], [ 6.481292812416283, 52.142428890097371 ], [ 6.473431827201563, 52.144610200030051 ], [ 6.474653771110441, 52.143326378008588 ], [ 6.471611438137273, 52.143069277399086 ], [ 6.470711103261388, 52.146406551979652 ], [ 6.466624912888411, 52.14727379616027 ], [ 6.466519422378666, 52.149639643783267 ], [ 6.462432468824486, 52.150401615874912 ], [ 6.463382691297948, 52.15146351996394 ], [ 6.461368892312047, 52.152085960754505 ], [ 6.48378798972204, 52.15719941375837 ], [ 6.494372830807371, 52.173189911179662 ], [ 6.490805642345626, 52.179779834685007 ], [ 6.479172013617901, 52.182277515401417 ], [ 6.472973326997357, 52.188319771744595 ], [ 6.469326418387381, 52.19442891762975 ], [ 6.470293355005403, 52.199373589442068 ], [ 6.457013565141899, 52.201070121777384 ], [ 6.446476233608418, 52.212698406791105 ], [ 6.428610656420419, 52.223724983959052 ], [ 6.423134324573955, 52.23201269883927 ], [ 6.416807357269995, 52.237126343021693 ], [ 6.416639759307737, 52.242136793526242 ], [ 6.402618867132292, 52.243271713977855 ], [ 6.389863310590974, 52.242559187406343 ], [ 6.383410830158327, 52.244015810684111 ], [ 6.381851470227002, 52.246112810174125 ], [ 6.366851312163234, 52.241532143117354 ], [ 6.350891835869601, 52.241680085085555 ], [ 6.349476738880682, 52.238797197305885 ], [ 6.341193713905879, 52.237612057745579 ], [ 6.341276412861823, 52.235985578373956 ], [ 6.33802465819474, 52.236222223708083 ], [ 6.338708313124895, 52.227152867739605 ], [ 6.325434036571333, 52.226996639993679 ], [ 6.320429193506629, 52.225669089961173 ], [ 6.297942289954227, 52.22552983376184 ], [ 6.29695093471522, 52.229004806498104 ], [ 6.292973790291519, 52.229500978009142 ], [ 6.292731850662194, 52.230869414682061 ], [ 6.271007107560594, 52.227909972257756 ], [ 6.271290922866559, 52.226413635652534 ], [ 6.260058201898727, 52.229142191173764 ], [ 6.257294751418713, 52.227276221216798 ], [ 6.250429283732912, 52.226906325806993 ], [ 6.244680026527564, 52.228271381621113 ], [ 6.238017802034364, 52.227543102019517 ], [ 6.227925056268163, 52.229767921360697 ], [ 6.22249497509813, 52.228862508821422 ], [ 6.215113668673086, 52.231549510986092 ], [ 6.217224276695169, 52.226401483286544 ], [ 6.201942507147418, 52.229423326462012 ], [ 6.189135623919964, 52.229166515287581 ], [ 6.182530942489017, 52.233825031819556 ], [ 6.16626884020346, 52.231013776272079 ], [ 6.189254529095535, 52.217267545278979 ], [ 6.190871478498964, 52.209646301844224 ], [ 6.183693929997464, 52.204186646819892 ], [ 6.173036371866898, 52.201341951280348 ], [ 6.163379565037296, 52.201402280370729 ], [ 6.158753160155773, 52.200070399467393 ], [ 6.156354769021218, 52.197343176391016 ], [ 6.156486653429518, 52.193235159493412 ], [ 6.159577182665344, 52.189824998318862 ], [ 6.169533123649369, 52.189089532911865 ], [ 6.181141252609346, 52.181365516004576 ], [ 6.191603190393443, 52.178399992903195 ], [ 6.194362944729356, 52.174319904472121 ], [ 6.192799436397194, 52.169801276755905 ], [ 6.198707966382279, 52.162910278475529 ], [ 6.200528652492345, 52.164916727223456 ], [ 6.207221674018883, 52.166643689213274 ], [ 6.212220148428341, 52.162646153305815 ], [ 6.217080768187592, 52.1616733664859 ], [ 6.216118371865308, 52.158587645590082 ], [ 6.218665822139868, 52.15840209904183 ], [ 6.219153207980914, 52.156076857717679 ], [ 6.22348914487984, 52.155947129874072 ], [ 6.223478064611871, 52.153843495386369 ], [ 6.231640114855119, 52.155940317447893 ], [ 6.235260914484983, 52.155428632002184 ], [ 6.237988189237483, 52.14603055482759 ], [ 6.248481221685514, 52.147585023098635 ], [ 6.264541761440142, 52.147091338254327 ], [ 6.269791384670599, 52.149958705954234 ], [ 6.28360418052056, 52.148195720860038 ], [ 6.300918056501105, 52.149111171421268 ], [ 6.324039952398315, 52.15276172008808 ], [ 6.328314370949888, 52.137712365648618 ], [ 6.357721204923505, 52.135526745309207 ], [ 6.35772157286044, 52.130299359447179 ], [ 6.361215727798708, 52.126782280659341 ], [ 6.368791109367749, 52.123847045706341 ], [ 6.377479541309641, 52.126924934023748 ], [ 6.379871786416572, 52.126099330538288 ], [ 6.392528940746641, 52.131529363472694 ], [ 6.395843277636511, 52.13083230338529 ], [ 6.391822334714539, 52.123727789469207 ], [ 6.398389382153262, 52.117647754632323 ], [ 6.391529657281311, 52.113050947923142 ] ] ] } },
{ "type": "Feature", "properties": { "code": "0809", "gemeente": "Loon op Zand", "provincie": "Noord-Brabant" }, "geometry": { "type": "Polygon", "coordinates": [ [ [ 5.005495199975111, 51.607845761430355 ], [ 5.042927281505434, 51.606038638630878 ], [ 5.045010901107789, 51.61109712490606 ], [ 5.057174165239562, 51.610928953247836 ], [ 5.061771359951835, 51.609346131700967 ], [ 5.070590545388042, 51.61029067883937 ], [ 5.07100719276184, 51.608227245205619 ], [ 5.07405884256441, 51.609483341090971 ], [ 5.07402519412839, 51.605680956889707 ], [ 5.075539940559305, 51.605767750318748 ], [ 5.075468768424465, 51.608949514143255 ], [ 5.080181590284993, 51.609542287629878 ], [ 5.079438679380878, 51.610784225837065 ], [ 5.093745313714912, 51.611249291535543 ], [ 5.099202974478547, 51.617805421795687 ], [ 5.10295864843445, 51.616911140383614 ], [ 5.099849154266003, 51.627851589416224 ], [ 5.098119238042016, 51.628243619365733 ], [ 5.101545040332561, 51.634170216635702 ], [ 5.106136973990079, 51.635955848552044 ], [ 5.101625631091359, 51.661344510262651 ], [ 5.10288708574073, 51.676216022397327 ], [ 5.089262699713653, 51.674830599583728 ], [ 5.080265008512695, 51.671389162651643 ], [ 5.06062149349137, 51.671113250935257 ], [ 5.061013494993896, 51.668290259320067 ], [ 5.057970463578202, 51.668316171389833 ], [ 5.058403634912961, 51.661726953483651 ], [ 5.049744218090416, 51.661606620351648 ], [ 5.047246620234372, 51.663250977504077 ], [ 5.045285708359843, 51.662693900219729 ], [ 4.992246271517951, 51.676250894871217 ], [ 4.987262056553782, 51.654520470307467 ], [ 5.005495199975111, 51.607845761430355 ] ] ] } },
{ "type": "Feature", "properties": { "code": "0331", "gemeente": "Lopik", "provincie": "Utrecht" }, "geometry": { "type": "Polygon", "coordinates": [ [ [ 4.90691861067306, 51.941464841402912 ], [ 4.919187602522922, 51.944728954665798 ], [ 4.938332010857166, 51.962874098071808 ], [ 4.946904699524696, 51.963693762363825 ], [ 4.96819398427357, 51.959351917250537 ], [ 4.975436108934099, 51.962885900391122 ], [ 4.988045362693447, 51.973992854687602 ], [ 4.998073524608745, 51.977871508779437 ], [ 5.003009512030038, 51.978138238769304 ], [ 5.024787552427676, 51.969311181307162 ], [ 5.032069041973926, 51.969560408193971 ], [ 5.036127491112438, 51.971328551192421 ], [ 5.042857324449258, 51.980381313713274 ], [ 5.06263811682691, 51.991233081396764 ], [ 5.053082257350099, 51.995384665436369 ], [ 5.054240258317577, 51.996318712519574 ], [ 5.042555256256652, 52.005635534835378 ], [ 5.034062766051157, 52.003845928128662 ], [ 5.020295370916866, 52.025627072705888 ], [ 4.99216215472909, 52.021032494692264 ], [ 4.980715372856947, 52.02088523914599 ], [ 4.954917790878628, 52.017347209562715 ], [ 4.919867293082939, 52.009988430343682 ], [ 4.909734674983907, 52.011041420136927 ], [ 4.834127035440908, 51.985654194860324 ], [ 4.845621869382764, 51.974984936019887 ], [ 4.860805963801374, 51.967784034026039 ], [ 4.871222883171437, 51.954643498885453 ], [ 4.877792921350168, 51.93803067946012 ], [ 4.90691861067306, 51.941464841402912 ] ] ] } },
{ "type": "Feature", "properties": { "code": "0168", "gemeente": "Losser", "provincie": "Overijssel" }, "geometry": { "type": "Polygon", "coordinates": [ [ [ 7.007379165883977, 52.228094616332847 ], [ 7.019171081550919, 52.225051874399369 ], [ 7.039094201782822, 52.2275742385185 ], [ 7.061283545635213, 52.234711065559971 ], [ 7.065789506813344, 52.241235032174352 ], [ 7.042394724233858, 52.256144033588221 ], [ 7.032062690143674, 52.271664048557511 ], [ 7.028584215684636, 52.273627140005388 ], [ 7.027519784672565, 52.277986157197965 ], [ 7.0295475122953, 52.281526118778679 ], [ 7.026239186080234, 52.28732437811491 ], [ 7.026453502098262, 52.291967767402738 ], [ 7.039492920985754, 52.307626785586457 ], [ 7.041312880232105, 52.311142852646732 ], [ 7.038683277578254, 52.312380138558176 ], [ 7.047420730219785, 52.315206432780421 ], [ 7.045786725715801, 52.316443374025717 ], [ 7.048110021949499, 52.319948681415347 ], [ 7.047179750410797, 52.323744444671568 ], [ 7.055492724031451, 52.332168738166992 ], [ 7.056230753468872, 52.337953886806879 ], [ 7.072255438131113, 52.351879233153539 ], [ 7.072204711040745, 52.372802530097701 ], [ 7.007829778726977, 52.36382506766374 ], [ 6.985429451413838, 52.372224267010942 ], [ 6.970930300070337, 52.379859558025451 ], [ 6.96266870895885, 52.363386632510156 ], [ 6.970259189440526, 52.348766518307798 ], [ 6.96163830065929, 52.347116747736095 ], [ 6.952843361463177, 52.340350237514542 ], [ 6.951140818887697, 52.337959569885328 ], [ 6.953583422089969, 52.333973480000203 ], [ 6.937531016456172, 52.332836283428506 ], [ 6.934324924447077, 52.322719040784015 ], [ 6.942793250555688, 52.322171602998459 ], [ 6.945624442260247, 52.32106942668306 ], [ 6.94493462163865, 52.319595979008874 ], [ 6.950139109448851, 52.319357347709385 ], [ 6.947710230219777, 52.313914579263333 ], [ 6.950389258548626, 52.308218234353205 ], [ 6.941873610377733, 52.29864635286085 ], [ 6.946362835540938, 52.292717409959586 ], [ 6.940631932543435, 52.290384036002806 ], [ 6.935698568190463, 52.290820067449324 ], [ 6.939170508824299, 52.283869380143372 ], [ 6.946292942390856, 52.281337398599753 ], [ 6.969015002326511, 52.267398978608092 ], [ 6.973028012043167, 52.248503397715439 ], [ 6.97164559975696, 52.244067637166147 ], [ 6.964873377716478, 52.236764830490138 ], [ 6.965889528582212, 52.230418715854398 ], [ 6.981100055807181, 52.220736990269472 ], [ 6.989114209510582, 52.226843065064195 ], [ 7.007379165883977, 52.228094616332847 ] ] ] } },
{ "type": "Feature", "properties": { "code": "0263", "gemeente": "Maasdriel", "provincie": "Gelderland" }, "geometry": { "type": "Polygon", "coordinates": [ [ [ 5.266128243948486, 51.739295918659693 ], [ 5.280063947731333, 51.740084074289868 ], [ 5.2931007183281, 51.736976255549386 ], [ 5.300338682047733, 51.737287441150876 ], [ 5.3220412219146, 51.746523633683772 ], [ 5.356424546051294, 51.756991207530724 ], [ 5.360563673297243, 51.76238527176762 ], [ 5.362538885152865, 51.779463691559734 ], [ 5.369403282015154, 51.790251006667724 ], [ 5.401706347844724, 51.820892802273882 ], [ 5.407508744897068, 51.822590734077714 ], [ 5.414885450618328, 51.821290190237058 ], [ 5.41616538098926, 51.822469278565826 ], [ 5.407792517692438, 51.82984397451763 ], [ 5.405005489509565, 51.835343687171111 ], [ 5.400633217372508, 51.837658774296742 ], [ 5.393044035795574, 51.833578608340567 ], [ 5.384391411797514, 51.827291801610706 ], [ 5.367063288726467, 51.808883295789599 ], [ 5.35483973672418, 51.804293196702794 ], [ 5.34124281998357, 51.805632610765898 ], [ 5.323488937995303, 51.81866305393568 ], [ 5.311269553185273, 51.823144419559931 ], [ 5.297845704978445, 51.824057289534338 ], [ 5.281717974937324, 51.821207517983161 ], [ 5.284695390789737, 51.817433508532453 ], [ 5.280852678342952, 51.810400652396396 ], [ 5.284480182633915, 51.806540267921882 ], [ 5.283693643648665, 51.803232660303877 ], [ 5.281007284959446, 51.801917266055092 ], [ 5.288436673777679, 51.799574306381231 ], [ 5.266452543798944, 51.793121894646184 ], [ 5.269947791979869, 51.774325213252745 ], [ 5.262521788196218, 51.774646431206861 ], [ 5.248865046885585, 51.771236224066385 ], [ 5.237444079499959, 51.771964635510933 ], [ 5.219495732745615, 51.769015931935563 ], [ 5.207793004642417, 51.769280763556473 ], [ 5.191928673600034, 51.767451493874823 ], [ 5.189199794634197, 51.765562323148757 ], [ 5.180651657820561, 51.766555174104148 ], [ 5.17367236138765, 51.764019560473315 ], [ 5.174565362217991, 51.761072763695047 ], [ 5.18056769015022, 51.758622441289695 ], [ 5.184820658744109, 51.75388406750708 ], [ 5.185699796858049, 51.741917559961351 ], [ 5.196653193125606, 51.740271614301179 ], [ 5.214900092287731, 51.743305244488866 ], [ 5.223587939207703, 51.74320982089823 ], [ 5.248231952006241, 51.733614958420802 ], [ 5.255466237893697, 51.73489966567508 ], [ 5.266128243948486, 51.739295918659693 ] ] ] } },
{ "type": "Feature", "properties": { "code": "1641", "gemeente": "Maasgouw", "provincie": "Limburg" }, "geometry": { "type": "Polygon", "coordinates": [ [ [ 5.851020148623585, 51.109208396594305 ], [ 5.872281558142611, 51.13510866454552 ], [ 5.881568227847254, 51.134831046775368 ], [ 5.882837531171732, 51.133375810231598 ], [ 5.886615887262646, 51.135009642089258 ], [ 5.890630903793264, 51.134402886266138 ], [ 5.89777557594647, 51.135954570348083 ], [ 5.903469359629185, 51.132947550586231 ], [ 5.908094463810919, 51.134835708469893 ], [ 5.911562953381266, 51.131793021245677 ], [ 5.955477520662688, 51.159044475655428 ], [ 5.941154043084326, 51.160669806760971 ], [ 5.927302890137731, 51.168872440345361 ], [ 5.916652518573462, 51.16862067236714 ], [ 5.921627975074483, 51.17126415871774 ], [ 5.92592378401711, 51.177682412332224 ], [ 5.921247269166389, 51.17890452465705 ], [ 5.927821035280868, 51.186851293319535 ], [ 5.95132531090852, 51.20116499453696 ], [ 5.946682311415632, 51.203434257507887 ], [ 5.925602955307752, 51.203725422796403 ], [ 5.91412753064239, 51.208906820142367 ], [ 5.907013281746638, 51.205549556892144 ], [ 5.905996014619978, 51.206408257540829 ], [ 5.909140727493046, 51.20885762790401 ], [ 5.907883414901935, 51.211428258172191 ], [ 5.8948753726842, 51.215999683745828 ], [ 5.891896808732938, 51.2140756523101 ], [ 5.889432817963217, 51.215411265092435 ], [ 5.87946220202515, 51.210848967131682 ], [ 5.868671357576573, 51.197011312018716 ], [ 5.86824208666232, 51.195078272687894 ], [ 5.873733191907644, 51.190941561739159 ], [ 5.848095575892555, 51.179208372960204 ], [ 5.852469044459931, 51.174579945170805 ], [ 5.846092005331356, 51.178593042150453 ], [ 5.826959771426417, 51.170584474485096 ], [ 5.828097020671621, 51.164344020307368 ], [ 5.832694480634173, 51.162429908020911 ], [ 5.832881133739449, 51.159037411895433 ], [ 5.838610605548088, 51.157086622653232 ], [ 5.836354302067911, 51.153684984012258 ], [ 5.85578327838641, 51.144626044487843 ], [ 5.845840490191925, 51.140758801553524 ], [ 5.84293698751151, 51.132914122073501 ], [ 5.840115825523132, 51.130842605754722 ], [ 5.827523634515465, 51.130105337354927 ], [ 5.82070440608973, 51.126752889644933 ], [ 5.809850250246755, 51.118422198542333 ], [ 5.808358039655502, 51.111204501996234 ], [ 5.81462705817694, 51.107454613162609 ], [ 5.823591027428314, 51.108350060261166 ], [ 5.828886399141665, 51.107039766298463 ], [ 5.832784562714081, 51.104603790933098 ], [ 5.833507217115939, 51.099555316861739 ], [ 5.834711290754123, 51.099469778615912 ], [ 5.83710029864728, 51.102918715137001 ], [ 5.84467980597237, 51.10526284178345 ], [ 5.849024936412948, 51.109922901010648 ], [ 5.851020148623585, 51.109208396594305 ] ] ] } },
{ "type": "Feature", "properties": { "code": "1991", "gemeente": "Maashorst", "provincie": "Noord-Brabant" }, "geometry": { "type": "Polygon", "coordinates": [ [ [ 5.65106226638741, 51.625749830904645 ], [ 5.664711238295087, 51.628986816492962 ], [ 5.672607309663517, 51.62868878605677 ], [ 5.67274023561153, 51.627357223766154 ], [ 5.681521685511825, 51.629060963658901 ], [ 5.681780710091918, 51.627816604188958 ], [ 5.740060454297878, 51.622496380184785 ], [ 5.75047824421231, 51.62268337882886 ], [ 5.734359120270391, 51.677621986673508 ], [ 5.699960205189067, 51.71145157858367 ], [ 5.705158735417889, 51.722159209701836 ], [ 5.709878557619804, 51.725988893082196 ], [ 5.71322147210635, 51.726471837204087 ], [ 5.709417543194939, 51.728571836022716 ], [ 5.718394209756443, 51.730974253114738 ], [ 5.718811608078401, 51.732926304178989 ], [ 5.706095729716822, 51.732122546943366 ], [ 5.707911411851517, 51.736582354100328 ], [ 5.698116255462109, 51.738507316464229 ], [ 5.70349331601475, 51.750472794290403 ], [ 5.699910990117156, 51.75046865858917 ], [ 5.701923888433471, 51.755528876929418 ], [ 5.694241442976565, 51.755488265631918 ], [ 5.690858172101379, 51.759130695606082 ], [ 5.680139618344237, 51.761353356617292 ], [ 5.674860612009736, 51.768045894262968 ], [ 5.669964873955923, 51.762604425501699 ], [ 5.667279791961152, 51.75222162612809 ], [ 5.648640411139001, 51.764330107430965 ], [ 5.633773721330538, 51.760833018344833 ], [ 5.634550699692338, 51.757955593590907 ], [ 5.616458824024602, 51.755011372618227 ], [ 5.61504927915655, 51.756160115677019 ], [ 5.597324188560938, 51.750597792067374 ], [ 5.596605897729797, 51.747413297408912 ], [ 5.576270820169239, 51.744876877105298 ], [ 5.577477086175883, 51.735760905116329 ], [ 5.579917821076918, 51.732938946005568 ], [ 5.582280886586164, 51.733048979600305 ], [ 5.580881162361083, 51.731448091814983 ], [ 5.588982818477645, 51.724980958781096 ], [ 5.600151767294503, 51.708365951544948 ], [ 5.599167979753372, 51.707035326432667 ], [ 5.59542542494378, 51.70738118940664 ], [ 5.600588718364804, 51.696572933732661 ], [ 5.596837465270963, 51.690922557627793 ], [ 5.586864148276057, 51.683053176716207 ], [ 5.57301625918585, 51.67809010172008 ], [ 5.562239679420791, 51.663152338006483 ], [ 5.56196639346234, 51.660777364350743 ], [ 5.564379249975749, 51.661908886982701 ], [ 5.568910280612325, 51.659563530563211 ], [ 5.57109579047696, 51.655095919211469 ], [ 5.567409481247388, 51.653507063494949 ], [ 5.579747525820983, 51.64591066262097 ], [ 5.588319782290963, 51.642715928580891 ], [ 5.585777620551213, 51.639533380110166 ], [ 5.5934059814807, 51.632998127005848 ], [ 5.595069324665085, 51.634148621337907 ], [ 5.602273600259232, 51.62941366996661 ], [ 5.607470991639071, 51.633777589503666 ], [ 5.62802427765078, 51.6231795711807 ], [ 5.635413363676168, 51.625348073316324 ], [ 5.65106226638741, 51.625749830904645 ] ] ] } },
{ "type": "Feature", "properties": { "code": "0556", "gemeente": "Maassluis", "provincie": "Zuid-Holland" }, "geometry": { "type": "Polygon", "coordinates": [ [ [ 4.267571211230306, 51.905335046479976 ], [ 4.292611009228446, 51.921236323684802 ], [ 4.270960169170885, 51.923477422114217 ], [ 4.261048918004033, 51.926681515884901 ], [ 4.239075949478481, 51.943633057434475 ], [ 4.231767021941003, 51.942922357107093 ], [ 4.228292031206167, 51.947991506113574 ], [ 4.212717692580419, 51.933727467411501 ], [ 4.223702301287065, 51.928246768446968 ], [ 4.241119599522502, 51.914871382635013 ], [ 4.267571211230306, 51.905335046479976 ] ] ] } },
{ "type": "Feature", "properties": { "code": "0935", "gemeente": "Maastricht", "provincie": "Limburg" }, "geometry": { "type": "Polygon", "coordinates": [ [ [ 5.757259323003082, 50.847035717258777 ], [ 5.757340376265282, 50.85529059415957 ], [ 5.749286799781554, 50.857149548820466 ], [ 5.762924781331235, 50.864137836428988 ], [ 5.762660387712523, 50.866510351373044 ], [ 5.759090544288982, 50.865972445857764 ], [ 5.755444683669038, 50.871490913252686 ], [ 5.746974055037494, 50.870701277175336 ], [ 5.746006237226784, 50.872268066214559 ], [ 5.742567015412318, 50.871399461754542 ], [ 5.741888562603976, 50.87311686929668 ], [ 5.733365627976659, 50.874746167479159 ], [ 5.736242732636753, 50.882046314725407 ], [ 5.726542007915051, 50.884147603876947 ], [ 5.723467332904317, 50.894561983754059 ], [ 5.718037133449675, 50.896926753507422 ], [ 5.719841317963843, 50.899229437813851 ], [ 5.712639991104786, 50.902672372951926 ], [ 5.713095552312649, 50.906339716362616 ], [ 5.717286603249395, 50.907655413339256 ], [ 5.709269930494562, 50.911593372291172 ], [ 5.703418271081358, 50.911713876548326 ], [ 5.696534659807277, 50.908609675917525 ], [ 5.695743909424105, 50.897745001912043 ], [ 5.692341755727756, 50.893707703883209 ], [ 5.682515569416974, 50.888524275768354 ], [ 5.679350430728871, 50.880489012683114 ], [ 5.66963106298124, 50.881822475269963 ], [ 5.653336135857852, 50.873978925637907 ], [ 5.65132327511645, 50.875091701438166 ], [ 5.644159225335082, 50.871349857076268 ], [ 5.649472014911764, 50.868343507934028 ], [ 5.641664647611585, 50.864161564752976 ], [ 5.644005315536893, 50.862920435123208 ], [ 5.641801745932159, 50.859247897052455 ], [ 5.643791368395753, 50.858878452364905 ], [ 5.641685498236322, 50.857554813761276 ], [ 5.643513542505615, 50.856783776732506 ], [ 5.640325936978477, 50.853724979555047 ], [ 5.642708418162632, 50.850080544818631 ], [ 5.638866058225989, 50.847674483643949 ], [ 5.64185370083955, 50.840793171831422 ], [ 5.645345596151387, 50.839395097233151 ], [ 5.643731567383933, 50.837936123118801 ], [ 5.651382385486831, 50.831991797333522 ], [ 5.648896204613929, 50.826702652958325 ], [ 5.65185525882162, 50.827507879820907 ], [ 5.65617770860679, 50.824289656364101 ], [ 5.653990851992323, 50.820082213341777 ], [ 5.667648164130042, 50.81654443439254 ], [ 5.669453918786506, 50.817850289953867 ], [ 5.673173169865558, 50.815995523598247 ], [ 5.678282887528517, 50.816468389978589 ], [ 5.680531451104868, 50.812058363514424 ], [ 5.684360073880812, 50.813420180215637 ], [ 5.68877347906514, 50.811626610528478 ], [ 5.69167954123087, 50.812122189534321 ], [ 5.69650308640686, 50.808546063152257 ], [ 5.709491477451689, 50.808278217903741 ], [ 5.709823495216913, 50.804191386647446 ], [ 5.716944059225511, 50.803805279363942 ], [ 5.717311911926432, 50.814501387864446 ], [ 5.723197534467641, 50.814728582250396 ], [ 5.728732480611232, 50.817924707143447 ], [ 5.743481942241131, 50.821319371446947 ], [ 5.746821607716859, 50.829870760064217 ], [ 5.746706257194704, 50.835871728654489 ], [ 5.746311415590593, 50.837324942179741 ], [ 5.740639151414971, 50.839157277043846 ], [ 5.75485495375296, 50.841840528060352 ], [ 5.757259323003082, 50.847035717258777 ] ] ] } },
{ "type": "Feature", "properties": { "code": "0420", "gemeente": "Medemblik", "provincie": "Noord-Holland" }, "geometry": { "type": "Polygon", "coordinates": [ [ [ 5.021266451632586, 52.664420085017483 ], [ 5.034898491428983, 52.666582344572063 ], [ 5.035539991761792, 52.67045296460833 ], [ 5.063455470399468, 52.673133391221882 ], [ 5.06229181397125, 52.676707635226457 ], [ 5.082606664499109, 52.684003207764228 ], [ 5.086730400903539, 52.684365484572076 ], [ 5.091490569065004, 52.678831454939804 ], [ 5.125448110856433, 52.691163918281447 ], [ 5.187023106936462, 52.707451804412962 ], [ 5.18537341986558, 52.710228083678942 ], [ 5.210698315583992, 52.716853887808519 ], [ 5.221499851277204, 52.717697189946094 ], [ 5.257501408290725, 52.716180778114868 ], [ 5.254318886082481, 52.747010614443724 ], [ 5.259341241310642, 52.744870058679254 ], [ 5.269986805561598, 52.745183916667514 ], [ 5.274387377689139, 52.750633769640096 ], [ 5.211337516119447, 52.800405700577535 ], [ 5.281178904812303, 52.84063142893401 ], [ 5.238681789512233, 52.874060956145705 ], [ 5.215063785388748, 52.916102346062551 ], [ 5.121475866512045, 52.845927657130645 ], [ 5.111993250567505, 52.779170929477793 ], [ 5.106523297137328, 52.774468524603364 ], [ 5.099812028486077, 52.773441081522186 ], [ 5.092107847755345, 52.769285211895351 ], [ 5.069722978123329, 52.76810317202203 ], [ 5.058219952530869, 52.758224828740126 ], [ 5.04549942741368, 52.753232073198753 ], [ 5.025926309654484, 52.751571097894953 ], [ 4.996860452874635, 52.752065335080808 ], [ 4.996143916574672, 52.747150788375222 ], [ 4.998403942685293, 52.744643099461157 ], [ 4.995215378900455, 52.743695659885191 ], [ 4.998401833094882, 52.740329081236652 ], [ 4.996386536019226, 52.738619640633445 ], [ 5.007422056940782, 52.724981890663692 ], [ 5.011047249953644, 52.726241490420691 ], [ 5.011163559286517, 52.722907376949372 ], [ 4.988271292785471, 52.713382270325766 ], [ 4.984523442095867, 52.716918073334369 ], [ 4.971888144623943, 52.712138156814468 ], [ 4.986064899884294, 52.69922224850071 ], [ 4.981157394743136, 52.69275971013829 ], [ 4.979117728073788, 52.679821664355742 ], [ 4.983009359544385, 52.675099996787509 ], [ 5.002353035133921, 52.674926799950406 ], [ 5.003414422758936, 52.67048913660804 ], [ 5.021266451632586, 52.664420085017483 ] ] ] } },
{ "type": "Feature", "properties": { "code": "0938", "gemeente": "Meerssen", "provincie": "Limburg" }, "geometry": { "type": "Polygon", "coordinates": [ [ [ 5.746974055037494, 50.870701277175336 ], [ 5.755444683669038, 50.871490913252686 ], [ 5.759090544288982, 50.865972445857764 ], [ 5.764637390535224, 50.866840978188343 ], [ 5.767001346484369, 50.87320323696747 ], [ 5.773012826855235, 50.872279854662516 ], [ 5.774200972371139, 50.873377657941802 ], [ 5.772077844192514, 50.87574944481689 ], [ 5.77766288316466, 50.883727323391412 ], [ 5.784186678105994, 50.882401905840645 ], [ 5.789101072369308, 50.883888580418983 ], [ 5.7895360981197, 50.882410519585584 ], [ 5.798371674629657, 50.882850252353336 ], [ 5.799842066920858, 50.885672879989187 ], [ 5.797216129975222, 50.889918893165778 ], [ 5.796563438117311, 50.897696755343084 ], [ 5.800519995596033, 50.89818054323257 ], [ 5.801488264508299, 50.896306529171468 ], [ 5.803480100989958, 50.898111266718423 ], [ 5.801971752813374, 50.900675612981189 ], [ 5.798667127001007, 50.901015122686431 ], [ 5.802256891109059, 50.902412069180109 ], [ 5.796556973168434, 50.907478728452034 ], [ 5.801002962851315, 50.908754891882069 ], [ 5.802393351511093, 50.913795451528657 ], [ 5.800346674675462, 50.914789281117272 ], [ 5.792352808687435, 50.910502564660291 ], [ 5.782440631848377, 50.913376375473383 ], [ 5.778981374327322, 50.910973083004151 ], [ 5.774764151908029, 50.911320891657034 ], [ 5.758995412416203, 50.898710822837629 ], [ 5.755699480902231, 50.899548974641284 ], [ 5.759395620026221, 50.907171201690005 ], [ 5.771063008873318, 50.918992773156035 ], [ 5.773824509996777, 50.925560808044182 ], [ 5.772498480590981, 50.928569500798595 ], [ 5.768543903239483, 50.928191000256007 ], [ 5.758984085297278, 50.931912434731217 ], [ 5.755431365026342, 50.931754452805734 ], [ 5.748561033752152, 50.935912353621248 ], [ 5.750119669112555, 50.939203162329456 ], [ 5.748239586023028, 50.938981354711572 ], [ 5.748768310204017, 50.941334516697523 ], [ 5.745992590824795, 50.943411024713328 ], [ 5.740879426710546, 50.935224804997887 ], [ 5.732544467720549, 50.930221701814546 ], [ 5.726930323480711, 50.923841223434579 ], [ 5.726645153299417, 50.913070809181541 ], [ 5.720381360356448, 50.908070814520215 ], [ 5.714854121964514, 50.908457850823581 ], [ 5.717259887843321, 50.907595417108546 ], [ 5.71321453233869, 50.90646497322755 ], [ 5.712482702981606, 50.903166329893089 ], [ 5.719841317963843, 50.899229437813851 ], [ 5.718037133449675, 50.896926753507422 ], [ 5.723467332904317, 50.894561983754059 ], [ 5.726542007915051, 50.884147603876947 ], [ 5.736242732636753, 50.882046314725407 ], [ 5.733365627976659, 50.874746167479159 ], [ 5.741888562603976, 50.87311686929668 ], [ 5.742567015412318, 50.871399461754542 ], [ 5.746006237226784, 50.872268066214559 ], [ 5.746974055037494, 50.870701277175336 ] ] ] } },
{ "type": "Feature", "properties": { "code": "1948", "gemeente": "Meierijstad", "provincie": "Noord-Brabant" }, "geometry": { "type": "Polygon", "coordinates": [ [ [ 5.494253694236853, 51.527206377758773 ], [ 5.49827153054458, 51.52852964818414 ], [ 5.503661899434674, 51.526562451916682 ], [ 5.499938184139129, 51.525287046137073 ], [ 5.500232325051857, 51.52133945768108 ], [ 5.513015367287685, 51.524310974272801 ], [ 5.518952014456694, 51.522268935526611 ], [ 5.522613575245874, 51.523430820691416 ], [ 5.525047827901271, 51.521869007893422 ], [ 5.547283267604418, 51.5375817240595 ], [ 5.543015588715112, 51.540014033619165 ], [ 5.545207346591617, 51.541686962661579 ], [ 5.533083052166686, 51.557803645495376 ], [ 5.55345409164474, 51.55830455772815 ], [ 5.584340475951598, 51.562731490189286 ], [ 5.608276219021666, 51.559579134744709 ], [ 5.614225239210518, 51.554604640275826 ], [ 5.618192417436581, 51.555841534657617 ], [ 5.621713154993939, 51.553237970816468 ], [ 5.627314748057294, 51.555333074716913 ], [ 5.64012354771299, 51.564343805882395 ], [ 5.653461241232142, 51.570245827572421 ], [ 5.656517498273614, 51.574794844705821 ], [ 5.651806636236583, 51.579944182713454 ], [ 5.642928346085726, 51.606209271548565 ], [ 5.625017514914089, 51.625192984684418 ], [ 5.607470991639071, 51.633777589503666 ], [ 5.602273600259232, 51.62941366996661 ], [ 5.595069324665085, 51.634148621337907 ], [ 5.5934059814807, 51.632998127005848 ], [ 5.585777620551213, 51.639533380110166 ], [ 5.588319782290963, 51.642715928580891 ], [ 5.570300301899136, 51.65143425449012 ], [ 5.565359338287342, 51.648369511797114 ], [ 5.542011804878969, 51.640310701307769 ], [ 5.542236716328542, 51.634537145722334 ], [ 5.53366266269146, 51.635512801823076 ], [ 5.524396820712521, 51.630438700095688 ], [ 5.50485890360328, 51.636078488469892 ], [ 5.505628948191938, 51.633253903927283 ], [ 5.497202498898925, 51.626685981836111 ], [ 5.467781429651109, 51.64227981775457 ], [ 5.414644280123568, 51.65570261148082 ], [ 5.415095666655705, 51.654079194634257 ], [ 5.411425503682727, 51.654458281000863 ], [ 5.413474851405328, 51.653746421265524 ], [ 5.411080840660197, 51.65269151384495 ], [ 5.412296891456251, 51.650303275724191 ], [ 5.405883989938158, 51.650205295678489 ], [ 5.405959794946851, 51.648311804905482 ], [ 5.396154781077739, 51.645320760504724 ], [ 5.379137648219236, 51.647366944273813 ], [ 5.379592133051943, 51.644151578568049 ], [ 5.375439299456621, 51.644450325104508 ], [ 5.375962799563037, 51.643235009270903 ], [ 5.371868163912417, 51.641931023879792 ], [ 5.383070987056366, 51.638238972756724 ], [ 5.371361050549035, 51.637225916396332 ], [ 5.371065400616426, 51.632962827323055 ], [ 5.374997766865556, 51.633693419341093 ], [ 5.383284926356097, 51.631603854853083 ], [ 5.383376204816573, 51.627721624284483 ], [ 5.387467473544812, 51.625748398028882 ], [ 5.383852691873994, 51.624085842461 ], [ 5.385858564194626, 51.623636254643024 ], [ 5.38591721841478, 51.620905964886852 ], [ 5.388946855804626, 51.621343076941884 ], [ 5.388419914107162, 51.617846204611695 ], [ 5.391087842510249, 51.616504241275251 ], [ 5.392414665072218, 51.612360678627169 ], [ 5.390716011133237, 51.611780335137205 ], [ 5.394856679687015, 51.605842080987891 ], [ 5.380528763471062, 51.602901902661792 ], [ 5.386212145455972, 51.600868947875099 ], [ 5.381443280603307, 51.596203731267487 ], [ 5.386157496595312, 51.590614272234284 ], [ 5.389591370237435, 51.589671426905959 ], [ 5.38526025546466, 51.589586975628407 ], [ 5.381442797346968, 51.58760153918589 ], [ 5.389666610933365, 51.583484100927585 ], [ 5.38782562288581, 51.582453811647618 ], [ 5.388948700168882, 51.580827314636437 ], [ 5.38986793092042, 51.581704941243927 ], [ 5.393682116179308, 51.579945469242325 ], [ 5.391569890052662, 51.575911349197384 ], [ 5.403865686207907, 51.575867691864822 ], [ 5.40249905206649, 51.571713831270706 ], [ 5.399343647999125, 51.572194556294761 ], [ 5.399475793875143, 51.566098146530585 ], [ 5.397809517832638, 51.565894414691897 ], [ 5.400083870273835, 51.56240311121546 ], [ 5.40520130482391, 51.562027648396345 ], [ 5.402810478932184, 51.557778347696271 ], [ 5.404233337051783, 51.548291673274484 ], [ 5.410935746216546, 51.542269088084971 ], [ 5.421497274902849, 51.537667408378873 ], [ 5.423034433892207, 51.533895177508015 ], [ 5.429834785515268, 51.534970143156457 ], [ 5.431572650600772, 51.533346895216916 ], [ 5.437412302715797, 51.533972809630569 ], [ 5.468283848996162, 51.540646798732787 ], [ 5.487145719583416, 51.541848374269911 ], [ 5.488815415535721, 51.533285216566206 ], [ 5.494253694236853, 51.527206377758773 ] ] ] } },
{ "type": "Feature", "properties": { "code": "0119", "gemeente": "Meppel", "provincie": "Drenthe" }, "geometry": { "type": "Polygon", "coordinates": [ [ [ 6.265568224996507, 52.668034229294989 ], [ 6.26904559453731, 52.673575717589067 ], [ 6.272668451402865, 52.673742394480108 ], [ 6.269814722419481, 52.682227973908468 ], [ 6.275161164991544, 52.683447007445679 ], [ 6.283478074820435, 52.682248200036405 ], [ 6.283842690579571, 52.684199675751351 ], [ 6.275423297214966, 52.687742978965417 ], [ 6.275873870929703, 52.690216054376933 ], [ 6.285011973015501, 52.689705161431853 ], [ 6.286682599117696, 52.699126105454781 ], [ 6.275807629349664, 52.695463430803969 ], [ 6.276325686640065, 52.69800420137102 ], [ 6.279634875176844, 52.69961184497086 ], [ 6.276699386156215, 52.700586122488552 ], [ 6.277213831028896, 52.703359794133029 ], [ 6.273802847570688, 52.703281565864017 ], [ 6.274303006342097, 52.706185311038119 ], [ 6.253119773032688, 52.705281553382775 ], [ 6.248975519532934, 52.708220966958073 ], [ 6.237927929787432, 52.705770568029784 ], [ 6.232523911216373, 52.706607725194502 ], [ 6.224961121779916, 52.703230213713674 ], [ 6.2169035876789, 52.703157738185631 ], [ 6.216941611192315, 52.719940290628436 ], [ 6.234576273997011, 52.740600773358871 ], [ 6.218555851512641, 52.748300391402104 ], [ 6.201842757570344, 52.729306846260052 ], [ 6.172905976523514, 52.773054259890273 ], [ 6.168525391322549, 52.767093496962296 ], [ 6.163939988694347, 52.766449350452469 ], [ 6.156892611179993, 52.762753873159596 ], [ 6.132468096686685, 52.758667998659632 ], [ 6.121743116553529, 52.75433669897668 ], [ 6.120332108616684, 52.750149049131018 ], [ 6.148497573933915, 52.707631353307484 ], [ 6.156606683940877, 52.691957351458932 ], [ 6.162184857471849, 52.691278800627813 ], [ 6.169650901600027, 52.686120774785493 ], [ 6.163884975294059, 52.679505774255617 ], [ 6.183146850694008, 52.675063278759012 ], [ 6.181932926370133, 52.67686820745265 ], [ 6.184208085863065, 52.677207836812933 ], [ 6.18054821270275, 52.681587878750129 ], [ 6.185870691692579, 52.682503517789023 ], [ 6.18786218754934, 52.679613752555724 ], [ 6.191444473495721, 52.679319853399655 ], [ 6.19205477401142, 52.676426476245716 ], [ 6.194229775394771, 52.676629589032459 ], [ 6.195036120236571, 52.679572913474935 ], [ 6.20168151354486, 52.684620287670008 ], [ 6.212535765388541, 52.684633636760921 ], [ 6.21664958591269, 52.686405848275463 ], [ 6.219806803990172, 52.685704471552107 ], [ 6.21870790748476, 52.684327218171255 ], [ 6.221090884837987, 52.682778883069318 ], [ 6.232740874719401, 52.681454575386297 ], [ 6.232843134699774, 52.679109358010109 ], [ 6.237074552054643, 52.677547646337537 ], [ 6.243794622361822, 52.678702959880304 ], [ 6.248365118704737, 52.675616799476245 ], [ 6.247286054511523, 52.672811166515238 ], [ 6.25200145585189, 52.669881376632965 ], [ 6.260535140454307, 52.670477829272819 ], [ 6.265568224996507, 52.668034229294989 ] ] ] } },
{ "type": "Feature", "properties": { "code": "0687", "gemeente": "Middelburg", "provincie": "Zeeland" }, "geometry": { "type": "Polygon", "coordinates": [ [ [ 3.66182273843449, 51.46838204218713 ], [ 3.692026882625166, 51.479808543654975 ], [ 3.703647930991391, 51.482270351939135 ], [ 3.70009117482157, 51.48319453554933 ], [ 3.69905046523963, 51.492340975777005 ], [ 3.705608525799515, 51.503641584862116 ], [ 3.710853704498556, 51.503470242966365 ], [ 3.71110315827964, 51.506720689873241 ], [ 3.745245000671271, 51.512471951833703 ], [ 3.746943476786903, 51.516852472930161 ], [ 3.711879044576211, 51.531066537147474 ], [ 3.705671927003364, 51.524486486618621 ], [ 3.700386039247296, 51.522352173920069 ], [ 3.695338364868247, 51.530463469496816 ], [ 3.696382259150426, 51.535183877405302 ], [ 3.680835648493938, 51.534957818521363 ], [ 3.658840340957602, 51.51926115752989 ], [ 3.65650608992294, 51.522172924283232 ], [ 3.641596778136083, 51.51969320385313 ], [ 3.63454415081279, 51.520542331723945 ], [ 3.633938686094252, 51.525991337578127 ], [ 3.617135060325896, 51.525256538644086 ], [ 3.613158130924706, 51.53514198582608 ], [ 3.603544509625814, 51.533957368019514 ], [ 3.602621401226043, 51.534910284823304 ], [ 3.589778516505085, 51.53181132852913 ], [ 3.593782538658151, 51.528640159536536 ], [ 3.596634828825461, 51.522451617485174 ], [ 3.583684299771526, 51.519626647001608 ], [ 3.582848392146939, 51.513473579536537 ], [ 3.578837723707712, 51.512425096760978 ], [ 3.583423187725102, 51.508661016240914 ], [ 3.575296297162598, 51.506623780359511 ], [ 3.58492001901282, 51.494314932972159 ], [ 3.585030265665135, 51.490908392691168 ], [ 3.57963044885663, 51.48921586428402 ], [ 3.586980608949434, 51.479249667630512 ], [ 3.589375836639649, 51.479862917305532 ], [ 3.599658802260365, 51.475294560987088 ], [ 3.60176054766086, 51.479326244975915 ], [ 3.608905958984268, 51.475524807753182 ], [ 3.617728829214462, 51.477754977843489 ], [ 3.621655863074346, 51.475484514421559 ], [ 3.629214808404841, 51.480914444274681 ], [ 3.648349703539675, 51.469845102242338 ], [ 3.66182273843449, 51.46838204218713 ] ] ] } },
{ "type": "Feature", "properties": { "code": "1842", "gemeente": "Midden-Delfland", "provincie": "Zuid-Holland" }, "geometry": { "type": "Polygon", "coordinates": [ [ [ 4.260624205895486, 51.927218502499677 ], [ 4.270960169170885, 51.923477422114217 ], [ 4.292611009228446, 51.921236323684802 ], [ 4.322893206019128, 51.942712241389358 ], [ 4.323873467592455, 51.941640007764683 ], [ 4.338619640828847, 51.948070991765114 ], [ 4.367071179488829, 51.9552199121554 ], [ 4.363509808788824, 51.960870593158162 ], [ 4.389779413904201, 51.965126405717967 ], [ 4.393564127657584, 51.962471639271783 ], [ 4.403037936995708, 51.966449840163826 ], [ 4.393809811971934, 51.977503480375745 ], [ 4.383622481456745, 51.975815871871816 ], [ 4.386302879087109, 51.972214056025614 ], [ 4.369175464884958, 51.968870470118951 ], [ 4.368173839480515, 51.971581763532342 ], [ 4.3595402326219, 51.970135401724114 ], [ 4.356625881653489, 51.977296261325044 ], [ 4.338227324019246, 51.974177720133149 ], [ 4.332723642160741, 51.980456654541833 ], [ 4.331855203199594, 51.984489733468237 ], [ 4.324111928021314, 51.989858608021969 ], [ 4.325732345045076, 51.991951229757355 ], [ 4.333109543119188, 51.993171802066001 ], [ 4.331525001456618, 51.997852176180714 ], [ 4.337716916160381, 51.998802485705205 ], [ 4.335834291993356, 52.001055318055556 ], [ 4.341142501387793, 52.002710365808774 ], [ 4.338453227137906, 52.005690738368052 ], [ 4.336370856618931, 52.004753185494948 ], [ 4.332655693710759, 52.00788284378681 ], [ 4.323244422649405, 52.004335617065657 ], [ 4.320635738091329, 52.009322036769831 ], [ 4.325470717137621, 52.010869236568567 ], [ 4.326059328365175, 52.012500070388818 ], [ 4.319389468029743, 52.019916645687438 ], [ 4.265245175591585, 51.995836192197075 ], [ 4.266881988458375, 51.993325807663531 ], [ 4.280321641218479, 51.990347466264112 ], [ 4.284089976312471, 51.985640985127489 ], [ 4.288683786308256, 51.988825265710588 ], [ 4.291914333298745, 51.982969753687783 ], [ 4.295629463605882, 51.983597125519324 ], [ 4.296324599108909, 51.981764781578569 ], [ 4.298766417492297, 51.982106961414225 ], [ 4.303143265955528, 51.979900155810995 ], [ 4.287553461419366, 51.973355372334467 ], [ 4.289350873281043, 51.971871015398371 ], [ 4.285091555929844, 51.969889581444008 ], [ 4.280315034436436, 51.971451407792159 ], [ 4.278161062593952, 51.970433178587371 ], [ 4.273224691373252, 51.973643028726677 ], [ 4.271455776432083, 51.969859905115271 ], [ 4.276537430237628, 51.965053981012545 ], [ 4.263448572835098, 51.960093599399499 ], [ 4.253629040090369, 51.958866751833959 ], [ 4.233852758521395, 51.953171062186705 ], [ 4.234099286042663, 51.949735358987922 ], [ 4.241270314560923, 51.943708399100778 ], [ 4.240317159264931, 51.942872117447941 ], [ 4.260624205895486, 51.927218502499677 ] ] ] } },
{ "type": "Feature", "properties": { "code": "1731", "gemeente": "Midden-Drenthe", "provincie": "Drenthe" }, "geometry": { "type": "Polygon", "coordinates": [ [ [ 6.586300742844537, 52.735753966598239 ], [ 6.660879385868326, 52.801232629760626 ], [ 6.675143261064436, 52.797125586063778 ], [ 6.67807375299632, 52.799121574798704 ], [ 6.675614084172669, 52.800320879545808 ], [ 6.68118314374615, 52.807732215285419 ], [ 6.691955331642629, 52.809999671531124 ], [ 6.694016894970424, 52.814502203679275 ], [ 6.688964840971413, 52.822966714497973 ], [ 6.690002457152597, 52.825962784067308 ], [ 6.694034878655161, 52.827834307079506 ], [ 6.696025221571147, 52.82661557095733 ], [ 6.707598132841405, 52.836392233552473 ], [ 6.704053157505211, 52.846977862463113 ], [ 6.719672523314459, 52.848829747745988 ], [ 6.728628702589195, 52.853966432240519 ], [ 6.719858125498496, 52.861488899089295 ], [ 6.721860795764204, 52.866317323551563 ], [ 6.686373939946682, 52.875330797287404 ], [ 6.674985752011562, 52.905017210274409 ], [ 6.66673385406318, 52.909449377506697 ], [ 6.625450157739684, 52.912810509559392 ], [ 6.614824897845653, 52.918326548762053 ], [ 6.58582798323869, 52.919451925008921 ], [ 6.565071298886452, 52.944980774751357 ], [ 6.542997491741485, 52.955338240518273 ], [ 6.535914707857055, 52.932590562016138 ], [ 6.530398282793588, 52.933863589188498 ], [ 6.530906602139098, 52.935872331439228 ], [ 6.527629661237935, 52.935582028528721 ], [ 6.517622171930595, 52.939762975371039 ], [ 6.519577255596277, 52.942955739350595 ], [ 6.496971750733715, 52.95156609732998 ], [ 6.49312811770276, 52.947995894676225 ], [ 6.4839476710688, 52.950173066591994 ], [ 6.493831407779137, 52.958747322983889 ], [ 6.487558127049366, 52.96120495511952 ], [ 6.495743245233462, 52.968990539291717 ], [ 6.485502071932367, 52.972984651280697 ], [ 6.49659524015918, 52.983239385290233 ], [ 6.492244483533657, 52.984201138849564 ], [ 6.499004414450397, 52.990215795817235 ], [ 6.493658792312292, 52.9923235544777 ], [ 6.498060830167853, 52.993780965005755 ], [ 6.492585960370248, 52.993058840926558 ], [ 6.488212022652623, 53.005405284476559 ], [ 6.413279840391816, 52.985522931786114 ], [ 6.427614711742994, 52.971815404518424 ], [ 6.393435773033795, 52.932843451792408 ], [ 6.369026189735853, 52.921975630599356 ], [ 6.385550082578432, 52.91554733568514 ], [ 6.385590174623644, 52.913676216198994 ], [ 6.38343905747034, 52.911650554873212 ], [ 6.380991809450856, 52.912151117865179 ], [ 6.377880826518002, 52.906865288506523 ], [ 6.370496013144178, 52.903227384420696 ], [ 6.367221041211812, 52.903395440805667 ], [ 6.359556744241865, 52.894530175029168 ], [ 6.373265585357763, 52.890274409374719 ], [ 6.366554262653056, 52.881663929426146 ], [ 6.36883252949667, 52.876717940497976 ], [ 6.372636136098112, 52.87590741641435 ], [ 6.372084555290586, 52.881363663326376 ], [ 6.381472141830514, 52.889595738693643 ], [ 6.419992849124946, 52.882321877157381 ], [ 6.422263475340577, 52.880313857675318 ], [ 6.420205656804904, 52.877915487306829 ], [ 6.4276980276849, 52.872531528613827 ], [ 6.429296737161947, 52.873114500809393 ], [ 6.431448475483131, 52.86994596982305 ], [ 6.434345007370134, 52.856993244623098 ], [ 6.429210798615588, 52.856440426970856 ], [ 6.43088805562121, 52.850385425476638 ], [ 6.451273120970333, 52.850015457801412 ], [ 6.460715920386684, 52.853066145677175 ], [ 6.463150125349571, 52.848892159777648 ], [ 6.461152870830633, 52.845104369237546 ], [ 6.462667249218456, 52.838676863736005 ], [ 6.480026132522087, 52.836944366650251 ], [ 6.467341610425223, 52.821460428635056 ], [ 6.461338765553082, 52.815346092111831 ], [ 6.459382928973702, 52.815420384826837 ], [ 6.455450745651249, 52.800556499677157 ], [ 6.491805076652614, 52.793123298828824 ], [ 6.496164256974805, 52.786224677166899 ], [ 6.490669156012672, 52.770884981961672 ], [ 6.503233867024976, 52.769389689010517 ], [ 6.505437366076798, 52.768013266684015 ], [ 6.50760930902625, 52.769103394161561 ], [ 6.512729038724058, 52.76208433740203 ], [ 6.535367400703451, 52.768104356153948 ], [ 6.537520918875249, 52.765234282579257 ], [ 6.566385376739053, 52.765578948278154 ], [ 6.55740003284445, 52.74536491259159 ], [ 6.586300742844537, 52.735753966598239 ] ] ] } },
{ "type": "Feature", "properties": { "code": "1952", "gemeente": "Midden-Groningen", "provincie": "Groningen" }, "geometry": { "type": "Polygon", "coordinates": [ [ [ 6.813944749223992, 53.070971587606849 ], [ 6.801673955956337, 53.119171681846638 ], [ 6.805988101427443, 53.120325951903304 ], [ 6.803239539111797, 53.124089688217083 ], [ 6.821163090175709, 53.12883973495957 ], [ 6.823101128396121, 53.12621902782054 ], [ 6.874123877343401, 53.123547307637331 ], [ 6.874292859750241, 53.12536844503169 ], [ 6.884268759020448, 53.1256163731396 ], [ 6.886253557698428, 53.128599508397897 ], [ 6.934801534920719, 53.124142481472056 ], [ 6.948130546606542, 53.121056274029051 ], [ 6.959339127213572, 53.120175904912053 ], [ 6.96173526240225, 53.110021301826571 ], [ 6.965855361391007, 53.11201979928606 ], [ 6.954640179235583, 53.136654383991505 ], [ 6.950381151230028, 53.158895107505934 ], [ 6.943783493368347, 53.159013447320262 ], [ 6.942235972248706, 53.166531854588094 ], [ 6.929833531335278, 53.165334700489339 ], [ 6.92927552350034, 53.169050659020691 ], [ 6.903300084114826, 53.166462596601242 ], [ 6.912208343604598, 53.171966322149146 ], [ 6.907636174009446, 53.172877995406004 ], [ 6.912534185104832, 53.175623438595409 ], [ 6.911580123347367, 53.181283682249472 ], [ 6.91589114863053, 53.188405603929965 ], [ 6.918689546907119, 53.191392427678252 ], [ 6.922684357577682, 53.190679091107917 ], [ 6.923850878592344, 53.191659916995839 ], [ 6.9251233840917, 53.194286072046587 ], [ 6.91682001306719, 53.195569919824308 ], [ 6.924687877404689, 53.205071254430123 ], [ 6.92059631499702, 53.207448926618888 ], [ 6.929399470803483, 53.212817361900392 ], [ 6.922815651136832, 53.22062986980665 ], [ 6.925532300030684, 53.221557640000647 ], [ 6.920041385861555, 53.227342512862265 ], [ 6.912716321623394, 53.225124620614764 ], [ 6.908591242475378, 53.23395393739284 ], [ 6.911375894685616, 53.243166587969135 ], [ 6.909255816276172, 53.243518275793022 ], [ 6.91214979094424, 53.263485220173742 ], [ 6.909336634389069, 53.263558928564187 ], [ 6.910202270342311, 53.268445499765285 ], [ 6.907939385704902, 53.268570336822584 ], [ 6.909102796890807, 53.278976955267595 ], [ 6.88641389950251, 53.279919419539958 ], [ 6.895596455958569, 53.28591759189149 ], [ 6.89311206426652, 53.287791941145557 ], [ 6.891270645646109, 53.286920563252615 ], [ 6.889239080766215, 53.289819934816208 ], [ 6.890767455859047, 53.290533896876639 ], [ 6.887006170505244, 53.298351446692706 ], [ 6.879608934988587, 53.297849658503146 ], [ 6.879513306838342, 53.29664508691593 ], [ 6.874566669386135, 53.295611457260385 ], [ 6.873222326070949, 53.296493760184603 ], [ 6.86072318508983, 53.294986979057192 ], [ 6.860254435122575, 53.29632573358321 ], [ 6.851157810155323, 53.29703817210293 ], [ 6.845805576500566, 53.290125996079603 ], [ 6.828072444789299, 53.291091828635793 ], [ 6.825161621819664, 53.297622296043173 ], [ 6.816649283417703, 53.295182080357883 ], [ 6.814344538662938, 53.297591663420654 ], [ 6.698330356673685, 53.256144954413578 ], [ 6.703852033412442, 53.253572732038236 ], [ 6.703537441913705, 53.251942076652213 ], [ 6.714507595200759, 53.245610918698098 ], [ 6.712720712580161, 53.244619857336971 ], [ 6.717685707279199, 53.241872505007919 ], [ 6.709325710540798, 53.234907613170463 ], [ 6.706544384180562, 53.234910990289897 ], [ 6.709824520347722, 53.232709125680437 ], [ 6.70567223805569, 53.228256317008913 ], [ 6.708688715353048, 53.225079900365508 ], [ 6.705759995737592, 53.225011574744812 ], [ 6.701458654202818, 53.218875521253757 ], [ 6.697515543358419, 53.21696559000678 ], [ 6.698245266021295, 53.214667455581171 ], [ 6.684888983641344, 53.211157651989879 ], [ 6.680473003333781, 53.211691690082979 ], [ 6.679762096385266, 53.208322281552071 ], [ 6.682484295677522, 53.208487292040694 ], [ 6.683455372631925, 53.201127743685653 ], [ 6.673596946439976, 53.200650641516177 ], [ 6.666872699582183, 53.202020346239571 ], [ 6.649979117469086, 53.193176987759479 ], [ 6.639813106523598, 53.190296578354946 ], [ 6.646821289033377, 53.187937355617812 ], [ 6.639468072375265, 53.185980750933957 ], [ 6.657240926213261, 53.180769339230125 ], [ 6.66233105780159, 53.171296267740907 ], [ 6.678330363383249, 53.164637462877046 ], [ 6.688714249560788, 53.154611131454345 ], [ 6.690251086410517, 53.150440919233731 ], [ 6.686274688907455, 53.14784759085142 ], [ 6.689572286054703, 53.143306130786456 ], [ 6.695366931310891, 53.121176019624045 ], [ 6.737450959414325, 53.119461733477564 ], [ 6.813944749223992, 53.070971587606849 ] ] ] } },
{ "type": "Feature", "properties": { "code": "1709", "gemeente": "Moerdijk", "provincie": "Noord-Brabant" }, "geometry": { "type": "Polygon", "coordinates": [ [ [ 4.518787727488063, 51.607693975332054 ], [ 4.531883048060909, 51.616309207416784 ], [ 4.548208873524128, 51.619453938758774 ], [ 4.557253467427881, 51.627302890963819 ], [ 4.564216204263967, 51.629740467457481 ], [ 4.576057459516765, 51.629977398535594 ], [ 4.595304399706869, 51.624071269740945 ], [ 4.612734472168896, 51.628462688016263 ], [ 4.62832265632265, 51.623968496437449 ], [ 4.634832731246227, 51.625682567970934 ], [ 4.638024182604649, 51.62971368334501 ], [ 4.644985136207915, 51.632610676026587 ], [ 4.661217128302714, 51.634754729892208 ], [ 4.677617469139171, 51.632497879077135 ], [ 4.69095871185156, 51.637357963479104 ], [ 4.698968644477699, 51.637976471431479 ], [ 4.695325499353509, 51.643587958979488 ], [ 4.696863738666337, 51.647133824127181 ], [ 4.692561833222848, 51.647551837206962 ], [ 4.689170620539876, 51.652418207318902 ], [ 4.6967838563716, 51.654592786144818 ], [ 4.684902977827332, 51.66636649615878 ], [ 4.709879090210649, 51.673271736518615 ], [ 4.706625194643018, 51.676753190674809 ], [ 4.704605664398856, 51.676321570839271 ], [ 4.702030566713242, 51.679893810633232 ], [ 4.70453403149681, 51.680506516527515 ], [ 4.697313555934563, 51.6877175195783 ], [ 4.692818257712164, 51.68167985230432 ], [ 4.681301046294692, 51.688032097227328 ], [ 4.67919055997752, 51.686435920486346 ], [ 4.673227622879844, 51.688986868596238 ], [ 4.666889464371969, 51.686447386686318 ], [ 4.659525569063017, 51.696755573997223 ], [ 4.656511382781514, 51.707297684263153 ], [ 4.65086538375868, 51.710111999501834 ], [ 4.64513658586774, 51.719067328776241 ], [ 4.617063043285149, 51.713450548431958 ], [ 4.589299878590068, 51.703323097490177 ], [ 4.542469881309919, 51.694823873104035 ], [ 4.514917269865251, 51.692473564057359 ], [ 4.50043078147299, 51.692904119597443 ], [ 4.423549728303577, 51.709474845642092 ], [ 4.393621156022935, 51.693296225696486 ], [ 4.379431108762764, 51.683591558321091 ], [ 4.375470090233639, 51.673185047830707 ], [ 4.361821590882663, 51.662979067269418 ], [ 4.376452250553202, 51.6518745010899 ], [ 4.387815284731862, 51.645649074890592 ], [ 4.39615011386347, 51.643710847181048 ], [ 4.399904562623932, 51.638805213773338 ], [ 4.40889589804821, 51.632821305872532 ], [ 4.423859219270903, 51.630265010850529 ], [ 4.429913167058877, 51.622293025060621 ], [ 4.441183582167486, 51.615699412615669 ], [ 4.461611823073633, 51.61439152040041 ], [ 4.484609827249006, 51.620073236040881 ], [ 4.491107375737078, 51.618388974945645 ], [ 4.500371886998276, 51.609723024680903 ], [ 4.507988317458006, 51.607095184756872 ], [ 4.518787727488063, 51.607693975332054 ] ] ] } },
{ "type": "Feature", "properties": { "code": "1978", "gemeente": "Molenlanden", "provincie": "Zuid-Holland" }, "geometry": { "type": "Polygon", "coordinates": [ [ [ 4.742763937899284, 51.841002692841244 ], [ 4.756175761684311, 51.844960098696326 ], [ 4.768120744033702, 51.843872395560261 ], [ 4.780379735083835, 51.84663993363322 ], [ 4.788147327925048, 51.844937425174784 ], [ 4.803378550514556, 51.846353410463053 ], [ 4.838082139976638, 51.860734675104524 ], [ 4.847949470636272, 51.832617317358611 ], [ 4.863006820548524, 51.832940833345674 ], [ 4.866450570576716, 51.834836914806807 ], [ 4.867928354973669, 51.831993671532217 ], [ 4.882824398244635, 51.833096973831218 ], [ 4.906938089628997, 51.83849247028175 ], [ 4.924863832630622, 51.839718416995083 ], [ 4.921822815568513, 51.840788893974839 ], [ 4.930140704254883, 51.840110093039208 ], [ 4.937255125049934, 51.844500442876914 ], [ 4.942720037955144, 51.844786369793141 ], [ 4.938398678699122, 51.863629364088567 ], [ 4.95732936627588, 51.859497080489298 ], [ 4.959309563055528, 51.862884939135341 ], [ 4.975626651256656, 51.85921165709383 ], [ 4.983318610197363, 51.857108255113403 ], [ 4.981260293579861, 51.851870310339194 ], [ 4.996341909354475, 51.849228628328575 ], [ 4.998566562239827, 51.854099716242779 ], [ 4.99387163417929, 51.860649297372397 ], [ 4.994894881125806, 51.861772387462537 ], [ 5.004905617451149, 51.857965537527605 ], [ 5.026907961919875, 51.858607718859865 ], [ 5.027387883681818, 51.863739028866853 ], [ 5.021748888210599, 51.868819612974704 ], [ 5.023250313893358, 51.875801839732539 ], [ 5.027254432871624, 51.881527814972806 ], [ 4.996238126311744, 51.873119195404144 ], [ 4.995047401105553, 51.877616317802953 ], [ 4.999452274773727, 51.884283510259621 ], [ 4.995961685451412, 51.891962980963584 ], [ 4.994968057020926, 51.902292337356272 ], [ 4.973410700730929, 51.897250053408015 ], [ 4.97374062626145, 51.907667416293087 ], [ 4.964128184062098, 51.910638006201999 ], [ 4.964785225020429, 51.913518964826331 ], [ 4.956157453988429, 51.915591067731292 ], [ 4.947696235724635, 51.933724609571215 ], [ 4.939235058781841, 51.928938075315976 ], [ 4.932126499252249, 51.947551645442793 ], [ 4.926301292456203, 51.950927948144503 ], [ 4.914582589080947, 51.942597036119835 ], [ 4.885109974431772, 51.93858671923573 ], [ 4.875318310487287, 51.937991656151262 ], [ 4.8529382643024, 51.941441488167655 ], [ 4.835539163061298, 51.940067048962732 ], [ 4.810319096431084, 51.924170361949869 ], [ 4.763947361336557, 51.914981429599891 ], [ 4.737985329598446, 51.902712226570969 ], [ 4.715811921164385, 51.895949046531733 ], [ 4.699970016250538, 51.896589329578234 ], [ 4.668166588058937, 51.88958535067529 ], [ 4.636772293540976, 51.890910961302858 ], [ 4.619572171281353, 51.889522703653434 ], [ 4.626391054972969, 51.880657766942612 ], [ 4.628774664574679, 51.881212156581597 ], [ 4.637075576444876, 51.876294453899924 ], [ 4.642138302789577, 51.880199676311669 ], [ 4.663984559914991, 51.874980824197756 ], [ 4.672914035513067, 51.874791942860305 ], [ 4.687814952157315, 51.878717658773148 ], [ 4.700239704884472, 51.879709884338311 ], [ 4.690438932240165, 51.866847051852282 ], [ 4.686449444014219, 51.866289951433345 ], [ 4.680708896603758, 51.859638567725483 ], [ 4.683190671869963, 51.848491458073298 ], [ 4.69000560445145, 51.845633047891674 ], [ 4.707777228040467, 51.84101775065642 ], [ 4.715332661269241, 51.841343571765186 ], [ 4.737263919441082, 51.846463763741113 ], [ 4.738653837288804, 51.843573520299365 ], [ 4.743394625810132, 51.842719745741064 ], [ 4.742763937899284, 51.841002692841244 ] ] ] } },
{ "type": "Feature", "properties": { "code": "1955", "gemeente": "Montferland", "provincie": "Gelderland" }, "geometry": { "type": "Polygon", "coordinates": [ [ [ 6.160027421127573, 51.90475363144639 ], [ 6.182558101983485, 51.893906811200679 ], [ 6.191085065077612, 51.891657105209404 ], [ 6.189516267088516, 51.888941849099709 ], [ 6.191427551906726, 51.887350904978192 ], [ 6.182010072802819, 51.885777645039937 ], [ 6.184798478428877, 51.881572266895198 ], [ 6.198301260638414, 51.873608739584284 ], [ 6.215056954285631, 51.867626207890751 ], [ 6.233737186236916, 51.870200494026335 ], [ 6.261841472668817, 51.868138129660721 ], [ 6.272695730713511, 51.874711582727812 ], [ 6.279906839960793, 51.874069705287724 ], [ 6.298306998118178, 51.867804215993452 ], [ 6.309582514614392, 51.869169526495817 ], [ 6.320269208471805, 51.86849721172463 ], [ 6.32925094745793, 51.871233498187763 ], [ 6.327203155859142, 51.873621119111867 ], [ 6.331632921988335, 51.874820753312562 ], [ 6.326420862727281, 51.879102759174231 ], [ 6.329266286439293, 51.881764998148455 ], [ 6.324228493165781, 51.888923589508337 ], [ 6.332279173672342, 51.893267786397189 ], [ 6.312385509514401, 51.899190858444186 ], [ 6.306021676990206, 51.906505508336252 ], [ 6.307963050972353, 51.911391710398853 ], [ 6.310875315212101, 51.910546026879175 ], [ 6.316142723368041, 51.912737170254807 ], [ 6.315833595527099, 51.918200576880047 ], [ 6.311294881010896, 51.920638363858721 ], [ 6.294979034347916, 51.920893873478327 ], [ 6.291147918471599, 51.922415152440948 ], [ 6.289693497073759, 51.925300549814175 ], [ 6.298714062983819, 51.939038047874277 ], [ 6.305804989778055, 51.937049311703362 ], [ 6.306888877545394, 51.93784813981064 ], [ 6.301395578832877, 51.941613891421703 ], [ 6.302066369706435, 51.944134052333325 ], [ 6.279651796401706, 51.943406390820648 ], [ 6.275208396582341, 51.941795069240477 ], [ 6.272847664856641, 51.941884862515195 ], [ 6.272847849848773, 51.943187411718412 ], [ 6.220752988750248, 51.944575579544022 ], [ 6.219041316456043, 51.943141578641189 ], [ 6.216383198932063, 51.944122422271278 ], [ 6.203123010415681, 51.94219551108251 ], [ 6.204708554509841, 51.93666757435836 ], [ 6.188463558949598, 51.943314957480503 ], [ 6.188561646557298, 51.945578526161235 ], [ 6.184507335663432, 51.947761076191092 ], [ 6.178414933587659, 51.948739383197882 ], [ 6.172243400097901, 51.953274789070655 ], [ 6.163142656947026, 51.955323274913361 ], [ 6.158039557779605, 51.958748929715632 ], [ 6.150879683224744, 51.966350328462973 ], [ 6.144682740001342, 51.980518700633354 ], [ 6.129211871636943, 51.978213982274568 ], [ 6.121090320457196, 51.973398130760188 ], [ 6.122334652764465, 51.971483995393776 ], [ 6.108791198436323, 51.967164887656907 ], [ 6.090393683489077, 51.967844290347536 ], [ 6.091427159845746, 51.938721055420672 ], [ 6.094148637702189, 51.938827832746732 ], [ 6.094688725252379, 51.936720135521071 ], [ 6.138432549914498, 51.915529332114978 ], [ 6.141198303337668, 51.915772284066371 ], [ 6.143061126078867, 51.918501834733867 ], [ 6.143328407276812, 51.913627506525152 ], [ 6.152569592971293, 51.9088685397641 ], [ 6.156643676643514, 51.911279233026654 ], [ 6.160027421127573, 51.90475363144639 ] ] ] } },
{ "type": "Feature", "properties": { "code": "0335", "gemeente": "Montfoort", "provincie": "Utrecht" }, "geometry": { "type": "Polygon", "coordinates": [ [ [ 4.92280348833443, 52.026101011009644 ], [ 4.914027845870057, 52.025247328019361 ], [ 4.904974606756705, 52.026477532328471 ], [ 4.920044826786847, 52.010014005462928 ], [ 4.954917790878628, 52.017347209562715 ], [ 4.995199035107503, 52.021502767685249 ], [ 4.994046259455836, 52.029740066859198 ], [ 4.983138981146433, 52.027784555392863 ], [ 4.978379118767588, 52.039723111580592 ], [ 4.983276645614306, 52.040236668179766 ], [ 4.991007123348989, 52.052883701085385 ], [ 4.996330814178984, 52.052782722482938 ], [ 5.004934337298192, 52.055558632103562 ], [ 5.010283667005466, 52.053741023162907 ], [ 5.018010508773861, 52.062218978688882 ], [ 4.996098540220652, 52.067342659085661 ], [ 4.98261015534028, 52.064949990715206 ], [ 4.970500847493395, 52.067560126272191 ], [ 4.956773344703056, 52.065932893920177 ], [ 4.956333252701205, 52.070299363308706 ], [ 4.936142505860885, 52.07992033515405 ], [ 4.924661046873363, 52.077590576255403 ], [ 4.905083265678664, 52.070014780883128 ], [ 4.873200413010977, 52.068745397106127 ], [ 4.868225039947181, 52.06344633667662 ], [ 4.871457911862968, 52.059224607237773 ], [ 4.875506489975021, 52.061579791131635 ], [ 4.895411340235808, 52.048233929022601 ], [ 4.896120228756006, 52.050729590716578 ], [ 4.906946997804866, 52.053119359124473 ], [ 4.917117798827547, 52.043790860680573 ], [ 4.911398028349608, 52.040181629130601 ], [ 4.926681022255157, 52.029986878853435 ], [ 4.92280348833443, 52.026101011009644 ] ] ] } },
{ "type": "Feature", "properties": { "code": "0944", "gemeente": "Mook en Middelaar", "provincie": "Limburg" }, "geometry": { "type": "Polygon", "coordinates": [ [ [ 5.919543551942484, 51.718163797516688 ], [ 5.934194532747605, 51.733720344508292 ], [ 5.934486608828375, 51.739698501900584 ], [ 5.938166801911637, 51.741249812849439 ], [ 5.93276688191203, 51.741938451061586 ], [ 5.929948273913639, 51.744428472011833 ], [ 5.933323247796784, 51.748098589729032 ], [ 5.915284819392762, 51.752286862295129 ], [ 5.911114596080839, 51.762405665581362 ], [ 5.905375801210065, 51.76568382286726 ], [ 5.893409260579479, 51.777852928734653 ], [ 5.886374562639497, 51.778590458333035 ], [ 5.869465165457397, 51.776092225733805 ], [ 5.867080172665173, 51.77106741963069 ], [ 5.86924470152929, 51.762860479850517 ], [ 5.864468844606459, 51.757681725770524 ], [ 5.879560428145963, 51.749913601039687 ], [ 5.886634604552194, 51.726266111128133 ], [ 5.899566720464278, 51.720189942139335 ], [ 5.912001827793359, 51.717876580350385 ], [ 5.919543551942484, 51.718163797516688 ] ] ] } },
{ "type": "Feature", "properties": { "code": "1740", "gemeente": "Neder-Betuwe", "provincie": "Gelderland" }, "geometry": { "type": "Polygon", "coordinates": [ [ [ 5.688785311430124, 51.895643090629015 ], [ 5.706659394637835, 51.893291570373243 ], [ 5.711021535586676, 51.896589847729757 ], [ 5.706357918587093, 51.897988779576529 ], [ 5.708142744449628, 51.901249107500767 ], [ 5.705317717378454, 51.904036067159467 ], [ 5.70593792920371, 51.908223179440135 ], [ 5.69979001586286, 51.914253526993505 ], [ 5.692195462117557, 51.918395100964794 ], [ 5.696277618943378, 51.920852241946335 ], [ 5.681211004587825, 51.918319699390366 ], [ 5.676009267415748, 51.921114969029965 ], [ 5.677630644922256, 51.924287633047072 ], [ 5.675810022255604, 51.9261531913182 ], [ 5.678503534304507, 51.929145845639567 ], [ 5.684454045891914, 51.929800064004027 ], [ 5.689810572403106, 51.932492430217145 ], [ 5.69627649493142, 51.931376410644539 ], [ 5.693030692743505, 51.934647537093525 ], [ 5.688777720436095, 51.935141013014253 ], [ 5.670931643212249, 51.930545292838204 ], [ 5.660350945221727, 51.929612229281595 ], [ 5.659618771123023, 51.937081920843617 ], [ 5.667758571678296, 51.9388918070836 ], [ 5.665722679584369, 51.941404962868042 ], [ 5.663137943485937, 51.940711756204657 ], [ 5.661144287480651, 51.943607344811106 ], [ 5.654345302852699, 51.94141127547303 ], [ 5.653183345701993, 51.943026379392627 ], [ 5.646322705487677, 51.941090924530386 ], [ 5.650419185559716, 51.947453084514841 ], [ 5.654801294472322, 51.946544486403262 ], [ 5.665988992928392, 51.952799479934122 ], [ 5.648922548539731, 51.954001295711116 ], [ 5.644259297982875, 51.952348861923753 ], [ 5.649621648432123, 51.950021186067673 ], [ 5.639912393764924, 51.938502066201508 ], [ 5.634168555808538, 51.936411072083132 ], [ 5.628916371050824, 51.936672669846502 ], [ 5.619061497171252, 51.941324956382296 ], [ 5.605782326886461, 51.943159712948422 ], [ 5.586616588900627, 51.950828951722698 ], [ 5.584560919952772, 51.947402547588325 ], [ 5.571871962636116, 51.941536565667747 ], [ 5.566577905104443, 51.941668384999609 ], [ 5.560695591431894, 51.944056695697697 ], [ 5.549444824212663, 51.942302434270488 ], [ 5.533880923563398, 51.943481622337814 ], [ 5.539959019779725, 51.937064935751231 ], [ 5.548441143484074, 51.934252741611445 ], [ 5.554139200830888, 51.934272517596696 ], [ 5.553876700369391, 51.922959300786815 ], [ 5.556836742164093, 51.919208096352492 ], [ 5.551748998813697, 51.917794867091779 ], [ 5.547705750786341, 51.921647073454352 ], [ 5.512804242739431, 51.921340247772171 ], [ 5.505294738767859, 51.923926432550665 ], [ 5.498382953171021, 51.923117005346306 ], [ 5.493557130412902, 51.918506593009205 ], [ 5.48927603550545, 51.918299413895838 ], [ 5.486421373960948, 51.918934582013875 ], [ 5.486866782459, 51.921037321566381 ], [ 5.48901482675469, 51.92101910976352 ], [ 5.487839720307479, 51.92293720115034 ], [ 5.490896130554045, 51.924744513283791 ], [ 5.476527225777313, 51.920869776070717 ], [ 5.464898823786526, 51.92389461082783 ], [ 5.453384518782114, 51.922761362438195 ], [ 5.453922446735729, 51.920517257624262 ], [ 5.461643750183343, 51.92162077138984 ], [ 5.469730130633227, 51.919877742004815 ], [ 5.467126776061852, 51.915156054192316 ], [ 5.470519431502757, 51.911424795680354 ], [ 5.472151329755542, 51.911716597497644 ], [ 5.472451037579939, 51.908068878585077 ], [ 5.455525793506255, 51.904562079759131 ], [ 5.463916747534603, 51.889008951306963 ], [ 5.509031155910074, 51.889844874288002 ], [ 5.524361432956852, 51.892692163679236 ], [ 5.547263154315187, 51.899623236555449 ], [ 5.565272404547066, 51.901767725895809 ], [ 5.599086639773716, 51.89912097426965 ], [ 5.634861134685218, 51.899112843929124 ], [ 5.668474725323423, 51.895593372488115 ], [ 5.688785311430124, 51.895643090629015 ] ] ] } },
{ "type": "Feature", "properties": { "code": "0946", "gemeente": "Nederweert", "provincie": "Limburg" }, "geometry": { "type": "Polygon", "coordinates": [ [ [ 5.794599455657134, 51.236987436992109 ], [ 5.817727577708178, 51.242000435286755 ], [ 5.835140384122546, 51.241264532231867 ], [ 5.839517113941364, 51.244683362072415 ], [ 5.845684872866173, 51.245556304528328 ], [ 5.849705163227659, 51.245318824570312 ], [ 5.852017077085243, 51.243482983042554 ], [ 5.855526073366819, 51.248995000345694 ], [ 5.854991816064243, 51.253658957506197 ], [ 5.849863079560641, 51.256619343053799 ], [ 5.846750110988481, 51.255518116616827 ], [ 5.833836171741486, 51.274943238837501 ], [ 5.83942124992133, 51.277723401181525 ], [ 5.83792214093812, 51.279719920643295 ], [ 5.850656746117577, 51.291543321668982 ], [ 5.860724561179753, 51.310802395622851 ], [ 5.877823372273227, 51.316577697397037 ], [ 5.852108236407239, 51.320729094725316 ], [ 5.832075657170075, 51.338046517724941 ], [ 5.8401936900259, 51.34687706722022 ], [ 5.672047827502393, 51.31508199967886 ], [ 5.64399671029182, 51.290575493225262 ], [ 5.656958403995691, 51.279731618644746 ], [ 5.667800195082798, 51.277376125779504 ], [ 5.674511773824356, 51.277049293680449 ], [ 5.690829771295008, 51.281610420793285 ], [ 5.707592617357385, 51.283605044147272 ], [ 5.723565474888461, 51.282658259163306 ], [ 5.73300112449755, 51.280085939237843 ], [ 5.746238386177496, 51.263473710822943 ], [ 5.778266746229686, 51.250187632444046 ], [ 5.79094123655771, 51.238173604546553 ], [ 5.794599455657134, 51.236987436992109 ] ] ] } },
{ "type": "Feature", "properties": { "code": "0356", "gemeente": "Nieuwegein", "provincie": "Utrecht" }, "geometry": { "type": "Polygon", "coordinates": [ [ [ 5.077535243078003, 51.997451835910489 ], [ 5.090308996112722, 52.00160604771807 ], [ 5.100348125142222, 52.003025668208657 ], [ 5.110509721859651, 52.00238241461394 ], [ 5.119563211447554, 51.999924137863715 ], [ 5.128386274556015, 52.024781111275779 ], [ 5.130993279079083, 52.02472381259436 ], [ 5.121774162656493, 52.03043280784339 ], [ 5.12968164566451, 52.049864197990438 ], [ 5.124717973547063, 52.049915443799172 ], [ 5.126831958019083, 52.054918228259901 ], [ 5.120569414519291, 52.054503184656717 ], [ 5.111261475203451, 52.058323583846366 ], [ 5.107344363773021, 52.050025609125164 ], [ 5.104397662660949, 52.049937815424819 ], [ 5.097352131277757, 52.059480508807837 ], [ 5.094124154681901, 52.058754725138364 ], [ 5.089986242079211, 52.060728812668977 ], [ 5.073773419747943, 52.062248755062363 ], [ 5.069637678185098, 52.06141275303532 ], [ 5.064729073650615, 52.053861993885299 ], [ 5.062511477555995, 52.028602755442861 ], [ 5.065629415412582, 52.018631636010063 ], [ 5.074860768485752, 52.003553505918866 ], [ 5.072472688233036, 52.000210626103701 ], [ 5.075704128288489, 52.000919374357082 ], [ 5.077535243078003, 51.997451835910489 ] ] ] } },
{ "type": "Feature", "properties": { "code": "0569", "gemeente": "Nieuwkoop", "provincie": "Zuid-Holland" }, "geometry": { "type": "Polygon", "coordinates": [ [ [ 4.738856700924891, 52.106507441323387 ], [ 4.759040949884017, 52.11018215498104 ], [ 4.762532572786936, 52.113711613920742 ], [ 4.769219487449215, 52.113311523968328 ], [ 4.770588804486014, 52.115095995423538 ], [ 4.778507405636178, 52.115892309807954 ], [ 4.779609202589833, 52.117707039200361 ], [ 4.783969219900412, 52.117437235657796 ], [ 4.784028809642771, 52.120755578711346 ], [ 4.7915098432238, 52.120342623466598 ], [ 4.793113435001747, 52.123824512522042 ], [ 4.802600844217516, 52.125059756813179 ], [ 4.808065125958118, 52.128947989258002 ], [ 4.809093356628694, 52.137642156978359 ], [ 4.813261065826353, 52.140227456889683 ], [ 4.816914029838117, 52.139467986661529 ], [ 4.820547310752771, 52.142232433196789 ], [ 4.826471852682455, 52.142176335215339 ], [ 4.832857875636414, 52.144762362726489 ], [ 4.834128195797166, 52.142876495111317 ], [ 4.836704643281617, 52.142879926431746 ], [ 4.837366435385581, 52.140649597886487 ], [ 4.840276082110099, 52.141560750013547 ], [ 4.842871911978193, 52.139459558033522 ], [ 4.851478613242464, 52.139674406619179 ], [ 4.855238668050999, 52.137209622487724 ], [ 4.874518482020051, 52.138831419262054 ], [ 4.873623465538278, 52.156082513365405 ], [ 4.892272621405885, 52.161592763147524 ], [ 4.855581829857052, 52.178917179316372 ], [ 4.843920856558484, 52.180121631794968 ], [ 4.823444801458364, 52.193265702708253 ], [ 4.822209134530489, 52.196124585922639 ], [ 4.814399875327548, 52.199309257020495 ], [ 4.813594311293723, 52.201847122620784 ], [ 4.802925128546574, 52.201027761136203 ], [ 4.802143307425299, 52.217647506579766 ], [ 4.794429875136755, 52.223423404321913 ], [ 4.794575698826924, 52.226730669222235 ], [ 4.784936399216055, 52.228626178912208 ], [ 4.776504957061862, 52.227426076370946 ], [ 4.774603195602245, 52.224546689554053 ], [ 4.762074488354405, 52.21813027521447 ], [ 4.74362988367711, 52.214792830314877 ], [ 4.734338951909681, 52.206516424336911 ], [ 4.723591809406995, 52.211616397920906 ], [ 4.720774392580272, 52.201276507991814 ], [ 4.707665740877871, 52.205052448982109 ], [ 4.695315937082179, 52.189154490127507 ], [ 4.688941102236253, 52.191931399995617 ], [ 4.681209372743337, 52.167504231537244 ], [ 4.698217687132284, 52.158527965907517 ], [ 4.705672694372303, 52.152156606321157 ], [ 4.703800566029412, 52.144620150532198 ], [ 4.726053875035661, 52.156396892439957 ], [ 4.726811409436036, 52.158995214378294 ], [ 4.741838811440797, 52.162673225561619 ], [ 4.743298216699833, 52.160361955207215 ], [ 4.760075970704227, 52.131017381599953 ], [ 4.753240333151095, 52.119441968656602 ], [ 4.738856700924891, 52.106507441323387 ] ] ] } },
{ "type": "Feature", "properties": { "code": "0267", "gemeente": "Nijkerk", "provincie": "Gelderland" }, "geometry": { "type": "Polygon", "coordinates": [ [ [ 5.479922364393748, 52.165814559003401 ], [ 5.485168827466406, 52.17173894555669 ], [ 5.485609595012736, 52.181974295002078 ], [ 5.500823503579206, 52.18857686090918 ], [ 5.512084484766804, 52.188573825778477 ], [ 5.521209093624414, 52.19183457726259 ], [ 5.530807870136107, 52.191539267315079 ], [ 5.542292484622929, 52.177775431191101 ], [ 5.548927288186133, 52.175317058201017 ], [ 5.554404464892031, 52.17564132223913 ], [ 5.568891379079301, 52.177908702269001 ], [ 5.56818088456476, 52.17991636402266 ], [ 5.56522900353006, 52.180724574967257 ], [ 5.564527965338607, 52.185340596118905 ], [ 5.566493492674291, 52.186521491797954 ], [ 5.577930271163181, 52.186183227497274 ], [ 5.575173829332548, 52.192665966992088 ], [ 5.577666733563839, 52.194797004190846 ], [ 5.588160323344633, 52.194841453957139 ], [ 5.600304134254788, 52.197649525034336 ], [ 5.607762230555243, 52.194197514120063 ], [ 5.617444273580531, 52.194358760393065 ], [ 5.617796534510697, 52.191181568359895 ], [ 5.619633806500005, 52.193119240989589 ], [ 5.625650860446672, 52.192724372529725 ], [ 5.634862023827067, 52.203805758865862 ], [ 5.633267393400756, 52.208166601683608 ], [ 5.605797190562242, 52.204839819473747 ], [ 5.549917345963503, 52.202336244059786 ], [ 5.534592311478295, 52.219296376353213 ], [ 5.526941413952427, 52.223043630895255 ], [ 5.519397153564088, 52.230620984147542 ], [ 5.514878605806444, 52.231141745615666 ], [ 5.515587684874524, 52.234095486366222 ], [ 5.512974439013566, 52.235731935167223 ], [ 5.510246939842878, 52.235330162724573 ], [ 5.510333317480364, 52.232838004094091 ], [ 5.506443029028184, 52.231593423093727 ], [ 5.49938221169754, 52.233884054858166 ], [ 5.49737995096322, 52.236387195484788 ], [ 5.490012969705842, 52.235828784689438 ], [ 5.483690294442151, 52.239243551813622 ], [ 5.47419202196533, 52.256469928020103 ], [ 5.478625145143419, 52.257445711379077 ], [ 5.476121524131189, 52.26392405494186 ], [ 5.464459311298941, 52.261827877735321 ], [ 5.463376344264969, 52.260003248866148 ], [ 5.40464332996736, 52.249630481347651 ], [ 5.393556029107756, 52.220141172665244 ], [ 5.40722183428668, 52.213404659475344 ], [ 5.409669928407623, 52.218579571170565 ], [ 5.434713927891234, 52.205875785674223 ], [ 5.439237131713266, 52.204601435378351 ], [ 5.441039361278947, 52.205693439576777 ], [ 5.438086207211972, 52.184584824995952 ], [ 5.438916071703719, 52.172917046042386 ], [ 5.442931866691852, 52.169175974045444 ], [ 5.475752132787356, 52.165761782722818 ], [ 5.479922364393748, 52.165814559003401 ] ] ] } },
{ "type": "Feature", "properties": { "code": "0268", "gemeente": "Nijmegen", "provincie": "Gelderland" }, "geometry": { "type": "Polygon", "coordinates": [ [ [ 5.880492503195204, 51.820326171308558 ], [ 5.899443627378442, 51.824707349041127 ], [ 5.901431826421555, 51.827388121987831 ], [ 5.905252265312346, 51.827436228885333 ], [ 5.908346898861204, 51.829302380945414 ], [ 5.895889043571916, 51.83258483038118 ], [ 5.898289762946276, 51.836363311750745 ], [ 5.892583434691879, 51.839507513482786 ], [ 5.894530380093807, 51.840556760948445 ], [ 5.88038929778296, 51.845054977644764 ], [ 5.887395050466607, 51.84971793280949 ], [ 5.884622197031649, 51.850168059509421 ], [ 5.887319535277273, 51.85900904739502 ], [ 5.881584196040131, 51.859100372029509 ], [ 5.886765711302466, 51.865203011378171 ], [ 5.88431972112481, 51.867013550208576 ], [ 5.882738269696224, 51.866143960956379 ], [ 5.879786363954323, 51.869423337858152 ], [ 5.872840684098053, 51.887393200461773 ], [ 5.871481042590478, 51.8886524136406 ], [ 5.85774579932916, 51.888327165122284 ], [ 5.857123542695423, 51.894620927006699 ], [ 5.830241263776172, 51.893856817765773 ], [ 5.830198426056977, 51.891725596377974 ], [ 5.835495806467069, 51.88897984904451 ], [ 5.837788359200376, 51.883434006885416 ], [ 5.832813417221361, 51.878435076453442 ], [ 5.835153814706782, 51.877619010157325 ], [ 5.831611239352164, 51.872231996948543 ], [ 5.824079025904238, 51.872970408665878 ], [ 5.817074833245989, 51.870265386996103 ], [ 5.825694880578975, 51.866213476287953 ], [ 5.823689570934683, 51.86431347120579 ], [ 5.825390991070543, 51.860127511370351 ], [ 5.817374645164532, 51.849494085895273 ], [ 5.812427304964381, 51.849615960581495 ], [ 5.807325777431198, 51.851840115330972 ], [ 5.787217850851405, 51.840928782702441 ], [ 5.779615264750593, 51.844583031254473 ], [ 5.775082962981679, 51.844246968301313 ], [ 5.757620558992347, 51.823989947654169 ], [ 5.771334177138899, 51.823062886222417 ], [ 5.773922884758385, 51.821551151591649 ], [ 5.781651955008347, 51.808880680469557 ], [ 5.792651470206789, 51.798531980229228 ], [ 5.794374076562591, 51.797315118243958 ], [ 5.796075712243954, 51.798135643230331 ], [ 5.810221201949869, 51.790589111484465 ], [ 5.836599735699297, 51.805913898724334 ], [ 5.839220162094278, 51.804539157663108 ], [ 5.841972466228475, 51.807495153565853 ], [ 5.852815911140678, 51.807502301464048 ], [ 5.868659048571064, 51.810073601478287 ], [ 5.885546968151817, 51.810203323834983 ], [ 5.886163566962087, 51.812333498463254 ], [ 5.880492503195204, 51.820326171308558 ] ] ] } },
{ "type": "Feature", "properties": { "code": "1930", "gemeente": "Nissewaard", "provincie": "Zuid-Holland" }, "geometry": { "type": "Polygon", "coordinates": [ [ [ 4.237562602387545, 51.782771706395927 ], [ 4.246639948448809, 51.78534756608493 ], [ 4.263212911473312, 51.80265729487386 ], [ 4.26859605718916, 51.804839166889231 ], [ 4.296412856224686, 51.802206602141013 ], [ 4.307366617257805, 51.809184571279971 ], [ 4.330698163504563, 51.812947645304135 ], [ 4.338150498848401, 51.816771918082914 ], [ 4.354527836583284, 51.819191400672715 ], [ 4.36908227326843, 51.816981440735276 ], [ 4.397131827585541, 51.831275193220456 ], [ 4.421002686738794, 51.829874417423653 ], [ 4.432482336928536, 51.837046150616011 ], [ 4.412807573082227, 51.84295821318824 ], [ 4.385145941142634, 51.842064035787274 ], [ 4.367599403531847, 51.844383113403055 ], [ 4.348315311215213, 51.851959445736554 ], [ 4.335553842829986, 51.864301749074919 ], [ 4.266104929894861, 51.864657014866836 ], [ 4.239383151529393, 51.872985914830601 ], [ 4.185272528060426, 51.849707621681944 ], [ 4.198257232454526, 51.849889278787622 ], [ 4.197609956374849, 51.847001693573169 ], [ 4.192734880570634, 51.84342951327816 ], [ 4.198528144086952, 51.843392942941314 ], [ 4.198244525657741, 51.839694710902897 ], [ 4.195609476833631, 51.839186710512386 ], [ 4.19714231503305, 51.834907679714966 ], [ 4.208208211652635, 51.835337931209125 ], [ 4.222270953774752, 51.82632936363661 ], [ 4.22184540291437, 51.824996541085724 ], [ 4.220110208232917, 51.82616352987403 ], [ 4.21805548835262, 51.82630659135549 ], [ 4.219708153768773, 51.824559594878494 ], [ 4.21298051831548, 51.820581508376698 ], [ 4.212351600880623, 51.814025426753894 ], [ 4.195564387588251, 51.808942189113658 ], [ 4.192632095357011, 51.791113315871343 ], [ 4.208410939886356, 51.787944038573286 ], [ 4.213246844997347, 51.785267317906303 ], [ 4.22283899288562, 51.787905837978364 ], [ 4.237562602387545, 51.782771706395927 ] ], [ [ 4.220084329269976, 51.825745636093934 ], [ 4.220126191353563, 51.826084134746132 ], [ 4.220378955814794, 51.825914056205939 ], [ 4.220084329269976, 51.825745636093934 ] ] ] } },
{ "type": "Feature", "properties": { "code": "1970", "gemeente": "Noardeast-Fryslân", "provincie": "Fryslân" }, "geometry": { "type": "Polygon", "coordinates": [ [ [ 6.044239356268394, 53.243536584554413 ], [ 6.074515024749066, 53.24844822402946 ], [ 6.110774085182346, 53.259854679280764 ], [ 6.141058345806407, 53.264382932899352 ], [ 6.144978090852327, 53.260164804889556 ], [ 6.147403502951633, 53.261136712527176 ], [ 6.148451675293774, 53.26002384299855 ], [ 6.158780563326395, 53.263683711271526 ], [ 6.160523209339176, 53.261984676569277 ], [ 6.164195761234526, 53.263957660952812 ], [ 6.176604580628611, 53.26102068302486 ], [ 6.179490910978077, 53.259054306303014 ], [ 6.180721000785095, 53.261049647955623 ], [ 6.190384405156236, 53.263377669381299 ], [ 6.185669591229678, 53.267273011428614 ], [ 6.189219941126813, 53.269890237515256 ], [ 6.190720066915323, 53.268583696192572 ], [ 6.19378991139785, 53.270036524487324 ], [ 6.216804775587383, 53.265350891332709 ], [ 6.218947335718388, 53.259872595659147 ], [ 6.221828031871016, 53.258062707018169 ], [ 6.235672356314088, 53.256827262815527 ], [ 6.238745206922656, 53.258785004616236 ], [ 6.238843569997353, 53.262806645655488 ], [ 6.245052524267941, 53.267540494138416 ], [ 6.247542548242269, 53.268405539762483 ], [ 6.25198436192192, 53.267405068915977 ], [ 6.255546001426302, 53.269006417734914 ], [ 6.25140872675219, 53.27725497357946 ], [ 6.253227616419725, 53.28792793558744 ], [ 6.259903658998636, 53.291075714492223 ], [ 6.26562914225611, 53.291217125471981 ], [ 6.268716775054989, 53.289773360153127 ], [ 6.278427888853471, 53.302829661298254 ], [ 6.289650578180311, 53.30507309762779 ], [ 6.294361130961263, 53.308172666746444 ], [ 6.290411576745051, 53.311130391930114 ], [ 6.280503419318782, 53.312581489324714 ], [ 6.286980746980358, 53.341381757863225 ], [ 6.273680382495958, 53.345271505929922 ], [ 6.254046690952097, 53.348593397214096 ], [ 6.247577221755366, 53.347472360612812 ], [ 6.239298918620189, 53.343039137147628 ], [ 6.233595455510534, 53.343099727901517 ], [ 6.230480321482905, 53.344745761500036 ], [ 6.22497243378191, 53.354307168884169 ], [ 6.218891993512898, 53.357406703749824 ], [ 6.187713833016383, 53.362078310895171 ], [ 6.18015021093342, 53.3640669409399 ], [ 6.176297917201071, 53.366913083931898 ], [ 6.169579057969591, 53.376850484971115 ], [ 6.167944640274594, 53.390759096613436 ], [ 6.194020203681071, 53.413288812520435 ], [ 6.079240135410251, 53.429278215886519 ], [ 6.050124700667113, 53.492337377665407 ], [ 6.004928513832971, 53.492577468372275 ], [ 6.00441114469045, 53.456640245401324 ], [ 5.959012818409086, 53.438894248105626 ], [ 5.95877362712159, 53.420925221128762 ], [ 5.82313376664563, 53.394537597230155 ], [ 5.792901119986423, 53.3766730831302 ], [ 5.777875798829596, 53.376722821638694 ], [ 5.747975781395001, 53.394786422090071 ], [ 5.702880545503977, 53.394913192258727 ], [ 5.702682731380549, 53.367958420718175 ], [ 5.718351725866339, 53.336933716298041 ], [ 5.722391246313005, 53.322313749570093 ], [ 5.721414549841745, 53.316033220391382 ], [ 5.729682161964702, 53.317452171871714 ], [ 5.749301101120079, 53.313555277828925 ], [ 5.739349222865962, 53.303939220600284 ], [ 5.735383649344536, 53.294721001425664 ], [ 5.763283841282577, 53.294491062628509 ], [ 5.800477589516091, 53.282155137407791 ], [ 5.811045749003336, 53.280807920416471 ], [ 5.813229165053482, 53.279237901298202 ], [ 5.811412059381817, 53.276729660503285 ], [ 5.814255322134369, 53.277691029364867 ], [ 5.817693936121167, 53.276269110707993 ], [ 5.838824269657561, 53.274934855704352 ], [ 5.847660814349129, 53.285162628663421 ], [ 5.861177178897519, 53.28864912109907 ], [ 5.874610606542945, 53.282601722844696 ], [ 5.883134144098741, 53.27668025575381 ], [ 5.906648672964501, 53.28783934434405 ], [ 5.896565196191474, 53.301742500688583 ], [ 5.922341201782145, 53.312639998828622 ], [ 5.948929836802047, 53.317601202399118 ], [ 5.954767794302689, 53.321287550208446 ], [ 5.963858454886406, 53.322853037178 ], [ 5.972187455622016, 53.321085185205888 ], [ 5.974299840143343, 53.315998665551767 ], [ 5.970668719129159, 53.3136732756154 ], [ 5.975852742558896, 53.30692731038647 ], [ 5.998100956310547, 53.310500194555843 ], [ 6.020151901273991, 53.308223591424017 ], [ 6.023437065385821, 53.324528985377917 ], [ 6.032962501574889, 53.325630412067184 ], [ 6.035362587164823, 53.324296413848749 ], [ 6.039552204482113, 53.325135015260436 ], [ 6.045889108325802, 53.323823277775332 ], [ 6.052195799531519, 53.324932080174932 ], [ 6.066306580618477, 53.323639279791415 ], [ 6.075663296279609, 53.324294171660348 ], [ 6.077752688394452, 53.322087106238264 ], [ 6.074152065145401, 53.3214765965187 ], [ 6.07498469480795, 53.317643616346331 ], [ 6.072051070877853, 53.316177118895538 ], [ 6.071541507126605, 53.29659542053821 ], [ 6.069793718218285, 53.296920092547651 ], [ 6.073695152045062, 53.292399700344966 ], [ 6.05437926225146, 53.290870201844072 ], [ 6.053393819498195, 53.280018315542435 ], [ 6.054965382500572, 53.279483569843649 ], [ 6.053308543668896, 53.279189073784735 ], [ 6.051863924859022, 53.266286276840432 ], [ 6.050114950280066, 53.266141319616906 ], [ 6.044239356268394, 53.243536584554413 ] ] ] } },
{ "type": "Feature", "properties": { "code": "1695", "gemeente": "Noord-Beveland", "provincie": "Zeeland" }, "geometry": { "type": "Polygon", "coordinates": [ [ [ 3.711879044576211, 51.531066537147474 ], [ 3.713607171463469, 51.530367000621162 ], [ 3.743814894020656, 51.547688945362196 ], [ 3.761036319800703, 51.553341519849717 ], [ 3.768287834550502, 51.552773281382663 ], [ 3.793581593289703, 51.54247953720742 ], [ 3.802241186068322, 51.543600105510578 ], [ 3.812655547460552, 51.547757875653936 ], [ 3.834236448856986, 51.553008945313287 ], [ 3.840227841571348, 51.551061979511061 ], [ 3.852477477187195, 51.543193043054067 ], [ 3.859510327862552, 51.541172936552428 ], [ 3.870944789016888, 51.541938512894525 ], [ 3.896553412339891, 51.549918036641195 ], [ 3.907888430881234, 51.550281817408418 ], [ 3.913148188535554, 51.549053744265201 ], [ 3.914484449985823, 51.546975952536165 ], [ 3.922506512434274, 51.546710710738346 ], [ 3.922292542576682, 51.544503003504751 ], [ 3.924016353610984, 51.545594396755575 ], [ 3.926950985595078, 51.544634466775413 ], [ 3.932447351663342, 51.540449410512217 ], [ 3.932549514103249, 51.537255932231268 ], [ 3.937979105128076, 51.535777688069913 ], [ 3.960958958073454, 51.55147732282515 ], [ 3.936825213388236, 51.556531289488809 ], [ 3.924760514685469, 51.607860859009101 ], [ 3.879041416392913, 51.593670715269056 ], [ 3.874848757185742, 51.596810210372354 ], [ 3.867955144369327, 51.597706278963905 ], [ 3.849031359913314, 51.605939924371519 ], [ 3.814798659386216, 51.607503649555156 ], [ 3.800810268149768, 51.606607392425637 ], [ 3.769851155053247, 51.600869798968461 ], [ 3.730157634128054, 51.597441604416964 ], [ 3.70873356803051, 51.598607920292558 ], [ 3.699092182852088, 51.601061560290333 ], [ 3.695692191084362, 51.599610272856417 ], [ 3.689547805770708, 51.601515266987164 ], [ 3.654523825831046, 51.596093559989058 ], [ 3.630618116460033, 51.596212630453962 ], [ 3.634797571584542, 51.587015853575046 ], [ 3.653128255982423, 51.568463402155579 ], [ 3.671077683841723, 51.563829334899339 ], [ 3.696176831601335, 51.548808313197547 ], [ 3.698628502811155, 51.543217978840161 ], [ 3.695242846307239, 51.530827676223552 ], [ 3.698604537645384, 51.523149608759873 ], [ 3.700515819193241, 51.522355909204336 ], [ 3.704782856800168, 51.523943526663786 ], [ 3.711879044576211, 51.531066537147474 ] ] ] } },
{ "type": "Feature", "properties": { "code": "1699", "gemeente": "Noordenveld", "provincie": "Drenthe" }, "geometry": { "type": "Polygon", "coordinates": [ [ [ 6.413279840391816, 52.985522931786114 ], [ 6.505935001967739, 53.010130071555047 ], [ 6.513036287940021, 53.010556666985686 ], [ 6.509978607753596, 53.017039438379058 ], [ 6.503873050361728, 53.016041583444959 ], [ 6.495527758937772, 53.030897699351833 ], [ 6.502893482941409, 53.032212799511271 ], [ 6.499950965215487, 53.038430298957685 ], [ 6.511774560179353, 53.05647003824199 ], [ 6.514515822093082, 53.065379263969355 ], [ 6.513356409906849, 53.072280295340207 ], [ 6.490094926004893, 53.097725653452862 ], [ 6.484785147756806, 53.106265896563414 ], [ 6.480299557413666, 53.120786705703061 ], [ 6.498425335857867, 53.123359388374631 ], [ 6.500894051357466, 53.120576820971102 ], [ 6.512501767490122, 53.125604467312293 ], [ 6.510929977696429, 53.130693057514328 ], [ 6.539080984847216, 53.132505850596175 ], [ 6.5400739655722, 53.138879162012202 ], [ 6.536729137225732, 53.142742109841045 ], [ 6.538308420781981, 53.145634337851916 ], [ 6.533915156372929, 53.151925088125608 ], [ 6.537743943948799, 53.155922532475905 ], [ 6.537852061388141, 53.158441595561008 ], [ 6.534126069313734, 53.160933175204292 ], [ 6.537436624299884, 53.164838624919106 ], [ 6.536290285387865, 53.168083535697704 ], [ 6.533535839551292, 53.169214110351767 ], [ 6.535367570217214, 53.171642407177927 ], [ 6.530433935372687, 53.172358065043802 ], [ 6.521324658940173, 53.185827590097723 ], [ 6.516454442375544, 53.187734841751457 ], [ 6.51770228412855, 53.189240656279956 ], [ 6.512009383514315, 53.196217720536538 ], [ 6.513199352477567, 53.197250206507753 ], [ 6.506784873546258, 53.200148360410076 ], [ 6.494227147009528, 53.198217552222161 ], [ 6.492592555086207, 53.201386105088872 ], [ 6.485716832185878, 53.203821262378355 ], [ 6.447712077493589, 53.196440589621865 ], [ 6.442866786526385, 53.187740427645537 ], [ 6.406984952314623, 53.177654413122404 ], [ 6.402921513967992, 53.167205515889542 ], [ 6.395165337993457, 53.163576640878084 ], [ 6.381414286888682, 53.153505508743059 ], [ 6.382612274012096, 53.149570494273078 ], [ 6.365855004756216, 53.1222275243518 ], [ 6.363558463641081, 53.10755156999781 ], [ 6.356620479986226, 53.107084522385207 ], [ 6.344433415062564, 53.087134924525877 ], [ 6.31515745116863, 53.094052789153352 ], [ 6.305273763886712, 53.08118955304279 ], [ 6.367810522898912, 53.067359999887287 ], [ 6.362521374919914, 53.033969033575254 ], [ 6.413279840391816, 52.985522931786114 ] ] ] } },
{ "type": "Feature", "properties": { "code": "0171", "gemeente": "Noordoostpolder", "provincie": "Flevoland" }, "geometry": { "type": "Polygon", "coordinates": [ [ [ 5.723791256244478, 52.607695958286392 ], [ 5.837213942569933, 52.607331228047514 ], [ 5.840524600821659, 52.610413207083575 ], [ 5.905470065822925, 52.619215358561419 ], [ 5.910601737506309, 52.617660806023231 ], [ 5.915663771284392, 52.613534009300309 ], [ 5.932690274637332, 52.6149228655743 ], [ 5.955620143189847, 52.622917203056794 ], [ 5.955285252334396, 52.62484243721935 ], [ 5.988626375040936, 52.629324496693002 ], [ 6.010491470113069, 52.637881723147409 ], [ 6.017301369748131, 52.643231996951386 ], [ 6.006915444778086, 52.651286329541861 ], [ 5.999529745652922, 52.65463594861631 ], [ 5.984048067254835, 52.657191652704157 ], [ 5.966851670039639, 52.666580187626245 ], [ 5.941593521767087, 52.670516680587028 ], [ 5.939725868009593, 52.668835251460827 ], [ 5.935147854888787, 52.669233807850951 ], [ 5.933084018482905, 52.671263520465878 ], [ 5.933870300943042, 52.675510462809505 ], [ 5.944707567591895, 52.682712579392188 ], [ 5.962104802484162, 52.690350678530287 ], [ 5.965155431572479, 52.69356972711158 ], [ 5.964825029200409, 52.698104427583274 ], [ 5.959011670967933, 52.703863427835884 ], [ 5.954839012578696, 52.703767629972432 ], [ 5.955315513303228, 52.707261777367663 ], [ 5.951161373438996, 52.711919226031611 ], [ 5.942555033588877, 52.715002003915131 ], [ 5.922574005300956, 52.750691579542902 ], [ 5.906009448615988, 52.761325561744307 ], [ 5.900054129486988, 52.761195257489923 ], [ 5.896085419328658, 52.762822019405085 ], [ 5.879682602209261, 52.77325052786928 ], [ 5.860257540015414, 52.781816539872921 ], [ 5.849698683144522, 52.784738735134994 ], [ 5.836254396330806, 52.785637364559463 ], [ 5.818791765667337, 52.784696652067787 ], [ 5.818656495373084, 52.787635737770124 ], [ 5.805926108004947, 52.794859363983285 ], [ 5.795177036127015, 52.806521841758901 ], [ 5.789806675013329, 52.803691489887314 ], [ 5.784382144131338, 52.817475749071434 ], [ 5.74880735884401, 52.839679587063863 ], [ 5.724681988470723, 52.843982245690988 ], [ 5.728663440318463, 52.833398013571284 ], [ 5.713219991036328, 52.838188804832392 ], [ 5.709635954657077, 52.834816702914218 ], [ 5.704281542732904, 52.834430712032947 ], [ 5.70329988024023, 52.836392855071608 ], [ 5.703103150849437, 52.834345682031916 ], [ 5.660296053828816, 52.831250414598095 ], [ 5.631352642605159, 52.803054599758866 ], [ 5.377259770836776, 52.764805207347862 ], [ 5.590667211997015, 52.676296733610904 ], [ 5.594311784721884, 52.676274495781449 ], [ 5.594550597989486, 52.68329995363122 ], [ 5.604309786106699, 52.68323691219247 ], [ 5.6096633496512, 52.680316828390083 ], [ 5.625802829851207, 52.682606809282113 ], [ 5.643716778525343, 52.682614449769751 ], [ 5.641486760472429, 52.677939407143313 ], [ 5.655379148064917, 52.665950426642347 ], [ 5.642790765759011, 52.660586197265822 ], [ 5.650015177484462, 52.654310821381117 ], [ 5.648865317387926, 52.649550909645413 ], [ 5.636130786313248, 52.649611819251326 ], [ 5.641100664437437, 52.642547743448581 ], [ 5.627674370923066, 52.636845580997623 ], [ 5.649419705356571, 52.616104353745065 ], [ 5.654913132590668, 52.612967543556188 ], [ 5.663401578153731, 52.611435120816509 ], [ 5.72381874973372, 52.611290744843785 ], [ 5.723791256244478, 52.607695958286392 ] ] ] } },
{ "type": "Feature", "properties": { "code": "0575", "gemeente": "Noordwijk", "provincie": "Zuid-Holland" }, "geometry": { "type": "Polygon", "coordinates": [ [ [ 4.440264925074114, 52.207496072191027 ], [ 4.448378040002428, 52.212517334273997 ], [ 4.451244934748163, 52.211669570623947 ], [ 4.464082067497478, 52.21596433582102 ], [ 4.470169476410466, 52.219650601304224 ], [ 4.470704325709897, 52.221762524541425 ], [ 4.466213434670848, 52.225229295625631 ], [ 4.520779817477168, 52.260549528366553 ], [ 4.532872097889717, 52.273095549845046 ], [ 4.530178437527868, 52.274146621946969 ], [ 4.535459998764434, 52.279149896933042 ], [ 4.536443299556677, 52.278359278694936 ], [ 4.545165391543709, 52.290732824657894 ], [ 4.555376158770803, 52.299144060430088 ], [ 4.563707433367659, 52.309298012170039 ], [ 4.477649435964445, 52.332510951686452 ], [ 4.436154318084245, 52.277176723384649 ], [ 4.390975592546231, 52.225243692499234 ], [ 4.419446208772995, 52.21433925260294 ], [ 4.42569636331913, 52.2162888911311 ], [ 4.42942162115576, 52.212264442984896 ], [ 4.433277323619357, 52.213504061605626 ], [ 4.435463623710231, 52.210602907373307 ], [ 4.437137639252259, 52.211199455773396 ], [ 4.440264925074114, 52.207496072191027 ] ] ] } },
{ "type": "Feature", "properties": { "code": "0820", "gemeente": "Nuenen, Gerwen en Nederwetten", "provincie": "Noord-Brabant" }, "geometry": { "type": "Polygon", "coordinates": [ [ [ 5.5466397814818, 51.434486109881846 ], [ 5.566164589570956, 51.441483928749733 ], [ 5.587807835370531, 51.463471192688303 ], [ 5.582973652724581, 51.465548559338991 ], [ 5.605231702936189, 51.470957246102245 ], [ 5.585911779871892, 51.479169997314742 ], [ 5.570156040380056, 51.496936268978004 ], [ 5.576729852939285, 51.499453170137876 ], [ 5.566551703956705, 51.501672453570379 ], [ 5.557652445261906, 51.509369727889215 ], [ 5.547914385541301, 51.538075887533289 ], [ 5.530863593570237, 51.525048678923007 ], [ 5.540194942079579, 51.526011778291306 ], [ 5.544747851555305, 51.523537377174023 ], [ 5.545634246561123, 51.519949718570118 ], [ 5.540674774177544, 51.520664930864008 ], [ 5.546272786526988, 51.512695679266088 ], [ 5.526116537424895, 51.501446351143798 ], [ 5.518599176548887, 51.501995801915719 ], [ 5.509783617064312, 51.498661066861274 ], [ 5.51560828201842, 51.493414666060694 ], [ 5.505409694144059, 51.48338090755275 ], [ 5.509577573099294, 51.479177131701924 ], [ 5.507765066179922, 51.478125504249149 ], [ 5.509058385018919, 51.469285784914355 ], [ 5.521031767122615, 51.461032386599292 ], [ 5.532556518829293, 51.457186172067082 ], [ 5.531495900991144, 51.454941299899239 ], [ 5.540169045436311, 51.447945197372874 ], [ 5.538455844780176, 51.443618419143561 ], [ 5.541502782828045, 51.439502369208462 ], [ 5.544023048927977, 51.43956539543764 ], [ 5.5466397814818, 51.434486109881846 ] ] ] } },
{ "type": "Feature", "properties": { "code": "0302", "gemeente": "Nunspeet", "provincie": "Gelderland" }, "geometry": { "type": "Polygon", "coordinates": [ [ [ 5.755717842116069, 52.269762084209461 ], [ 5.797241626155871, 52.269695743034156 ], [ 5.811633705377355, 52.270474280711916 ], [ 5.821426653974501, 52.272671892242563 ], [ 5.842718419559553, 52.267145864657152 ], [ 5.850811154670149, 52.268695374497149 ], [ 5.848169930943666, 52.275114122567189 ], [ 5.852154975109884, 52.280090147732288 ], [ 5.845821885051297, 52.286760513584305 ], [ 5.840830926275069, 52.304397529100051 ], [ 5.850349545296646, 52.308274768900361 ], [ 5.866234585146501, 52.319924898170129 ], [ 5.880951331478136, 52.335185954958774 ], [ 5.864814279031888, 52.351328901404322 ], [ 5.876009358859863, 52.357872771892275 ], [ 5.871170542654752, 52.361309288160847 ], [ 5.864792023563031, 52.359658208761601 ], [ 5.821269408271625, 52.391091308487624 ], [ 5.820578300127942, 52.396933440805483 ], [ 5.817866895129082, 52.397292416382591 ], [ 5.817169853826003, 52.401566831157083 ], [ 5.812045317607752, 52.400668758234573 ], [ 5.811671503248125, 52.402798951209881 ], [ 5.790776350252263, 52.396861548783818 ], [ 5.787773170314755, 52.400037591444487 ], [ 5.782622369562182, 52.399469151598709 ], [ 5.770747517909558, 52.395515499184825 ], [ 5.768685084902555, 52.398888283170486 ], [ 5.764074729245312, 52.398723506821064 ], [ 5.756291825340464, 52.407426491808785 ], [ 5.739427815163846, 52.398421039219805 ], [ 5.733396955350867, 52.402533305877128 ], [ 5.729446848758807, 52.400973224817449 ], [ 5.733471908025241, 52.397160398447639 ], [ 5.715583671934649, 52.388037028271086 ], [ 5.706751990434912, 52.386635054362145 ], [ 5.698762429007304, 52.382003659293616 ], [ 5.678921588785432, 52.378841262961053 ], [ 5.693794148290878, 52.362115250939262 ], [ 5.69794978543994, 52.36095732305931 ], [ 5.700504710183661, 52.357812636732518 ], [ 5.698514384195074, 52.356586350516864 ], [ 5.699018302056941, 52.35290263765809 ], [ 5.704406441445292, 52.346522202525009 ], [ 5.704905241086911, 52.340474467538961 ], [ 5.712670037909904, 52.336940458813814 ], [ 5.712480647223497, 52.331845370388777 ], [ 5.705980858501772, 52.328441798211394 ], [ 5.750747825218016, 52.317073764439357 ], [ 5.743837231663343, 52.298047282741372 ], [ 5.744681870255862, 52.288194995612265 ], [ 5.75464807789343, 52.282602251986113 ], [ 5.755491865969831, 52.277876289615399 ], [ 5.746502525223748, 52.271552671619673 ], [ 5.749227319325027, 52.268272928913092 ], [ 5.755717842116069, 52.269762084209461 ] ] ] } },
{ "type": "Feature", "properties": { "code": "0579", "gemeente": "Oegstgeest", "provincie": "Zuid-Holland" }, "geometry": { "type": "Polygon", "coordinates": [ [ [ 4.448486718462567, 52.16216835965227 ], [ 4.454170540598235, 52.171140462979672 ], [ 4.466867945936524, 52.169928569210732 ], [ 4.468509167435224, 52.173482052540244 ], [ 4.478596946613468, 52.179586022315121 ], [ 4.487126020721438, 52.176925347011071 ], [ 4.487839850954863, 52.178153711353026 ], [ 4.491922502776344, 52.175407453951721 ], [ 4.494211680346388, 52.176546951181471 ], [ 4.497562227568448, 52.183982655780959 ], [ 4.495256036736783, 52.183938860588633 ], [ 4.494329314398734, 52.181669843152044 ], [ 4.489683653344958, 52.181594545445869 ], [ 4.491201127413289, 52.185946716805098 ], [ 4.487744845596948, 52.190188622902205 ], [ 4.493439040499556, 52.194967312536498 ], [ 4.491447184937244, 52.203687206610105 ], [ 4.488032478941769, 52.202922966306922 ], [ 4.48672847811865, 52.204185003145717 ], [ 4.480271753426125, 52.201949437352155 ], [ 4.478421241157849, 52.204798929987852 ], [ 4.4715047963281, 52.201597391970743 ], [ 4.467482171112906, 52.201899609444531 ], [ 4.46337656529189, 52.20014342449128 ], [ 4.461760583982378, 52.197106487161484 ], [ 4.466370302314323, 52.196886239597774 ], [ 4.458623295259256, 52.183455754026092 ], [ 4.434946834256007, 52.180856514685573 ], [ 4.445247638147737, 52.178991108702569 ], [ 4.44809309843307, 52.177180498777552 ], [ 4.448656203931217, 52.17358441477672 ], [ 4.44538110404911, 52.167648202978938 ], [ 4.448486718462567, 52.16216835965227 ] ] ] } },
{ "type": "Feature", "properties": { "code": "0823", "gemeente": "Oirschot", "provincie": "Noord-Brabant" }, "geometry": { "type": "Polygon", "coordinates": [ [ [ 5.223537471815902, 51.425082795385499 ], [ 5.237704668469365, 51.428558901412977 ], [ 5.239062442864407, 51.433669526729652 ], [ 5.252451855082429, 51.437904584575008 ], [ 5.24839613224461, 51.445631031026863 ], [ 5.279253394133392, 51.450219413395679 ], [ 5.285018313690309, 51.454111587217199 ], [ 5.294497667873346, 51.455283478227102 ], [ 5.297292562486303, 51.453088685860116 ], [ 5.303096653734014, 51.459149212518021 ], [ 5.315077502136761, 51.461372023223383 ], [ 5.320423763451302, 51.460868146765861 ], [ 5.325839979582037, 51.463791709920841 ], [ 5.33459900228433, 51.462934797406824 ], [ 5.332626886209575, 51.465422208406352 ], [ 5.334728040851025, 51.46587476850091 ], [ 5.33381649335379, 51.468536690158615 ], [ 5.356002282205218, 51.462314728731172 ], [ 5.358389139188355, 51.467015330790638 ], [ 5.379150758532812, 51.463842347087223 ], [ 5.390658212532491, 51.470609355660706 ], [ 5.389906691561731, 51.487560888500717 ], [ 5.385344076527871, 51.486803725747542 ], [ 5.361295840944548, 51.492880128544883 ], [ 5.355887443268787, 51.496106839624296 ], [ 5.351317730512368, 51.506053834088981 ], [ 5.349385709064842, 51.516998425052584 ], [ 5.354341305931283, 51.520502165627015 ], [ 5.355459232035488, 51.528902836800832 ], [ 5.368595921333556, 51.531490003352907 ], [ 5.356910781077882, 51.544716577211041 ], [ 5.342565415581635, 51.54477147555771 ], [ 5.337193400023082, 51.546402726757641 ], [ 5.333003828777104, 51.551137285935589 ], [ 5.325444348449921, 51.551351771421587 ], [ 5.308395627801664, 51.545979835656155 ], [ 5.273270949813815, 51.552820797480983 ], [ 5.271932645735159, 51.549806998333644 ], [ 5.277487365391059, 51.54873672437094 ], [ 5.276884479423522, 51.544863187995595 ], [ 5.269862126074122, 51.546209161762313 ], [ 5.267971220166352, 51.543225483007085 ], [ 5.263368606385025, 51.544230205041629 ], [ 5.261208096335341, 51.540641079255373 ], [ 5.253330658057064, 51.540332685391292 ], [ 5.249495461088354, 51.531635638163117 ], [ 5.244006821519328, 51.525750634153496 ], [ 5.234791332203854, 51.530994371738601 ], [ 5.230843746775617, 51.520937338561396 ], [ 5.224434791105788, 51.517148454728037 ], [ 5.226534157725943, 51.507473669021422 ], [ 5.232363169673778, 51.508919790648363 ], [ 5.23594258137066, 51.513909597486908 ], [ 5.251249806453045, 51.509630855467663 ], [ 5.250969142374914, 51.506209018864176 ], [ 5.247892069697673, 51.506336087877216 ], [ 5.247110771777, 51.498878575120663 ], [ 5.228443945326955, 51.498700009600505 ], [ 5.230377919868793, 51.490461135933018 ], [ 5.2254057601091, 51.4888221251109 ], [ 5.220434969115471, 51.472879523238916 ], [ 5.209814793878558, 51.465773306717196 ], [ 5.19102488028459, 51.430225003448008 ], [ 5.209217708338825, 51.436500547019612 ], [ 5.209937167976637, 51.434171240922659 ], [ 5.215771331335008, 51.434179952582369 ], [ 5.217571280615224, 51.430428964421118 ], [ 5.223140699883287, 51.427921265205136 ], [ 5.223537471815902, 51.425082795385499 ] ] ] } },
{ "type": "Feature", "properties": { "code": "0824", "gemeente": "Oisterwijk", "provincie": "Noord-Brabant" }, "geometry": { "type": "Polygon", "coordinates": [ [ [ 5.214732356949226, 51.511726272611192 ], [ 5.230843746775617, 51.520937338561396 ], [ 5.234791332203854, 51.530994371738601 ], [ 5.244006821519328, 51.525750634153496 ], [ 5.249495461088354, 51.531635638163117 ], [ 5.253293878694105, 51.54031097172561 ], [ 5.261208096335341, 51.540641079255373 ], [ 5.263368606385025, 51.544230205041629 ], [ 5.267971220166352, 51.543225483007085 ], [ 5.269862126074122, 51.546209161762313 ], [ 5.276884479423522, 51.544863187995595 ], [ 5.277463935309971, 51.546388912202644 ], [ 5.277487365391059, 51.54873672437094 ], [ 5.271932645735159, 51.549806998333644 ], [ 5.273270949813815, 51.552820797480983 ], [ 5.268900066966888, 51.553726629443304 ], [ 5.265519419046742, 51.556868898140785 ], [ 5.24617765881373, 51.579478146010572 ], [ 5.248679256378496, 51.590600101752628 ], [ 5.255379594247052, 51.593424150538489 ], [ 5.263066445843485, 51.600006171024923 ], [ 5.278743579177951, 51.604790483120865 ], [ 5.276503105879903, 51.607551204143569 ], [ 5.26923950463205, 51.609608734581109 ], [ 5.270082261985349, 51.611628772306602 ], [ 5.255499565958775, 51.624928428734385 ], [ 5.250844789452996, 51.622594382194059 ], [ 5.250596951361076, 51.623782201411295 ], [ 5.246171412415412, 51.622654689405188 ], [ 5.244372340257009, 51.618549742035874 ], [ 5.238241235194032, 51.619141048115672 ], [ 5.228192407863008, 51.615889154053846 ], [ 5.224114614389931, 51.616439156079288 ], [ 5.222395312852496, 51.62184391257582 ], [ 5.20232936969931, 51.611669966269893 ], [ 5.150760164299331, 51.580097909447652 ], [ 5.147213579499319, 51.576461676830021 ], [ 5.148783383951885, 51.575359205525714 ], [ 5.145532428312299, 51.574519675855178 ], [ 5.141358788152663, 51.568302795837923 ], [ 5.143099022502157, 51.568141822827855 ], [ 5.13735503702536, 51.562580931324881 ], [ 5.139195933051544, 51.561235826398971 ], [ 5.137567144907685, 51.552076993321016 ], [ 5.147835933897984, 51.547117957525444 ], [ 5.138694809572346, 51.545956143055548 ], [ 5.141880909759358, 51.542092144783702 ], [ 5.133598423200665, 51.534949726123074 ], [ 5.135451733691992, 51.533580103732959 ], [ 5.130196120796588, 51.53029789295551 ], [ 5.144966364671447, 51.521493754119021 ], [ 5.148887652718489, 51.523657780536752 ], [ 5.159152064469161, 51.516643347272208 ], [ 5.160874304155109, 51.517331810458678 ], [ 5.164228611616126, 51.514659124941431 ], [ 5.165553184771378, 51.515215408656552 ], [ 5.170993460343159, 51.510568655590269 ], [ 5.176479503048362, 51.511310810728574 ], [ 5.178747965385196, 51.508601022743022 ], [ 5.190138489156212, 51.507408653704516 ], [ 5.195401254385814, 51.509732895211293 ], [ 5.214732356949226, 51.511726272611192 ] ] ] } },
{ "type": "Feature", "properties": { "code": "1895", "gemeente": "Oldambt", "provincie": "Groningen" }, "geometry": { "type": "Polygon", "coordinates": [ [ [ 6.98736160140056, 53.115773035920391 ], [ 7.033659501435386, 53.116047004362009 ], [ 7.035596574937052, 53.119579354685648 ], [ 7.051180027282379, 53.130218027478456 ], [ 7.081239909939979, 53.144013516013153 ], [ 7.088593594503184, 53.145238803317348 ], [ 7.099543364152868, 53.14322853634134 ], [ 7.105650528497465, 53.14393869389756 ], [ 7.125629508265455, 53.15137018719814 ], [ 7.139555531051368, 53.154330130412312 ], [ 7.145308072489579, 53.160773674655509 ], [ 7.173959306134671, 53.147931256497046 ], [ 7.17699534065441, 53.152582482468929 ], [ 7.183172715248499, 53.154754261091419 ], [ 7.18924422667815, 53.154882964539105 ], [ 7.190900429378459, 53.161839746777311 ], [ 7.203654872276864, 53.176564214982257 ], [ 7.212561606843411, 53.176965058552128 ], [ 7.227498376775086, 53.180278514114669 ], [ 7.208042714405768, 53.188476521799956 ], [ 7.217622767256322, 53.197817337136186 ], [ 7.217025371327513, 53.214766604388508 ], [ 7.210491720404621, 53.228397134943165 ], [ 7.212504569768643, 53.228188670272218 ], [ 7.187601495434732, 53.332181958061554 ], [ 7.132559268276727, 53.332650883428705 ], [ 7.101248935210565, 53.33025827888428 ], [ 7.100442383323919, 53.309976960021402 ], [ 7.134268109619423, 53.287821851455327 ], [ 7.134860484299501, 53.279692203019216 ], [ 7.113461227512297, 53.262879700137574 ], [ 7.084371067742552, 53.254627705623776 ], [ 7.076632568779353, 53.249699443669208 ], [ 7.079430777245755, 53.24817721339133 ], [ 7.067521568541051, 53.242378334137001 ], [ 7.059440883945485, 53.248227942264904 ], [ 7.057420827983355, 53.24734027381735 ], [ 7.040306918439973, 53.259836637359484 ], [ 7.038718799766094, 53.25862989445816 ], [ 7.034969033053811, 53.259162701141996 ], [ 7.031597995569091, 53.256131948248395 ], [ 7.021847253582059, 53.253236849034593 ], [ 7.012605309760973, 53.260638254045425 ], [ 7.013228525172227, 53.266840435361139 ], [ 6.997621508434849, 53.267141339048358 ], [ 6.952230807528905, 53.25649864652609 ], [ 6.945919848215389, 53.248704512903956 ], [ 6.944990371224461, 53.243614779050162 ], [ 6.942506435558677, 53.242043358121286 ], [ 6.937603454992892, 53.244249274993678 ], [ 6.928437043565865, 53.236952473447126 ], [ 6.921720605915834, 53.239180117998536 ], [ 6.916148226165821, 53.24361832755843 ], [ 6.911344194723907, 53.243015471507633 ], [ 6.908591242475378, 53.23395393739284 ], [ 6.912716321623394, 53.225124620614764 ], [ 6.920041385861555, 53.227342512862265 ], [ 6.925532300030684, 53.221557640000647 ], [ 6.922815651136832, 53.22062986980665 ], [ 6.929399470803483, 53.212817361900392 ], [ 6.92059631499702, 53.207448926618888 ], [ 6.924687877404689, 53.205071254430123 ], [ 6.91682001306719, 53.195569919824308 ], [ 6.9251233840917, 53.194286072046587 ], [ 6.923850878592344, 53.191659916995839 ], [ 6.922684357577682, 53.190679091107917 ], [ 6.918689546907119, 53.191392427678252 ], [ 6.91589114863053, 53.188405603929965 ], [ 6.911580123347367, 53.181283682249472 ], [ 6.912534185104832, 53.175623438595409 ], [ 6.907636174009446, 53.172877995406004 ], [ 6.912208343604598, 53.171966322149146 ], [ 6.903300084114826, 53.166462596601242 ], [ 6.92927552350034, 53.169050659020691 ], [ 6.929833531335278, 53.165334700489339 ], [ 6.942235972248706, 53.166531854588094 ], [ 6.943783493368347, 53.159013447320262 ], [ 6.950381151230028, 53.158895107505934 ], [ 6.954640179235583, 53.136654383991505 ], [ 6.965294913704076, 53.110831064801879 ], [ 6.979749052599731, 53.119196211874218 ], [ 6.982535282467598, 53.119123267535358 ], [ 6.98736160140056, 53.115773035920391 ] ] ] } },
{ "type": "Feature", "properties": { "code": "0269", "gemeente": "Oldebroek", "provincie": "Gelderland" }, "geometry": { "type": "Polygon", "coordinates": [ [ [ 5.924338614377385, 52.391392944942552 ], [ 5.951024349901161, 52.398437124323571 ], [ 5.951861243350915, 52.400956064884831 ], [ 5.967553096307557, 52.406000684211143 ], [ 6.017755221653327, 52.444208639838259 ], [ 6.022667419979317, 52.444103112833488 ], [ 6.03471425814478, 52.461676775022198 ], [ 6.033922650745678, 52.464395779596231 ], [ 6.036944779283147, 52.470243493870512 ], [ 6.035495610373446, 52.474997750028038 ], [ 6.026783972075136, 52.482998705693433 ], [ 6.015830791466246, 52.482879287023387 ], [ 6.018527106459373, 52.484466726617647 ], [ 6.018643897201655, 52.489374341764197 ], [ 6.000788401867963, 52.500148828292041 ], [ 5.965360751120604, 52.476456295639466 ], [ 5.958697035002146, 52.483838212602137 ], [ 5.952985369191909, 52.484447698084331 ], [ 5.93687988853697, 52.476499054757291 ], [ 5.935409707380694, 52.477392035666732 ], [ 5.925559446873315, 52.474057590167511 ], [ 5.906847230129459, 52.500797523239214 ], [ 5.887276664106766, 52.516906195903346 ], [ 5.876205401047555, 52.522025024192807 ], [ 5.864310177137155, 52.518173433469343 ], [ 5.856697978528191, 52.499805652667455 ], [ 5.851009376862531, 52.49538985723283 ], [ 5.845591187044871, 52.478201808038015 ], [ 5.840256037914218, 52.471058210850771 ], [ 5.860926878001706, 52.461781301429269 ], [ 5.864840039109135, 52.462055233835045 ], [ 5.862991991230044, 52.460942139134929 ], [ 5.871362872006162, 52.457793348045648 ], [ 5.872546718507072, 52.45524312372325 ], [ 5.877623669900177, 52.453119319350613 ], [ 5.871383526631448, 52.447857173255983 ], [ 5.87376562093379, 52.446994628679171 ], [ 5.868748860001531, 52.444778508538164 ], [ 5.89995438932503, 52.419816430639855 ], [ 5.916291604416696, 52.412949495951608 ], [ 5.905993337413586, 52.408600363226867 ], [ 5.924338614377385, 52.391392944942552 ] ] ] } },
{ "type": "Feature", "properties": { "code": "0173", "gemeente": "Oldenzaal", "provincie": "Overijssel" }, "geometry": { "type": "Polygon", "coordinates": [ [ [ 6.918305594074383, 52.283486116964575 ], [ 6.939170508824299, 52.283869380143372 ], [ 6.935698568190463, 52.290820067449324 ], [ 6.940631932543435, 52.290384036002806 ], [ 6.946362835540938, 52.292717409959586 ], [ 6.941873610377733, 52.29864635286085 ], [ 6.950389258548626, 52.308218234353205 ], [ 6.947710230219777, 52.313914579263333 ], [ 6.950139109448851, 52.319357347709385 ], [ 6.94493462163865, 52.319595979008874 ], [ 6.945624442260247, 52.32106942668306 ], [ 6.942793250555688, 52.322171602998459 ], [ 6.934324924447077, 52.322719040784015 ], [ 6.937531016456172, 52.332836283428506 ], [ 6.931905346477768, 52.332755610740499 ], [ 6.930969362584208, 52.329459614366485 ], [ 6.911664503616335, 52.330690642496634 ], [ 6.900646010453604, 52.33346019572307 ], [ 6.894804364651162, 52.324977144768965 ], [ 6.886199608402413, 52.322311088126632 ], [ 6.884299126156498, 52.318407414468552 ], [ 6.879868627956465, 52.31901438435407 ], [ 6.877338145546795, 52.31223574755181 ], [ 6.869340394324398, 52.312119263429359 ], [ 6.866540345370116, 52.307416105588985 ], [ 6.861349349397226, 52.306366867013431 ], [ 6.859781379105701, 52.298674418267403 ], [ 6.874930725672537, 52.296848669016583 ], [ 6.87990235677411, 52.293719179185537 ], [ 6.889480283011359, 52.292466972618286 ], [ 6.894497511106095, 52.293538130916197 ], [ 6.912049424093961, 52.285563700406492 ], [ 6.913586944076054, 52.282168142381032 ], [ 6.918305594074383, 52.283486116964575 ] ] ] } },
{ "type": "Feature", "properties": { "code": "1773", "gemeente": "Olst-Wijhe", "provincie": "Overijssel" }, "geometry": { "type": "Polygon", "coordinates": [ [ [ 6.108538585708676, 52.297627143218101 ], [ 6.170271120028584, 52.308784823989228 ], [ 6.182176125056493, 52.308910842631647 ], [ 6.181550917316882, 52.314857206045346 ], [ 6.199492307935532, 52.315878718400022 ], [ 6.20648748109491, 52.321121859077962 ], [ 6.235355002389194, 52.319820196159974 ], [ 6.235842527108258, 52.328389188047936 ], [ 6.232482698918147, 52.329607055702866 ], [ 6.231878433775809, 52.335612846052122 ], [ 6.235665254499513, 52.33990235327984 ], [ 6.222961222612377, 52.347236708631584 ], [ 6.196858915542558, 52.352111645081749 ], [ 6.196213035578185, 52.358613371175629 ], [ 6.188806851407478, 52.364426804318697 ], [ 6.188505845567709, 52.370581513161149 ], [ 6.189455840168783, 52.375745887719901 ], [ 6.201337162601294, 52.371394776184268 ], [ 6.199944293824386, 52.374809824990059 ], [ 6.203306031467324, 52.376266008799732 ], [ 6.203683132996225, 52.378286802912768 ], [ 6.198685258535039, 52.380429371520535 ], [ 6.201020374768072, 52.380304215332949 ], [ 6.201606781114853, 52.383507736038389 ], [ 6.207813683941353, 52.383274877934966 ], [ 6.20235457152037, 52.385180025502514 ], [ 6.203987665871529, 52.3868991162066 ], [ 6.218446416144292, 52.385270436858399 ], [ 6.229883703057799, 52.389843528771216 ], [ 6.232120027770508, 52.393312928119883 ], [ 6.231232948311042, 52.397879507310009 ], [ 6.221578544957142, 52.409088915267738 ], [ 6.230958353338366, 52.423499588127264 ], [ 6.20767967825782, 52.425516997199679 ], [ 6.208341761270615, 52.427815540798221 ], [ 6.206367389543336, 52.428230825767926 ], [ 6.196585734718968, 52.427110533756235 ], [ 6.193493447916876, 52.428324213615468 ], [ 6.192585674862067, 52.430963567892398 ], [ 6.190762262283471, 52.430755039743218 ], [ 6.191058066128249, 52.432689858380563 ], [ 6.177428105846241, 52.431149255780916 ], [ 6.157680763192412, 52.453541035371927 ], [ 6.15491484006282, 52.453183029911699 ], [ 6.147676425534036, 52.44444114452903 ], [ 6.140639578737847, 52.44456638300916 ], [ 6.13999130140815, 52.441909656351633 ], [ 6.137141138849583, 52.440758495558548 ], [ 6.120608242198, 52.442314260648182 ], [ 6.109580019242085, 52.440530732031569 ], [ 6.119472130430698, 52.432917921855825 ], [ 6.116385034760667, 52.430199434423876 ], [ 6.118244868994495, 52.426643846045174 ], [ 6.113871946042801, 52.419853260010342 ], [ 6.114741107367112, 52.414255607773221 ], [ 6.110774466522487, 52.407747242032485 ], [ 6.114939900994923, 52.406936448091301 ], [ 6.119064764688603, 52.402641878701871 ], [ 6.12757924192147, 52.399617308550546 ], [ 6.130552875196105, 52.399978159568576 ], [ 6.125208451206062, 52.392627172524762 ], [ 6.126005477584897, 52.384521073285633 ], [ 6.122916761901324, 52.380688264786812 ], [ 6.117494112791714, 52.378150015115594 ], [ 6.083724536817233, 52.372411047966764 ], [ 6.078749494646755, 52.369805877773771 ], [ 6.077437020805642, 52.365773939404882 ], [ 6.079093839671638, 52.362873064459244 ], [ 6.090314299861503, 52.360605400373458 ], [ 6.094857435703849, 52.356967987665634 ], [ 6.087240506081987, 52.353890003157915 ], [ 6.078009886303334, 52.352426435526453 ], [ 6.07607012151799, 52.350570298052425 ], [ 6.076764146943622, 52.338650764154011 ], [ 6.074046476685867, 52.33447893059698 ], [ 6.075632416596133, 52.333300165688492 ], [ 6.070705681127398, 52.321881903349265 ], [ 6.066086977699429, 52.320253079026578 ], [ 6.066525113442858, 52.317809115892111 ], [ 6.079821656466814, 52.317594419629025 ], [ 6.08099010682857, 52.31190248119762 ], [ 6.084780444752053, 52.311740863379491 ], [ 6.082927740805958, 52.307120156687738 ], [ 6.084126415441022, 52.301567452610584 ], [ 6.087933699978042, 52.30039058979694 ], [ 6.102615519964127, 52.301118767561292 ], [ 6.108538585708676, 52.297627143218101 ] ] ] } },
{ "type": "Feature", "properties": { "code": "0175", "gemeente": "Ommen", "provincie": "Overijssel" }, "geometry": { "type": "Polygon", "coordinates": [ [ [ 6.390315134827445, 52.428144522168871 ], [ 6.428777163941856, 52.438687454149942 ], [ 6.438351279965879, 52.443972092019941 ], [ 6.438235029008471, 52.448149528716854 ], [ 6.442515763571931, 52.450070683943835 ], [ 6.44439460843214, 52.454655411946376 ], [ 6.441767584484769, 52.455671454513407 ], [ 6.446155187013913, 52.457651623902052 ], [ 6.445025700337411, 52.460186155840297 ], [ 6.447152230938709, 52.461659875770842 ], [ 6.451402453779163, 52.461329771994109 ], [ 6.44745006766531, 52.465542761855836 ], [ 6.450651098967251, 52.466890173247613 ], [ 6.452566318429102, 52.464598335301382 ], [ 6.453102918980463, 52.466900190753449 ], [ 6.450690645868527, 52.468050824542885 ], [ 6.452529763923786, 52.471047951232372 ], [ 6.45414540958094, 52.471345268536687 ], [ 6.453287204645042, 52.469465327019861 ], [ 6.458622052497616, 52.469902703544257 ], [ 6.465451519969048, 52.475115466760109 ], [ 6.478405127732512, 52.47760450468742 ], [ 6.488575956407842, 52.476862211896531 ], [ 6.492504010370621, 52.479258638345932 ], [ 6.495789676364011, 52.479256197717518 ], [ 6.494808910493412, 52.481002090509556 ], [ 6.503773166264589, 52.481721685939377 ], [ 6.505468754155375, 52.490962618305403 ], [ 6.554463463008033, 52.48759329266322 ], [ 6.595170436963781, 52.480285872719314 ], [ 6.609643543464252, 52.492504830454756 ], [ 6.561282473435966, 52.512931159588092 ], [ 6.56019772544062, 52.515220470596695 ], [ 6.56480804537865, 52.514478118181145 ], [ 6.566838798985673, 52.516082452666836 ], [ 6.564405121076266, 52.518870927094333 ], [ 6.559048807041771, 52.519181562882807 ], [ 6.554882003620836, 52.515596223004501 ], [ 6.55667796480475, 52.513260494493906 ], [ 6.554057583335335, 52.512459665806823 ], [ 6.545671401371163, 52.516036176125787 ], [ 6.546593934498397, 52.51855829947943 ], [ 6.541322989978124, 52.518969764071308 ], [ 6.541771679058352, 52.526347907031031 ], [ 6.536054553576423, 52.528930303743856 ], [ 6.534115391785526, 52.528336359499079 ], [ 6.529659581061296, 52.546286051739763 ], [ 6.521826689106339, 52.560585678550822 ], [ 6.504938668536916, 52.575885379683413 ], [ 6.488355604054262, 52.56900098678485 ], [ 6.438071393805743, 52.569374513991598 ], [ 6.428281987139809, 52.571227018272701 ], [ 6.41501530689445, 52.570012284971888 ], [ 6.402644543359489, 52.591402819940939 ], [ 6.323412515383311, 52.592527170022002 ], [ 6.361581282777497, 52.524690451740419 ], [ 6.353266786819555, 52.522898608923576 ], [ 6.351351263528525, 52.523698165662722 ], [ 6.343203191255141, 52.519755305212215 ], [ 6.338718629897652, 52.521697518437954 ], [ 6.331515691361601, 52.522074781950856 ], [ 6.333701665582588, 52.515623455686658 ], [ 6.332180700799587, 52.512504295233974 ], [ 6.335436752625426, 52.510875022098219 ], [ 6.336801913106325, 52.507635010223673 ], [ 6.334582262896593, 52.507077746683336 ], [ 6.344049281086325, 52.481720199143091 ], [ 6.34261626580469, 52.456905407854286 ], [ 6.378494287849954, 52.456416828354506 ], [ 6.371061192414063, 52.449711194240024 ], [ 6.373154452839103, 52.446856856384741 ], [ 6.376209584054714, 52.447825287696119 ], [ 6.381105097376301, 52.440004586708824 ], [ 6.384150050373425, 52.439434686292799 ], [ 6.380555637073845, 52.429819050750524 ], [ 6.390315134827445, 52.428144522168871 ] ] ] } },
{ "type": "Feature", "properties": { "code": "1586", "gemeente": "Oost Gelre", "provincie": "Gelderland" }, "geometry": { "type": "Polygon", "coordinates": [ [ [ 6.541664476908015, 51.970902784663231 ], [ 6.559256238268385, 51.974368360149775 ], [ 6.569683623687435, 51.972157953761673 ], [ 6.57510420370463, 51.973224566582999 ], [ 6.591864870727627, 51.972160919453152 ], [ 6.592541150653197, 51.970841426855856 ], [ 6.628720854262372, 51.967281471310969 ], [ 6.638915780571569, 51.962547016482674 ], [ 6.637584791037052, 51.964950172750925 ], [ 6.642420280092848, 51.965744392971274 ], [ 6.646457718883625, 51.970419338044543 ], [ 6.65569063984784, 51.975470175491637 ], [ 6.654519137422939, 51.976249111695807 ], [ 6.657056089956901, 51.97755206485585 ], [ 6.655174707116923, 51.979274123814051 ], [ 6.652641263697536, 51.997542847651481 ], [ 6.658495390818687, 52.011498232982355 ], [ 6.65551180419352, 52.01389343686121 ], [ 6.661791356761642, 52.015559077229454 ], [ 6.677733493651639, 52.028375135070718 ], [ 6.683569367252931, 52.028202070199363 ], [ 6.687852923871714, 52.039856156266517 ], [ 6.687981180029929, 52.044365440787871 ], [ 6.661794454158819, 52.051603120520809 ], [ 6.663808132771853, 52.057705412917194 ], [ 6.65897069357444, 52.063041284819896 ], [ 6.651138247397601, 52.063599197959832 ], [ 6.646838918715495, 52.065410731517851 ], [ 6.643208532852993, 52.060204676926503 ], [ 6.63868389604587, 52.06059188890319 ], [ 6.636473333012158, 52.056646647809693 ], [ 6.631479527426672, 52.060498145185718 ], [ 6.63535466304473, 52.06081380862485 ], [ 6.636944782841092, 52.06432643499312 ], [ 6.623932363818042, 52.063591410941697 ], [ 6.6130857008335, 52.068040320007867 ], [ 6.606118702013785, 52.065117150809193 ], [ 6.60559228338293, 52.051826672314725 ], [ 6.596588124479119, 52.047248962599014 ], [ 6.596237948508645, 52.042819251131597 ], [ 6.590739951840266, 52.041572486544091 ], [ 6.590028355214997, 52.039053728765879 ], [ 6.571742203904806, 52.030439474120001 ], [ 6.538988898775255, 52.025197189950624 ], [ 6.517287730449653, 52.042414493090291 ], [ 6.514828323793768, 52.040493635944138 ], [ 6.508706909215145, 52.044266274320314 ], [ 6.499595783882578, 52.03582035884731 ], [ 6.494297253372998, 52.037851314392455 ], [ 6.487909221760688, 52.032306770979275 ], [ 6.486670426233194, 52.033933370596309 ], [ 6.483385549128187, 52.031347093109304 ], [ 6.480071335526087, 52.032948249112003 ], [ 6.464946973922936, 52.020600989703418 ], [ 6.462185207029447, 52.021700807500039 ], [ 6.45918682285459, 52.018722104087068 ], [ 6.462058007803558, 52.01691492542853 ], [ 6.460304521570881, 52.014564390535412 ], [ 6.465631765092143, 52.007695148605393 ], [ 6.460267575479873, 52.006171310774626 ], [ 6.467488197477506, 52.000756751215754 ], [ 6.459208233586688, 51.997752125884425 ], [ 6.460057679390543, 51.995150959229811 ], [ 6.475772866087977, 51.988136253525745 ], [ 6.466926811709062, 51.978621792623606 ], [ 6.494797974015966, 51.970591093160003 ], [ 6.524640759328573, 51.967800875408876 ], [ 6.5272694171613, 51.966023559495817 ], [ 6.541664476908015, 51.970902784663231 ] ] ] } },
{ "type": "Feature", "properties": { "code": "0826", "gemeente": "Oosterhout", "provincie": "Noord-Brabant" }, "geometry": { "type": "Polygon", "coordinates": [ [ [ 4.86918052643455, 51.578465604074687 ], [ 4.868039720040646, 51.581092871100921 ], [ 4.913785894819323, 51.598090474319235 ], [ 4.911635157741602, 51.600067175041751 ], [ 4.918498990478748, 51.601367433356131 ], [ 4.917442811848183, 51.608540741068836 ], [ 4.909899590299423, 51.618327111958408 ], [ 4.915554434860572, 51.622432862427665 ], [ 4.904279212357104, 51.624332576315112 ], [ 4.911822505219511, 51.62636495275882 ], [ 4.910035010154451, 51.629513648714358 ], [ 4.912862342736134, 51.63368315007245 ], [ 4.93278190862559, 51.650645240219667 ], [ 4.932428632091288, 51.655697312516885 ], [ 4.934398625789556, 51.657334795217167 ], [ 4.930942921158773, 51.667101640497854 ], [ 4.926775587518859, 51.669087422951677 ], [ 4.923311541625844, 51.673695025882623 ], [ 4.913780884414771, 51.675048922501297 ], [ 4.912827007457872, 51.676590020887502 ], [ 4.898767573159704, 51.674128560404093 ], [ 4.880500511927504, 51.674207921157119 ], [ 4.880228768079444, 51.671835465013949 ], [ 4.875787114235823, 51.674733314909012 ], [ 4.86265214007932, 51.6770667903941 ], [ 4.856580490091989, 51.680242677054679 ], [ 4.856621779760637, 51.681667864336283 ], [ 4.84339129218838, 51.686017456856511 ], [ 4.843012198878056, 51.679815210648883 ], [ 4.795909842273241, 51.669324423866648 ], [ 4.781071322458377, 51.663902123399616 ], [ 4.794305107496902, 51.64174057810223 ], [ 4.796632613141656, 51.640907546832125 ], [ 4.787505939681751, 51.637048016423698 ], [ 4.789328850711675, 51.635664841450172 ], [ 4.788155952966568, 51.634238819134019 ], [ 4.81864342425148, 51.631505648020912 ], [ 4.821866535346426, 51.627274319468796 ], [ 4.826036353699043, 51.626984421550041 ], [ 4.842683136686157, 51.616985865965702 ], [ 4.839078775605564, 51.608934196108578 ], [ 4.843551930459132, 51.603876152666203 ], [ 4.834072619728907, 51.597411674643261 ], [ 4.8420205755772, 51.596026950476002 ], [ 4.842621845981685, 51.585829345735341 ], [ 4.848968648061883, 51.581529214077428 ], [ 4.85454219851963, 51.579347725342039 ], [ 4.86918052643455, 51.578465604074687 ] ] ] } },
{ "type": "Feature", "properties": { "code": "0085", "gemeente": "Ooststellingwerf", "provincie": "Fryslân" }, "geometry": { "type": "Polygon", "coordinates": [ [ [ 6.110489023681344, 52.913298537173766 ], [ 6.139260870253641, 52.924021386956639 ], [ 6.144828307340473, 52.928146051003274 ], [ 6.200561238181646, 52.943013658492852 ], [ 6.202524720746987, 52.941499230382007 ], [ 6.200835867727684, 52.939033362020169 ], [ 6.209184443152053, 52.93369574482697 ], [ 6.213630101726523, 52.925794500290962 ], [ 6.24725869214307, 52.923347450092535 ], [ 6.256593066011717, 52.927641237363979 ], [ 6.30298525778355, 52.924972371172963 ], [ 6.33328054718519, 52.90635606961952 ], [ 6.393435773033795, 52.932843451792408 ], [ 6.427614711742994, 52.971815404518424 ], [ 6.362521374919914, 53.033969033575254 ], [ 6.367810522898912, 53.067359999887287 ], [ 6.332055351281468, 53.075279383160144 ], [ 6.281429763388359, 53.064186587992374 ], [ 6.280530793728467, 53.058210672998278 ], [ 6.222837280178925, 53.039186824379897 ], [ 6.215146185520399, 53.038268611820683 ], [ 6.212851699367624, 53.036235662865266 ], [ 6.20542364271993, 53.037930935680535 ], [ 6.200869787789358, 52.988492841619603 ], [ 6.157302230827439, 52.975332187659596 ], [ 6.144011800899758, 52.968377316241998 ], [ 6.127517274253425, 52.953199276218868 ], [ 6.112751436907849, 52.950219194607577 ], [ 6.092530632886176, 52.942093096242068 ], [ 6.084847699221392, 52.936274485206738 ], [ 6.110489023681344, 52.913298537173766 ] ] ] } },
{ "type": "Feature", "properties": { "code": "0431", "gemeente": "Oostzaan", "provincie": "Noord-Holland" }, "geometry": { "type": "Polygon", "coordinates": [ [ [ 4.877338623605427, 52.425968612519995 ], [ 4.898739715067999, 52.424461343892226 ], [ 4.899284887597411, 52.432774235851603 ], [ 4.894464133239375, 52.437064570375817 ], [ 4.896742186224095, 52.44015018095245 ], [ 4.89648922751328, 52.446184146893145 ], [ 4.893110237767427, 52.45634941479949 ], [ 4.906469643370061, 52.479826479160579 ], [ 4.895630965668149, 52.47822751224512 ], [ 4.890532452479831, 52.478959191209199 ], [ 4.882437861867489, 52.474801841958829 ], [ 4.862586697518164, 52.468497527230141 ], [ 4.852504939042498, 52.470367070419613 ], [ 4.84915345218338, 52.460677161510084 ], [ 4.842950948672653, 52.452260832085017 ], [ 4.853572085293405, 52.442274314552243 ], [ 4.86176338203701, 52.429683783114598 ], [ 4.870740970526199, 52.430394612416599 ], [ 4.877338623605427, 52.425968612519995 ] ] ] } },
{ "type": "Feature", "properties": { "code": "0432", "gemeente": "Opmeer", "provincie": "Noord-Holland" }, "geometry": { "type": "Polygon", "coordinates": [ [ [ 4.953579946346278, 52.672334539151656 ], [ 4.961765897527458, 52.673708905036321 ], [ 4.962094357419472, 52.675991821306908 ], [ 4.966320513283628, 52.677195328183387 ], [ 4.96641878189314, 52.678549988178652 ], [ 4.970622533275569, 52.679631361055101 ], [ 4.976759446614575, 52.677420043745833 ], [ 4.979204711183836, 52.679679167541131 ], [ 4.981157394743136, 52.69275971013829 ], [ 4.986064899884294, 52.69922224850071 ], [ 4.971888144623943, 52.712138156814468 ], [ 4.984523442095867, 52.716918073334369 ], [ 4.988271292785471, 52.713382270325766 ], [ 5.011163559286517, 52.722907376949372 ], [ 5.011047249953644, 52.726241490420691 ], [ 5.007422056940782, 52.724981890663692 ], [ 4.996386536019226, 52.738619640633445 ], [ 4.998401833094882, 52.740329081236652 ], [ 4.995215378900455, 52.743695659885191 ], [ 4.998403942685293, 52.744643099461157 ], [ 4.996143916574672, 52.747150788375222 ], [ 4.996860452874635, 52.752065335080808 ], [ 4.955821566352268, 52.753278603069738 ], [ 4.954342168654468, 52.755296337181463 ], [ 4.944386076497064, 52.753659006021699 ], [ 4.940327785356027, 52.750421350758522 ], [ 4.932907221304923, 52.748985486538118 ], [ 4.931250924345719, 52.741686511215995 ], [ 4.898669410116325, 52.706831945508505 ], [ 4.899860113803142, 52.697586600041504 ], [ 4.910928639051019, 52.699911791210724 ], [ 4.91591311518694, 52.699321815708814 ], [ 4.91811259547972, 52.696918645488893 ], [ 4.91731352794022, 52.692908622790085 ], [ 4.905618213470296, 52.686419099438538 ], [ 4.953579946346278, 52.672334539151656 ] ] ] } },
{ "type": "Feature", "properties": { "code": "0086", "gemeente": "Opsterland", "provincie": "Fryslân" }, "geometry": { "type": "Polygon", "coordinates": [ [ [ 6.026038154626259, 52.965106270983625 ], [ 6.044346939891513, 52.966236643078751 ], [ 6.055361709237818, 52.969250585962676 ], [ 6.069843708422124, 52.974233786249506 ], [ 6.084297149465752, 52.98317343615247 ], [ 6.094250504133214, 52.984963823280339 ], [ 6.099722059071635, 52.989499965866813 ], [ 6.096436830218477, 52.992896947842652 ], [ 6.107407563681587, 52.999406454257411 ], [ 6.129804483122464, 53.008756976605696 ], [ 6.1287789654078, 53.010384643016792 ], [ 6.131241446862419, 53.011901707794308 ], [ 6.175061009307777, 53.02045146455292 ], [ 6.19041801388579, 53.027769446944184 ], [ 6.200398629669085, 53.03679211693602 ], [ 6.205809695616259, 53.03798621229128 ], [ 6.212851699367624, 53.036235662865266 ], [ 6.215146185520399, 53.038268611820683 ], [ 6.22311394057467, 53.039268951023459 ], [ 6.280530793728467, 53.058210672998278 ], [ 6.281429763388359, 53.064186587992374 ], [ 6.332055351281468, 53.075279383160144 ], [ 6.305273763886712, 53.08118955304279 ], [ 6.31515745116863, 53.094052789153352 ], [ 6.290565603804635, 53.099829055332052 ], [ 6.283050307984068, 53.106863142511848 ], [ 6.273903627575543, 53.111252541070236 ], [ 6.262650821144715, 53.114123096870316 ], [ 6.236264285799783, 53.113386568181234 ], [ 6.205048277499195, 53.11548416037931 ], [ 6.185716697876912, 53.129213444945634 ], [ 6.163946461662483, 53.12076328877253 ], [ 6.144891970399478, 53.10857049936692 ], [ 6.124961621417822, 53.101211303073818 ], [ 6.104895473726771, 53.077743060621543 ], [ 6.088561228942432, 53.070785276149017 ], [ 6.0243990042007, 53.073360880986471 ], [ 6.019542709154005, 53.07705689279635 ], [ 6.017466756213232, 53.076104989425545 ], [ 5.998565282333275, 53.080953513827772 ], [ 5.987493209611986, 53.080761036372593 ], [ 5.982796822589989, 53.07730550553643 ], [ 5.930313350239201, 53.081017981784711 ], [ 5.927580511246296, 53.078394821380002 ], [ 5.933390214404761, 53.078111359737541 ], [ 5.932916642235695, 53.076044320705137 ], [ 5.93595175730046, 53.073815398693569 ], [ 5.932304593218476, 53.073229031918245 ], [ 5.930870134812452, 53.070413459672857 ], [ 5.937889284845118, 53.064998213458544 ], [ 5.941090387892992, 53.063900122318046 ], [ 5.944268328163711, 53.06525457557958 ], [ 5.947328237659431, 53.062480226510665 ], [ 5.942635036053914, 53.053486218402192 ], [ 5.957613252895267, 53.053617589485455 ], [ 5.953613764558844, 53.052070850802387 ], [ 5.952837393672358, 53.050044655594213 ], [ 5.944545475673231, 53.049111792001497 ], [ 5.943949421217702, 53.04439420697792 ], [ 5.937999301747041, 53.044264203391037 ], [ 5.940199344769606, 53.042180231448995 ], [ 5.953087584835855, 53.038349189677845 ], [ 5.952178632200821, 53.037207775781845 ], [ 5.977036664514754, 53.030128391970166 ], [ 5.984525015844427, 53.025538879366316 ], [ 5.977122739198793, 53.010165380893 ], [ 5.971941988260055, 53.009672704531873 ], [ 5.973963314854744, 53.003424777745401 ], [ 5.979669501353503, 52.997852228290448 ], [ 5.974648794256725, 52.994285242518465 ], [ 5.976750062209295, 52.992658741620382 ], [ 5.962653394122842, 52.981007280253579 ], [ 5.964892070636985, 52.979337022475924 ], [ 5.958105072700222, 52.972935428316909 ], [ 6.026038154626259, 52.965106270983625 ] ] ] } },
{ "type": "Feature", "properties": { "code": "0828", "gemeente": "Oss", "provincie": "Noord-Brabant" }, "geometry": { "type": "Polygon", "coordinates": [ [ [ 5.463187922436755, 51.725866279157756 ], [ 5.507364107081157, 51.737748760957778 ], [ 5.528945098017037, 51.740434906097796 ], [ 5.540502303683916, 51.739247645008682 ], [ 5.560326520426371, 51.732527393719636 ], [ 5.571219731522169, 51.730940321590992 ], [ 5.581150305105125, 51.731499105317106 ], [ 5.582280886586164, 51.733048979600305 ], [ 5.579917821076918, 51.732938946005568 ], [ 5.577477086175883, 51.735760905116329 ], [ 5.576270820169239, 51.744876877105298 ], [ 5.596605897729797, 51.747413297408912 ], [ 5.597324188560938, 51.750597792067374 ], [ 5.61504927915655, 51.756160115677019 ], [ 5.616458824024602, 51.755011372618227 ], [ 5.634550699692338, 51.757955593590907 ], [ 5.633773721330538, 51.760833018344833 ], [ 5.648640411139001, 51.764330107430965 ], [ 5.667279791961152, 51.75222162612809 ], [ 5.669964873955923, 51.762604425501699 ], [ 5.67367372573239, 51.7677041930069 ], [ 5.680139618344237, 51.761353356617292 ], [ 5.690858172101379, 51.759130695606082 ], [ 5.696035831776995, 51.761339726850679 ], [ 5.701047868394229, 51.768747145506268 ], [ 5.711229947517332, 51.775033866096244 ], [ 5.702309326229432, 51.778143607413448 ], [ 5.69569919658024, 51.786250806812831 ], [ 5.690128241994763, 51.789725890364259 ], [ 5.682894565113736, 51.79176676091835 ], [ 5.666959312462271, 51.793217058779703 ], [ 5.66020826268886, 51.796226124800029 ], [ 5.65174131520307, 51.803436279079918 ], [ 5.645887921500282, 51.814235439701548 ], [ 5.641007683347767, 51.818039212259769 ], [ 5.633764973160674, 51.819663588813441 ], [ 5.619261078307698, 51.819630270017583 ], [ 5.603339374481263, 51.8263750257629 ], [ 5.591748574952263, 51.829433889568527 ], [ 5.55697144116941, 51.827272416390556 ], [ 5.55187726987554, 51.824737311696296 ], [ 5.546737523222455, 51.818196394435901 ], [ 5.539479227237253, 51.816219616274005 ], [ 5.517734243903369, 51.819283923514497 ], [ 5.503255130072457, 51.828763908739745 ], [ 5.490203181712469, 51.830510861452133 ], [ 5.481839804046363, 51.827066384814302 ], [ 5.47693154455918, 51.817183043532857 ], [ 5.472762728195052, 51.813770581260975 ], [ 5.465507638488177, 51.811357784502796 ], [ 5.448104052859766, 51.809597423181181 ], [ 5.429255148311364, 51.811367441377371 ], [ 5.422007271608098, 51.814749453562484 ], [ 5.414760292041278, 51.821357839330183 ], [ 5.404607626636253, 51.822087856023444 ], [ 5.383490523044193, 51.804633700146638 ], [ 5.365912282451989, 51.785756230600278 ], [ 5.36110688440094, 51.774969178817571 ], [ 5.360317955891618, 51.761486373512021 ], [ 5.353514364268974, 51.755477254014252 ], [ 5.35590476865541, 51.751434987675516 ], [ 5.374033095679989, 51.753244644591256 ], [ 5.391262565871198, 51.760074177608075 ], [ 5.438816386140545, 51.765030281754996 ], [ 5.443646656682051, 51.750780685462459 ], [ 5.454208571353457, 51.73546828886429 ], [ 5.451929694926853, 51.734001335942374 ], [ 5.457844005709352, 51.729974696316781 ], [ 5.46007361194656, 51.730707595052017 ], [ 5.463187922436755, 51.725866279157756 ] ] ] } },
{ "type": "Feature", "properties": { "code": "1509", "gemeente": "Oude IJsselstreek", "provincie": "Gelderland" }, "geometry": { "type": "Polygon", "coordinates": [ [ [ 6.40181836239951, 51.827262657221162 ], [ 6.407491144939265, 51.828089474936363 ], [ 6.402957719166803, 51.83657619364255 ], [ 6.408141186903801, 51.835893677320968 ], [ 6.402377403750999, 51.844540993984424 ], [ 6.408953211136418, 51.853346160326844 ], [ 6.387983901680911, 51.861910379476079 ], [ 6.386854523235096, 51.864451188485262 ], [ 6.390566091934637, 51.873968069917765 ], [ 6.393083482891431, 51.873833351179236 ], [ 6.396745914964005, 51.870333889123224 ], [ 6.398371942281881, 51.870976653098033 ], [ 6.402474969853061, 51.869137357317271 ], [ 6.40662238157549, 51.870691208725411 ], [ 6.409266074366551, 51.869432390961371 ], [ 6.412253359796636, 51.871096418911662 ], [ 6.41833464971205, 51.867311095598239 ], [ 6.427360650904436, 51.865861764082005 ], [ 6.429436137091301, 51.860714535939081 ], [ 6.432362761267822, 51.859382931327644 ], [ 6.443673977525926, 51.862667123453868 ], [ 6.446672619663318, 51.865005557871385 ], [ 6.451172562025234, 51.865237784695445 ], [ 6.464383727888563, 51.855287292286292 ], [ 6.468402115724289, 51.864176273309674 ], [ 6.47128548814933, 51.864525989318246 ], [ 6.47183480186895, 51.868962554921751 ], [ 6.481168039387585, 51.874199020006948 ], [ 6.484251804737169, 51.878846556659198 ], [ 6.479023127704627, 51.888228459044733 ], [ 6.480415506029166, 51.893984451689214 ], [ 6.472348273079327, 51.907356475190298 ], [ 6.488668621838264, 51.912731711688679 ], [ 6.487100180056292, 51.914095632971453 ], [ 6.493275431926254, 51.918010005257997 ], [ 6.492538161165315, 51.926319929522471 ], [ 6.497089414375115, 51.929599587430054 ], [ 6.495579935706597, 51.930287602036536 ], [ 6.503127509145551, 51.93931313599942 ], [ 6.5007763912364, 51.939522324762876 ], [ 6.504780561707323, 51.945984326961707 ], [ 6.517457143804829, 51.947907229593838 ], [ 6.519832243031062, 51.95556266634896 ], [ 6.532828984862113, 51.962353483938287 ], [ 6.524640759328573, 51.967800875408876 ], [ 6.494797974015966, 51.970591093160003 ], [ 6.467850488339397, 51.97821891319974 ], [ 6.462594725143348, 51.976215345825992 ], [ 6.459789671433293, 51.973172569436386 ], [ 6.447501829662079, 51.96970832016018 ], [ 6.439350817891889, 51.972100746371481 ], [ 6.437037394620689, 51.970716682769151 ], [ 6.43480569979901, 51.972122619416929 ], [ 6.416081868337457, 51.972621921348946 ], [ 6.403562369624709, 51.957223969587133 ], [ 6.397583714313241, 51.95388881579543 ], [ 6.379963246706719, 51.93628149338371 ], [ 6.381221892000294, 51.933230612242902 ], [ 6.360765471883442, 51.922927295191272 ], [ 6.340156241788623, 51.925687619773541 ], [ 6.338348092816599, 51.924693737356471 ], [ 6.3368431968765, 51.926105111015886 ], [ 6.33303265816002, 51.92541256228948 ], [ 6.320944186678195, 51.935812698791402 ], [ 6.314607640453824, 51.936502465185171 ], [ 6.3086041577317, 51.939764001020599 ], [ 6.3057628065136, 51.938821022970416 ], [ 6.305936427825785, 51.93704240568406 ], [ 6.298714062983819, 51.939038047874277 ], [ 6.296034433512308, 51.935966041917567 ], [ 6.296074128675188, 51.932892194494336 ], [ 6.289680380601108, 51.926495809382502 ], [ 6.291053491426571, 51.922502314465333 ], [ 6.300227379963202, 51.91999299479226 ], [ 6.311527956481317, 51.920603874412016 ], [ 6.315671047846286, 51.918364324370884 ], [ 6.316142723368041, 51.912737170254807 ], [ 6.310875315212101, 51.910546026879175 ], [ 6.307963050972353, 51.911391710398853 ], [ 6.305957917350501, 51.907873674531984 ], [ 6.306996648735975, 51.904274506748315 ], [ 6.313320299355122, 51.898765980778194 ], [ 6.332279173672342, 51.893267786397189 ], [ 6.324228493165781, 51.888923589508337 ], [ 6.329266286439293, 51.881764998148455 ], [ 6.326420862727281, 51.879102759174231 ], [ 6.331632921988335, 51.874820753312562 ], [ 6.327203155859142, 51.873621119111867 ], [ 6.32925094745793, 51.871233498187763 ], [ 6.32249264866849, 51.868670433515625 ], [ 6.299112724405762, 51.868354340246889 ], [ 6.298222405553592, 51.865943345317092 ], [ 6.30050410344845, 51.864509466416493 ], [ 6.306203003566067, 51.849078204412415 ], [ 6.320426801742905, 51.851681373228494 ], [ 6.34720699774611, 51.850681119525426 ], [ 6.360257501257783, 51.845799074655226 ], [ 6.364041991411835, 51.838549151153529 ], [ 6.36333056418243, 51.835155879363683 ], [ 6.368722920863172, 51.833257392729514 ], [ 6.373704742633573, 51.834759435664438 ], [ 6.38222423581156, 51.834781778354781 ], [ 6.389543744437956, 51.833295149219325 ], [ 6.40181836239951, 51.827262657221162 ] ] ] } },
{ "type": "Feature", "properties": { "code": "0437", "gemeente": "Ouder-Amstel", "provincie": "Noord-Holland" }, "geometry": { "type": "Polygon", "coordinates": [ [ [ 4.902585342930251, 52.253112957761608 ], [ 4.911026920907895, 52.25270989335241 ], [ 4.917600691409394, 52.257076597960541 ], [ 4.918117899014303, 52.261695444287831 ], [ 4.923256631664201, 52.263090387019446 ], [ 4.924747907497442, 52.267000601377532 ], [ 4.929390511641723, 52.268353335776141 ], [ 4.926651427002959, 52.272444795383144 ], [ 4.926444448563407, 52.279779618901166 ], [ 4.933755077733133, 52.280895771497484 ], [ 4.942691520745648, 52.278183964072582 ], [ 4.955240526213262, 52.278304905818857 ], [ 4.929328207491712, 52.308532112405402 ], [ 4.938723884613718, 52.31509106966466 ], [ 4.941042847466019, 52.319619792840108 ], [ 4.937961030146477, 52.324122357278284 ], [ 4.944716191649917, 52.327129719327097 ], [ 4.942693555877656, 52.329334268730172 ], [ 4.94890082437444, 52.331462912892817 ], [ 4.946005996354624, 52.333767606536682 ], [ 4.950322651706352, 52.33863825168595 ], [ 4.936511667850848, 52.334591991841698 ], [ 4.928493322509842, 52.336554819082664 ], [ 4.923765285074267, 52.335442677780556 ], [ 4.922550464709047, 52.333084199262771 ], [ 4.912931720275803, 52.330510418161445 ], [ 4.913881307114028, 52.324551540039181 ], [ 4.910334169781093, 52.323566328228516 ], [ 4.914281498927411, 52.320407982318223 ], [ 4.912375607129473, 52.318248014776238 ], [ 4.909135283442597, 52.318253201299441 ], [ 4.905450402437822, 52.316095768412325 ], [ 4.905255207331188, 52.310684286465637 ], [ 4.907811925795012, 52.307002931188585 ], [ 4.898629040957964, 52.300078218219362 ], [ 4.90115540259534, 52.296247397388719 ], [ 4.891248594072452, 52.29429777787891 ], [ 4.890913311007323, 52.291494013279589 ], [ 4.88703282788582, 52.289574377102376 ], [ 4.889731415134206, 52.287484615071307 ], [ 4.885759630504657, 52.286489185968215 ], [ 4.878909654004846, 52.279240238559794 ], [ 4.881629633790406, 52.274462860024784 ], [ 4.879470152802597, 52.267075612613446 ], [ 4.88246032400433, 52.264275645601174 ], [ 4.879080322284828, 52.261712552541631 ], [ 4.873273507344418, 52.26059985469292 ], [ 4.870121267480267, 52.253282159263264 ], [ 4.871880012624709, 52.251506752794761 ], [ 4.873852939416464, 52.250742638084603 ], [ 4.882911023310847, 52.253714506598449 ], [ 4.886791961701423, 52.250923095618248 ], [ 4.891410327989114, 52.253306150698414 ], [ 4.898681424007593, 52.250932217282752 ], [ 4.902585342930251, 52.253112957761608 ] ] ] } },
{ "type": "Feature", "properties": { "code": "0589", "gemeente": "Oudewater", "provincie": "Utrecht" }, "geometry": { "type": "Polygon", "coordinates": [ [ [ 4.835217849338427, 51.986143024415163 ], [ 4.908844918069946, 52.01082631432606 ], [ 4.920044826786847, 52.010014005462928 ], [ 4.904974606756705, 52.026477532328471 ], [ 4.92005917027532, 52.025557854826509 ], [ 4.92661248606819, 52.02907580603619 ], [ 4.911398028349608, 52.040181629130601 ], [ 4.917117798827547, 52.043790860680573 ], [ 4.906504665958759, 52.053475645524173 ], [ 4.896025897324926, 52.050687716795231 ], [ 4.895411340235808, 52.048233929022601 ], [ 4.875506489975021, 52.061579791131635 ], [ 4.871457911862968, 52.059224607237773 ], [ 4.868225039947181, 52.06344633667662 ], [ 4.856305077580934, 52.059151791239863 ], [ 4.847967523464454, 52.058136337698983 ], [ 4.82949028481811, 52.049813404186473 ], [ 4.81719293133492, 52.03693110064961 ], [ 4.811822229184219, 52.033824515010743 ], [ 4.806704371254224, 52.033167305512599 ], [ 4.809933420735339, 52.026764521088808 ], [ 4.798700209167565, 52.02227173199298 ], [ 4.803523203944248, 52.013956163380179 ], [ 4.815616229142362, 52.013980730416982 ], [ 4.824994257994715, 52.017236612844123 ], [ 4.840178055219424, 52.016706946648462 ], [ 4.846895778821445, 52.018181712106291 ], [ 4.857126557559719, 52.00595951190742 ], [ 4.817805906659164, 51.99976689296944 ], [ 4.835217849338427, 51.986143024415163 ] ] ] } },
{ "type": "Feature", "properties": { "code": "1734", "gemeente": "Overbetuwe", "provincie": "Gelderland" }, "geometry": { "type": "Polygon", "coordinates": [ [ [ 5.720497949159848, 51.888786909785907 ], [ 5.769878682697151, 51.879194858530127 ], [ 5.800484857809343, 51.87535585918463 ], [ 5.817074833245989, 51.870265386996103 ], [ 5.824079025904238, 51.872970408665878 ], [ 5.831611239352164, 51.872231996948543 ], [ 5.835153814706782, 51.877619010157325 ], [ 5.832813417221361, 51.878435076453442 ], [ 5.837788359200376, 51.883434006885416 ], [ 5.835495806467069, 51.88897984904451 ], [ 5.830198426056977, 51.891725596377974 ], [ 5.830241263776172, 51.893856817765773 ], [ 5.856435560685892, 51.894552130202221 ], [ 5.856874247481161, 51.897011735620154 ], [ 5.87473847869769, 51.897570667177746 ], [ 5.875420845544744, 51.902083558368737 ], [ 5.872142372215313, 51.902004928383661 ], [ 5.873664429734851, 51.908451870485237 ], [ 5.891199335093137, 51.907263505174463 ], [ 5.894562151769285, 51.915058098403343 ], [ 5.893057732683749, 51.916185781966796 ], [ 5.896996833743097, 51.920809665974453 ], [ 5.889521958783203, 51.925265070327619 ], [ 5.89803437788501, 51.934326330406122 ], [ 5.868500282628874, 51.942184478682741 ], [ 5.829927593785896, 51.945236941276953 ], [ 5.828770599743752, 51.950040119229719 ], [ 5.831344524301852, 51.958535740015414 ], [ 5.829339468016688, 51.960848073755798 ], [ 5.835181204651153, 51.96416856830335 ], [ 5.835342642655857, 51.973558730674846 ], [ 5.817917595609447, 51.971771536827347 ], [ 5.782350765124576, 51.959153651631965 ], [ 5.772150894516238, 51.960163166969174 ], [ 5.743186840255875, 51.970234567302185 ], [ 5.730773328445316, 51.967968717888972 ], [ 5.723608078514396, 51.964224618292825 ], [ 5.679827025783238, 51.958671337598027 ], [ 5.654801294472322, 51.946544486403262 ], [ 5.650452146417725, 51.947470762482673 ], [ 5.646325533511291, 51.941084527637635 ], [ 5.653183345701993, 51.943026379392627 ], [ 5.654345302852699, 51.94141127547303 ], [ 5.661144287480651, 51.943607344811106 ], [ 5.663137943485937, 51.940711756204657 ], [ 5.665722679584369, 51.941404962868042 ], [ 5.667758571678296, 51.9388918070836 ], [ 5.659618771123023, 51.937081920843617 ], [ 5.660350945221727, 51.929612229281595 ], [ 5.670931643212249, 51.930545292838204 ], [ 5.68877181223064, 51.935140336081567 ], [ 5.693030692743505, 51.934647537093525 ], [ 5.696322305148775, 51.931251128141518 ], [ 5.689810572403106, 51.932492430217145 ], [ 5.684454045891914, 51.929800064004027 ], [ 5.678434802383857, 51.929104624980845 ], [ 5.675810022255604, 51.9261531913182 ], [ 5.677630644922256, 51.924287633047072 ], [ 5.676009267415748, 51.921114969029965 ], [ 5.681211004587825, 51.918319699390366 ], [ 5.696277618943378, 51.920852241946335 ], [ 5.692195462117557, 51.918395100964794 ], [ 5.69979001586286, 51.914253526993505 ], [ 5.70593792920371, 51.908223179440135 ], [ 5.705317717378454, 51.904036067159467 ], [ 5.708142744449628, 51.901249107500767 ], [ 5.706357918587093, 51.897988779576529 ], [ 5.711002608983827, 51.89677392719431 ], [ 5.706659394637835, 51.893291570373243 ], [ 5.720497949159848, 51.888786909785907 ] ] ] } },
{ "type": "Feature", "properties": { "code": "0590", "gemeente": "Papendrecht", "provincie": "Zuid-Holland" }, "geometry": { "type": "Polygon", "coordinates": [ [ [ 4.683180439999748, 51.820632956506863 ], [ 4.709097301672489, 51.823358281515709 ], [ 4.729638672316223, 51.822168742985923 ], [ 4.743394625810132, 51.842719745741064 ], [ 4.738653837288804, 51.843573520299365 ], [ 4.737263919441082, 51.846463763741113 ], [ 4.715332661269241, 51.841343571765186 ], [ 4.706696906370185, 51.841071106372873 ], [ 4.68182675201461, 51.849093267546941 ], [ 4.680397525409619, 51.844439430082595 ], [ 4.672606188829503, 51.838650332565805 ], [ 4.669672291300095, 51.831374146425041 ], [ 4.671729455043987, 51.820791311547595 ], [ 4.683180439999748, 51.820632956506863 ] ] ] } },
{ "type": "Feature", "properties": { "code": "1894", "gemeente": "Peel en Maas", "provincie": "Limburg" }, "geometry": { "type": "Polygon", "coordinates": [ [ [ 6.009596717294254, 51.266122511705881 ], [ 6.025590617346168, 51.266582543825052 ], [ 6.028197740804068, 51.268056324903306 ], [ 6.030536361339155, 51.274026946210213 ], [ 6.046415434754344, 51.28560217878811 ], [ 6.058425204174502, 51.290246616039759 ], [ 6.066818805050097, 51.28888141041115 ], [ 6.07089088135677, 51.293676882288118 ], [ 6.089138731960763, 51.299240060228165 ], [ 6.103552020953264, 51.309267429540881 ], [ 6.116232739442525, 51.323205647546409 ], [ 6.118200317354249, 51.329925023907059 ], [ 6.116620179354112, 51.339005231862927 ], [ 6.123253954984557, 51.34337006213643 ], [ 6.122641736606602, 51.344680405767235 ], [ 6.119905134152621, 51.346687297067788 ], [ 6.118773030596278, 51.345931379682469 ], [ 6.107100169189136, 51.356002850818435 ], [ 6.099655106614504, 51.357096718419207 ], [ 6.091067328553389, 51.371594867508954 ], [ 6.087591301544355, 51.370335341880853 ], [ 6.077587398800671, 51.378172836812816 ], [ 6.090459116872541, 51.385911251352148 ], [ 6.090373909378632, 51.389110102759346 ], [ 6.083728024674754, 51.39257063654906 ], [ 6.081498006917072, 51.392146287281889 ], [ 6.077303445667018, 51.3943930601136 ], [ 6.074430378295534, 51.393821950924924 ], [ 6.073126190748413, 51.395729246868669 ], [ 6.018765893970913, 51.382256645247679 ], [ 5.989833179713651, 51.378221123276049 ], [ 5.957896712390952, 51.378049893419217 ], [ 5.947327361938276, 51.383134017981078 ], [ 5.931287518044248, 51.384752680049587 ], [ 5.874543145272783, 51.353312728936913 ], [ 5.8401936900259, 51.34687706722022 ], [ 5.832075657170075, 51.338046517724941 ], [ 5.852141732922561, 51.320702317962649 ], [ 5.883999270038392, 51.315556955189081 ], [ 5.910653644621111, 51.307709386193075 ], [ 5.907566862254355, 51.313240953361351 ], [ 5.954705690676756, 51.300280244465377 ], [ 6.00825540515141, 51.277542506809553 ], [ 6.011014626472237, 51.271552645988123 ], [ 6.009596717294254, 51.266122511705881 ] ] ] } },
{ "type": "Feature", "properties": { "code": "0765", "gemeente": "Pekela", "provincie": "Groningen" }, "geometry": { "type": "Polygon", "coordinates": [ [ [ 6.9558609041835, 53.013939820675894 ], [ 6.987828463027081, 53.049076395625157 ], [ 6.990557737347856, 53.054986755789727 ], [ 6.993825945017236, 53.055630009799387 ], [ 7.010133389536433, 53.073701703690922 ], [ 7.013333025504304, 53.069440515556614 ], [ 7.042632706399244, 53.101686568591582 ], [ 7.029852642991361, 53.108347090078809 ], [ 7.025904469557567, 53.112455571191546 ], [ 7.029754352796623, 53.115097087185617 ], [ 7.02802722470318, 53.11611213326595 ], [ 6.98736160140056, 53.115773035920391 ], [ 6.982535282467598, 53.119123267535358 ], [ 6.979749052599731, 53.119196211874218 ], [ 6.967389874461903, 53.111357253842783 ], [ 6.96173526240225, 53.110021301826571 ], [ 6.960567654331007, 53.095758503394606 ], [ 6.956891063510462, 53.094710852006443 ], [ 6.944467050832603, 53.081491639651901 ], [ 6.929195608023243, 53.072913465808007 ], [ 6.924440498962232, 53.057777460923305 ], [ 6.933004302437524, 53.053806468271759 ], [ 6.933343547493363, 53.04961279894367 ], [ 6.919904953880066, 53.049312173555052 ], [ 6.920775947090829, 53.045281370351589 ], [ 6.905497738497489, 53.043838095562037 ], [ 6.910618794721611, 53.035713882458701 ], [ 6.93453082981247, 53.020364154452949 ], [ 6.9558609041835, 53.013939820675894 ] ] ] } },
{ "type": "Feature", "properties": { "code": "1926", "gemeente": "Pijnacker-Nootdorp", "provincie": "Zuid-Holland" }, "geometry": { "type": "Polygon", "coordinates": [ [ [ 4.407840553399905, 51.968293556701781 ], [ 4.427516756985749, 51.976209575970501 ], [ 4.424446296638703, 51.979611026294528 ], [ 4.447247920493214, 51.992409059690438 ], [ 4.452877646547138, 51.997270537927527 ], [ 4.44977590443053, 52.000502771849021 ], [ 4.458717155870761, 52.002196438282191 ], [ 4.458899980716562, 52.004644358587072 ], [ 4.455388952658153, 52.006797998318596 ], [ 4.461561681451192, 52.012651418669634 ], [ 4.458546830603496, 52.015621500642489 ], [ 4.457146446328355, 52.022090792961222 ], [ 4.467323687684649, 52.025408068119056 ], [ 4.476790254587382, 52.031684551134781 ], [ 4.470743679216673, 52.040477714078541 ], [ 4.457643806888488, 52.038618663553052 ], [ 4.450564138426663, 52.049210211336316 ], [ 4.401624777604684, 52.053536420106049 ], [ 4.398549538616934, 52.051217874274336 ], [ 4.394444998529276, 52.05405390472135 ], [ 4.372645571876681, 52.040919742469754 ], [ 4.379858197168308, 52.035952287677944 ], [ 4.387436173518875, 52.03864691917515 ], [ 4.393928427691891, 52.033053919203503 ], [ 4.379735288795736, 52.026732686386566 ], [ 4.386244900227005, 52.023308196006077 ], [ 4.394515941100966, 52.01125565064951 ], [ 4.38834552312488, 52.009447645459908 ], [ 4.38865568386664, 52.005493546292087 ], [ 4.385915733105947, 52.004835258620702 ], [ 4.397030128722077, 51.978974025909984 ], [ 4.401152328848098, 51.978346006748652 ], [ 4.407840553399905, 51.968293556701781 ] ] ] } },
{ "type": "Feature", "properties": { "code": "0439", "gemeente": "Purmerend", "provincie": "Noord-Holland" }, "geometry": { "type": "Polygon", "coordinates": [ [ [ 4.957994801699238, 52.47122728962632 ], [ 4.974247415787383, 52.470434894512429 ], [ 5.024700058613367, 52.522402730424943 ], [ 5.008968083054327, 52.527706091598802 ], [ 5.001030815052461, 52.526888904054012 ], [ 4.992270068959936, 52.519733477609535 ], [ 4.9674226779234, 52.527325723750636 ], [ 4.956998750816717, 52.529110360652517 ], [ 4.961952001850857, 52.536348142207544 ], [ 4.976455563565084, 52.546618732931826 ], [ 4.976519961537788, 52.561171596590327 ], [ 4.997168098168435, 52.575121497827105 ], [ 4.991894514160738, 52.582234364565664 ], [ 4.979921980660818, 52.586989530946276 ], [ 4.954754237228153, 52.58021130934145 ], [ 4.94884090643862, 52.598785536793663 ], [ 4.959320725098077, 52.604710350098436 ], [ 4.955292438172132, 52.612285161859717 ], [ 4.950721306207095, 52.614106436970907 ], [ 4.934613101848727, 52.606211081414095 ], [ 4.928947567381318, 52.605165448729309 ], [ 4.925337224052605, 52.607517100796898 ], [ 4.915552514524624, 52.608668423010791 ], [ 4.898774092195358, 52.601599513163386 ], [ 4.890010471093692, 52.594188266725574 ], [ 4.886444671116656, 52.586267691234504 ], [ 4.880215985669688, 52.580308945775258 ], [ 4.8656719523763, 52.573750182686275 ], [ 4.861341488967491, 52.562277355292984 ], [ 4.851828284445875, 52.554831638411379 ], [ 4.842319019589826, 52.543527022781646 ], [ 4.833910386347743, 52.538960353120999 ], [ 4.837564521922507, 52.530545256655024 ], [ 4.847956530332714, 52.5253052605905 ], [ 4.859381783803844, 52.525034085755181 ], [ 4.874911492215314, 52.520013948549355 ], [ 4.909367271665834, 52.51703941326015 ], [ 4.92260096213132, 52.511412194228974 ], [ 4.934352057345138, 52.511640610465577 ], [ 4.934724216099653, 52.510279599977636 ], [ 4.925116266620265, 52.505530376637076 ], [ 4.92620946116736, 52.500179030332973 ], [ 4.923788248219092, 52.493159895888603 ], [ 4.920650893753127, 52.490434481069656 ], [ 4.941478038831113, 52.485390861672762 ], [ 4.943457185249513, 52.487733018192422 ], [ 4.948942126315586, 52.486580230200552 ], [ 4.948316323227746, 52.484004832510855 ], [ 4.953997732870184, 52.482938691859488 ], [ 4.953617341194524, 52.475694027731578 ], [ 4.957994801699238, 52.47122728962632 ] ] ] } },
{ "type": "Feature", "properties": { "code": "0273", "gemeente": "Putten", "provincie": "Gelderland" }, "geometry": { "type": "Polygon", "coordinates": [ [ [ 5.549917345963503, 52.202336244059786 ], [ 5.605797190562242, 52.204839819473747 ], [ 5.633138631920826, 52.208123728336858 ], [ 5.665518662579046, 52.222704486585052 ], [ 5.681270072523501, 52.225339471213665 ], [ 5.683642097393023, 52.240616866571372 ], [ 5.673725183626836, 52.252532477236336 ], [ 5.661798052608781, 52.257786179462869 ], [ 5.640862799816596, 52.271241390523983 ], [ 5.62072421926941, 52.275655191110332 ], [ 5.612223228236235, 52.275322187016371 ], [ 5.610654341777733, 52.277262999303773 ], [ 5.602999369544601, 52.278393442368831 ], [ 5.587535894746651, 52.278812390196656 ], [ 5.566894477496265, 52.285116045244884 ], [ 5.555273719183417, 52.286700490662696 ], [ 5.552006635978033, 52.290355577748578 ], [ 5.545167878046404, 52.293302748727982 ], [ 5.533281106269473, 52.272740841617271 ], [ 5.476849118599407, 52.2623998093651 ], [ 5.478625145143419, 52.257445711379077 ], [ 5.47419202196533, 52.256469928020103 ], [ 5.483595065403892, 52.239380999225439 ], [ 5.487639379271159, 52.236723121535618 ], [ 5.49737995096322, 52.236387195484788 ], [ 5.49938221169754, 52.233884054858166 ], [ 5.506443029028184, 52.231593423093727 ], [ 5.510333317480364, 52.232838004094091 ], [ 5.510246939842878, 52.235330162724573 ], [ 5.512974439013566, 52.235731935167223 ], [ 5.515587684874524, 52.234095486366222 ], [ 5.514878605806444, 52.231141745615666 ], [ 5.519397153564088, 52.230620984147542 ], [ 5.526941413952427, 52.223043630895255 ], [ 5.534592311478295, 52.219296376353213 ], [ 5.549917345963503, 52.202336244059786 ] ] ] } },
{ "type": "Feature", "properties": { "code": "0177", "gemeente": "Raalte", "provincie": "Overijssel" }, "geometry": { "type": "Polygon", "coordinates": [ [ [ 6.267238566938452, 52.300804681092053 ], [ 6.326529856817025, 52.301631542819827 ], [ 6.356015674558988, 52.318218788624648 ], [ 6.342387951736288, 52.333169271052768 ], [ 6.333501868162204, 52.351398340977994 ], [ 6.343082142164675, 52.370031994615545 ], [ 6.356964695190367, 52.376983680540448 ], [ 6.382474661079571, 52.380649322938893 ], [ 6.388409652380831, 52.379782422836762 ], [ 6.405169504054467, 52.415541605812379 ], [ 6.390315134827445, 52.428144522168871 ], [ 6.380572746334368, 52.429816147934467 ], [ 6.380398645488728, 52.427799179378148 ], [ 6.356254404263222, 52.429104368544692 ], [ 6.355662725321306, 52.425941585497803 ], [ 6.350234954525647, 52.426469182036151 ], [ 6.349400259638309, 52.424851650847415 ], [ 6.337109560128917, 52.42772257401608 ], [ 6.334419394814427, 52.424440676816431 ], [ 6.3188556060675, 52.432087029448248 ], [ 6.314438209790336, 52.433028181027638 ], [ 6.302262864650102, 52.431443623327354 ], [ 6.301834106408752, 52.435228489723848 ], [ 6.29182524751033, 52.434721417707756 ], [ 6.289947949896603, 52.446444749661694 ], [ 6.278627346928046, 52.447351833016221 ], [ 6.278241277051007, 52.457042658312382 ], [ 6.25357460462797, 52.463085887158016 ], [ 6.236257228801873, 52.465616810379515 ], [ 6.213531197517254, 52.464639433530216 ], [ 6.202577344878226, 52.468728105329909 ], [ 6.186673230250744, 52.468417639392939 ], [ 6.178021898272651, 52.470635644754026 ], [ 6.17448511602753, 52.468401241957302 ], [ 6.171294715780073, 52.468738607555508 ], [ 6.162495460565035, 52.474388357928298 ], [ 6.144145749482267, 52.467664733222627 ], [ 6.152515900261274, 52.461134512128567 ], [ 6.15491484006282, 52.453183029911699 ], [ 6.157680763192412, 52.453541035371927 ], [ 6.177428105846241, 52.431149255780916 ], [ 6.191058066128249, 52.432689858380563 ], [ 6.190762262283471, 52.430755039743218 ], [ 6.192585674862067, 52.430963567892398 ], [ 6.193493447916876, 52.428324213615468 ], [ 6.196585734718968, 52.427110533756235 ], [ 6.206367389543336, 52.428230825767926 ], [ 6.208341761270615, 52.427815540798221 ], [ 6.20767967825782, 52.425516997199679 ], [ 6.230958353338366, 52.423499588127264 ], [ 6.221578544957142, 52.409088915267738 ], [ 6.231232948311042, 52.397879507310009 ], [ 6.232120027770508, 52.393312928119883 ], [ 6.229883703057799, 52.389843528771216 ], [ 6.218446416144292, 52.385270436858399 ], [ 6.203987665871529, 52.3868991162066 ], [ 6.20235457152037, 52.385180025502514 ], [ 6.207813683941353, 52.383274877934966 ], [ 6.201606781114853, 52.383507736038389 ], [ 6.201020374768072, 52.380304215332949 ], [ 6.198685258535039, 52.380429371520535 ], [ 6.203683132996225, 52.378286802912768 ], [ 6.203306031467324, 52.376266008799732 ], [ 6.199944293824386, 52.374809824990059 ], [ 6.201337162601294, 52.371394776184268 ], [ 6.189455840168783, 52.375745887719901 ], [ 6.188786414223271, 52.364477176496294 ], [ 6.196213035578185, 52.358613371175629 ], [ 6.196858915542558, 52.352111645081749 ], [ 6.222961222612377, 52.347236708631584 ], [ 6.235665254499513, 52.33990235327984 ], [ 6.231878433775809, 52.335612846052122 ], [ 6.232482698918147, 52.329607055702866 ], [ 6.235842527108258, 52.328389188047936 ], [ 6.235133403873123, 52.314455166388591 ], [ 6.267238566938452, 52.300804681092053 ] ] ] } },
{ "type": "Feature", "properties": { "code": "0703", "gemeente": "Reimerswaal", "provincie": "Zeeland" }, "geometry": { "type": "Polygon", "coordinates": [ [ [ 4.14102439633411, 51.370435392047021 ], [ 4.194416836177459, 51.386292274225347 ], [ 4.207331929457952, 51.387178110903292 ], [ 4.220937980965587, 51.361459120010736 ], [ 4.236805273307347, 51.3497554522991 ], [ 4.24204892382524, 51.353967092648652 ], [ 4.226746039184037, 51.359758642616605 ], [ 4.22206623957965, 51.364510270800082 ], [ 4.217576809578253, 51.373885133008116 ], [ 4.277424578490672, 51.376035243616208 ], [ 4.273697688269005, 51.38314988996936 ], [ 4.268382050379595, 51.383545891686367 ], [ 4.266349022617672, 51.386540635533493 ], [ 4.268633596742744, 51.388126453021393 ], [ 4.269061035958709, 51.400347393164616 ], [ 4.263732257681852, 51.41644911095473 ], [ 4.266446871636733, 51.419979485261265 ], [ 4.275851638757751, 51.425049412549576 ], [ 4.230327770753819, 51.488904258354509 ], [ 4.133908477156595, 51.479555290902667 ], [ 4.112181702374554, 51.506217042975436 ], [ 4.060389801238755, 51.50963225120622 ], [ 4.067524995569337, 51.526471658084247 ], [ 4.057066987997744, 51.529827167021814 ], [ 4.053472589770743, 51.529283150620977 ], [ 4.047784277560729, 51.531596185782668 ], [ 4.013079901665667, 51.538244250681203 ], [ 4.013667790524646, 51.517451000973139 ], [ 4.017388121284545, 51.512450458880878 ], [ 4.013592812690753, 51.507588183327691 ], [ 4.004731184942257, 51.504843294609621 ], [ 4.007322826793154, 51.458634205333325 ], [ 3.998865510108752, 51.456273138031001 ], [ 3.991450681341678, 51.449803088136605 ], [ 3.985312600900717, 51.452927535403518 ], [ 3.967712440263841, 51.4563216496948 ], [ 3.949576173685136, 51.454016207491065 ], [ 3.942158857399125, 51.451523743827394 ], [ 3.935374359397245, 51.446987559834184 ], [ 3.963208555677076, 51.422010107664448 ], [ 4.01977828479802, 51.420166903805075 ], [ 4.048075331088548, 51.389895378919725 ], [ 4.114947509852526, 51.39100475948517 ], [ 4.102550644044518, 51.366861968509198 ], [ 4.14102439633411, 51.370435392047021 ] ] ] } },
{ "type": "Feature", "properties": { "code": "0274", "gemeente": "Renkum", "provincie": "Gelderland" }, "geometry": { "type": "Polygon", "coordinates": [ [ [ 5.744892209975647, 51.970221652117843 ], [ 5.777610552424894, 51.959126661614448 ], [ 5.784952825421288, 51.959607620127244 ], [ 5.816002396463643, 51.971194990199024 ], [ 5.825429852220275, 51.973231313368309 ], [ 5.839055996486864, 51.973279121366787 ], [ 5.856437241347583, 51.969564481404561 ], [ 5.864651830819629, 51.970658078503746 ], [ 5.870860248644236, 51.975112996101629 ], [ 5.865899827098448, 51.975685707950639 ], [ 5.863736866702227, 51.977964671934558 ], [ 5.867369741543063, 51.980289964794842 ], [ 5.866237074077812, 51.98411235016971 ], [ 5.863153794946774, 51.985290553163281 ], [ 5.863739547373941, 51.995890028720979 ], [ 5.826275861230117, 51.999555676560988 ], [ 5.802960561108616, 52.004054095036999 ], [ 5.808338237739769, 52.018759938586648 ], [ 5.813373615867485, 52.024070586737984 ], [ 5.802432778882928, 52.022357854099695 ], [ 5.803630855816106, 52.020681936498626 ], [ 5.798138072648332, 52.02201542486231 ], [ 5.783842865716024, 52.021977862269921 ], [ 5.74513738213472, 52.019768655938357 ], [ 5.738181810452054, 52.012287483744771 ], [ 5.738813731296925, 52.008141969663335 ], [ 5.734137018080951, 52.006418569558356 ], [ 5.735883494037138, 52.002320127427581 ], [ 5.732776309804398, 52.000740036838998 ], [ 5.724362613946334, 52.000708334080819 ], [ 5.716639253876908, 51.98143670848048 ], [ 5.721319726097447, 51.980472150217871 ], [ 5.713690755451128, 51.967968875204363 ], [ 5.720274820606482, 51.967178663942541 ], [ 5.722605560550903, 51.964050773840789 ], [ 5.730773328445316, 51.967968717888972 ], [ 5.744892209975647, 51.970221652117843 ] ] ] } },
{ "type": "Feature", "properties": { "code": "0339", "gemeente": "Renswoude", "provincie": "Utrecht" }, "geometry": { "type": "Polygon", "coordinates": [ [ [ 5.531694803106925, 52.039805308667447 ], [ 5.540729494743048, 52.04266961637483 ], [ 5.544639543935633, 52.049373310544702 ], [ 5.557874864870318, 52.048640803609977 ], [ 5.558649152237347, 52.050006246420395 ], [ 5.560781776435896, 52.068589887799291 ], [ 5.559210561158196, 52.071033705282709 ], [ 5.562619142742195, 52.079185773769176 ], [ 5.560777798995042, 52.084394078783646 ], [ 5.556687261324133, 52.085482766627379 ], [ 5.557111819392499, 52.086850710593851 ], [ 5.554905152628661, 52.08655033061806 ], [ 5.554429272164706, 52.095391921977821 ], [ 5.550462510726466, 52.096640830902366 ], [ 5.554235793680751, 52.10015122354497 ], [ 5.550342589426021, 52.105419546448367 ], [ 5.545291793986515, 52.104390045709636 ], [ 5.546302199248784, 52.102443641280786 ], [ 5.544012638611123, 52.101948902311555 ], [ 5.54153992715932, 52.103737100539298 ], [ 5.531543295329586, 52.102266964352154 ], [ 5.532816951682368, 52.099983885676849 ], [ 5.539160183306763, 52.097813709666021 ], [ 5.535079191937128, 52.092874627471822 ], [ 5.538293936505735, 52.092689732858197 ], [ 5.537118482496755, 52.088643814904835 ], [ 5.530856076238313, 52.089774392177915 ], [ 5.526634175933626, 52.084903403721746 ], [ 5.531807149259136, 52.083618989708015 ], [ 5.530703360006742, 52.081952752403346 ], [ 5.522654415072803, 52.077542121503306 ], [ 5.519436952223696, 52.079227068056497 ], [ 5.509922653160852, 52.079050181435484 ], [ 5.509203851082201, 52.076970078435721 ], [ 5.505070238987403, 52.076911124144296 ], [ 5.504584380232709, 52.073349626181951 ], [ 5.499882448347723, 52.071335209568403 ], [ 5.495657290357342, 52.071359044650087 ], [ 5.497875964583378, 52.057018213697752 ], [ 5.515681244741884, 52.054191156090788 ], [ 5.517424868896091, 52.04674993103864 ], [ 5.52599890227719, 52.041368980330276 ], [ 5.531694803106925, 52.039805308667447 ] ] ] } },
{ "type": "Feature", "properties": { "code": "1667", "gemeente": "Reusel-De Mierden", "provincie": "Noord-Brabant" }, "geometry": { "type": "Polygon", "coordinates": [ [ [ 5.134353254291543, 51.315500459540829 ], [ 5.162639769612908, 51.310316608820379 ], [ 5.177380824271574, 51.317008713667697 ], [ 5.19656473115665, 51.320359244030648 ], [ 5.204697767701772, 51.325438503419285 ], [ 5.193865246387387, 51.345226120912315 ], [ 5.196292015017059, 51.349846073256685 ], [ 5.192283186244055, 51.35087679556203 ], [ 5.191933557934814, 51.361633404941372 ], [ 5.197470528721004, 51.3627008873395 ], [ 5.190604794774835, 51.36622677233413 ], [ 5.192154582772039, 51.366788464868335 ], [ 5.190659077943438, 51.371905083676353 ], [ 5.183203494016976, 51.375784844433809 ], [ 5.187987717869397, 51.374513145027919 ], [ 5.188316799722896, 51.377534415031164 ], [ 5.196979009414236, 51.379464549403856 ], [ 5.200959368903196, 51.390065973467998 ], [ 5.194770511430455, 51.39985612654295 ], [ 5.190851536183728, 51.418210873434347 ], [ 5.191020001922869, 51.430215826772155 ], [ 5.18498078921365, 51.428764029801755 ], [ 5.178153521324669, 51.430261027235609 ], [ 5.173458335210896, 51.428240222401115 ], [ 5.158553218473005, 51.432174255269466 ], [ 5.157948251244497, 51.428830858876026 ], [ 5.153151113690064, 51.428294887303124 ], [ 5.102020557479666, 51.42892273170412 ], [ 5.071181696358642, 51.393487471359528 ], [ 5.116563529742725, 51.361131440379559 ], [ 5.119401774675366, 51.355639669037416 ], [ 5.131687049632853, 51.347045125672949 ], [ 5.134353254291543, 51.315500459540829 ] ] ] } },
{ "type": "Feature", "properties": { "code": "0275", "gemeente": "Rheden", "provincie": "Gelderland" }, "geometry": { "type": "Polygon", "coordinates": [ [ [ 6.081354774087732, 52.082296184715261 ], [ 6.076101967524368, 52.087498161075985 ], [ 6.06597807769725, 52.087819091596828 ], [ 6.04492442677292, 52.079640567048706 ], [ 6.023737822068937, 52.067282454363045 ], [ 6.006084879384045, 52.066348936663275 ], [ 6.005359252498942, 52.058934927568131 ], [ 6.00016109228546, 52.054385136890403 ], [ 5.977959266954397, 52.054390140335407 ], [ 5.995804836924132, 52.026220309957687 ], [ 5.980460960092543, 52.018404956913081 ], [ 5.978883933208789, 52.009071326332524 ], [ 5.974708460496712, 52.002910183511446 ], [ 5.963086493421938, 52.000318236620046 ], [ 5.951526323886652, 51.999637810296129 ], [ 5.959673967724963, 51.989282080854267 ], [ 5.980523221464584, 51.981516783449891 ], [ 5.990340041370783, 51.974406095556127 ], [ 6.000300625149128, 51.978455120686412 ], [ 6.006446344053756, 51.991134452878853 ], [ 6.011318240031182, 51.99527517163817 ], [ 6.016649848906773, 51.997056934190823 ], [ 6.0264495952065, 51.995825134371287 ], [ 6.032500827381122, 51.996900921450788 ], [ 6.042935614550348, 52.002106700755888 ], [ 6.048030269902524, 52.009776155657569 ], [ 6.058895874562868, 52.014467243783926 ], [ 6.066209035273215, 52.014705806904352 ], [ 6.07606161717304, 52.010920766009349 ], [ 6.078788594644935, 52.007469313882645 ], [ 6.078333742978705, 52.000826609227389 ], [ 6.085001993186705, 51.994560862616574 ], [ 6.09205957094169, 51.992768202735824 ], [ 6.109475463803846, 51.996341342996715 ], [ 6.114767725907496, 52.004566798331943 ], [ 6.125959766974423, 52.010126554038372 ], [ 6.131979875800847, 52.022739628585548 ], [ 6.131643039414481, 52.027540105813991 ], [ 6.126326488895253, 52.032802266492723 ], [ 6.113301290832918, 52.037670091860953 ], [ 6.110915761683797, 52.042958163344785 ], [ 6.118164524422613, 52.050286159464854 ], [ 6.135847670773617, 52.057830526135859 ], [ 6.137469233419973, 52.059181112334251 ], [ 6.135353497114425, 52.05973430044579 ], [ 6.135751056472468, 52.062058573650347 ], [ 6.128819598806178, 52.062798752691272 ], [ 6.128103421719763, 52.064355870088519 ], [ 6.122769327094927, 52.063229627916101 ], [ 6.119880942997335, 52.066961093306169 ], [ 6.121020736345744, 52.06857568837291 ], [ 6.115698773843468, 52.068231136923814 ], [ 6.113970744714324, 52.071583346894428 ], [ 6.103423302772546, 52.078143600077432 ], [ 6.081354774087732, 52.082296184715261 ] ] ] } },
{ "type": "Feature", "properties": { "code": "0340", "gemeente": "Rhenen", "provincie": "Utrecht" }, "geometry": { "type": "Polygon", "coordinates": [ [ [ 5.605782326886461, 51.943159712948422 ], [ 5.616427935524504, 51.949353548694333 ], [ 5.620445614179105, 51.948166428767216 ], [ 5.620162496494289, 51.951498115091276 ], [ 5.627314462943286, 51.952575295216214 ], [ 5.624978286893678, 51.960065055413537 ], [ 5.620258229606056, 51.966582329785766 ], [ 5.618329295629735, 51.966257601444717 ], [ 5.624855691017601, 51.970448368666112 ], [ 5.626159424668071, 51.97388807832381 ], [ 5.615083054858641, 51.982687104092754 ], [ 5.613905261226084, 51.990179812117645 ], [ 5.609972267242963, 51.993691537341235 ], [ 5.602804774572362, 51.99486917480381 ], [ 5.592247631693774, 52.001187172160279 ], [ 5.589488744681717, 52.009455526893653 ], [ 5.570478577789141, 51.996958360231574 ], [ 5.558045058855974, 52.003632023591514 ], [ 5.553229242632926, 51.999030844687127 ], [ 5.551100040908374, 51.999804990201412 ], [ 5.532366010766729, 52.010900130025568 ], [ 5.533676726888632, 52.012665142273548 ], [ 5.512592175231373, 52.018516101028169 ], [ 5.494201676228587, 51.994901064076458 ], [ 5.490897720327524, 51.996561057146089 ], [ 5.485293836322715, 51.990965031331989 ], [ 5.48459472561145, 51.987759578406852 ], [ 5.479624954218131, 51.991714442181141 ], [ 5.480640965139425, 51.988864236664064 ], [ 5.477849819187107, 51.987691715418187 ], [ 5.477664501331099, 51.983472675357149 ], [ 5.486214006371189, 51.983826447085782 ], [ 5.512481396816806, 51.973081385667896 ], [ 5.538942164251602, 51.967827038012331 ], [ 5.549561075950357, 51.959196896915159 ], [ 5.558339152012422, 51.955268710168554 ], [ 5.587834804737096, 51.950574766636002 ], [ 5.605782326886461, 51.943159712948422 ] ] ] } },
{ "type": "Feature", "properties": { "code": "0597", "gemeente": "Ridderkerk", "provincie": "Zuid-Holland" }, "geometry": { "type": "Polygon", "coordinates": [ [ [ 4.600068122169231, 51.838752250808135 ], [ 4.604885362401228, 51.848385883372771 ], [ 4.618715266212442, 51.851237917863543 ], [ 4.627318642111136, 51.854652921256402 ], [ 4.63651597823616, 51.84966242793238 ], [ 4.647330743636021, 51.85712244787382 ], [ 4.639021897763334, 51.863640148254817 ], [ 4.619572171281353, 51.889522703653434 ], [ 4.593623354285514, 51.894600230363373 ], [ 4.583020422862631, 51.90121270850311 ], [ 4.576328454935565, 51.903031724272473 ], [ 4.569146147785674, 51.878180360335172 ], [ 4.561590297176724, 51.878231568461331 ], [ 4.549253302676474, 51.874200896289068 ], [ 4.564105825326209, 51.853473388592413 ], [ 4.56596125716934, 51.852086314024604 ], [ 4.569970696493372, 51.852620541791893 ], [ 4.571058446852389, 51.847116778805898 ], [ 4.600068122169231, 51.838752250808135 ] ] ] } },
{ "type": "Feature", "properties": { "code": "1742", "gemeente": "Rijssen-Holten", "provincie": "Overijssel" }, "geometry": { "type": "Polygon", "coordinates": [ [ [ 6.416422231025514, 52.242166355887619 ], [ 6.426226178532011, 52.24886242794696 ], [ 6.428486124447812, 52.248203295069764 ], [ 6.431821273133055, 52.250901517270066 ], [ 6.429684607678457, 52.251698028795438 ], [ 6.461796928844792, 52.263403340184205 ], [ 6.471001527178714, 52.267686041384053 ], [ 6.472077172739874, 52.269719162370031 ], [ 6.485259606271526, 52.274606460022532 ], [ 6.517263936517415, 52.283047867975853 ], [ 6.54154658678079, 52.282266694489735 ], [ 6.554008648642283, 52.283312963986305 ], [ 6.549962794585638, 52.287801973738183 ], [ 6.553533397538523, 52.296999318850993 ], [ 6.551095726558225, 52.308295786554609 ], [ 6.545089039670277, 52.318375271255583 ], [ 6.539651759701243, 52.315803152026149 ], [ 6.535841020378688, 52.315640565337894 ], [ 6.524877577047262, 52.325676940283422 ], [ 6.523137633098133, 52.3238335852731 ], [ 6.517908495809039, 52.325174438827794 ], [ 6.499327280201099, 52.323521666248993 ], [ 6.468189491133376, 52.326462249641125 ], [ 6.460919870755776, 52.32005861769909 ], [ 6.421896015773674, 52.32569000369076 ], [ 6.356015674558988, 52.318218788624648 ], [ 6.326529856817025, 52.301631542819827 ], [ 6.328842018755324, 52.281102978809869 ], [ 6.350066217795139, 52.271760027203079 ], [ 6.348856792448586, 52.269891836021792 ], [ 6.350831526000945, 52.269253917747164 ], [ 6.352020478749922, 52.270889297798199 ], [ 6.354883859190883, 52.26920124675533 ], [ 6.352842968838371, 52.268350484143525 ], [ 6.355376256664287, 52.267265679657889 ], [ 6.356718043031364, 52.268128240824289 ], [ 6.370775294065794, 52.260006455354336 ], [ 6.372897396458733, 52.261000404639695 ], [ 6.377194266032117, 52.258937960502145 ], [ 6.377222496838507, 52.256648607135382 ], [ 6.374796288633393, 52.256067290925728 ], [ 6.377317063498607, 52.25432595216914 ], [ 6.376720991884357, 52.250210270651195 ], [ 6.383410830158327, 52.244015810684111 ], [ 6.390660671501896, 52.242502834975681 ], [ 6.402618867132292, 52.243271713977855 ], [ 6.416422231025514, 52.242166355887619 ] ] ] } },
{ "type": "Feature", "properties": { "code": "0603", "gemeente": "Rijswijk", "provincie": "Zuid-Holland" }, "geometry": { "type": "Polygon", "coordinates": [ [ [ 4.325772353239588, 52.012783128939041 ], [ 4.357790282707595, 52.026863201071109 ], [ 4.34606270453031, 52.044018175128365 ], [ 4.352638708400133, 52.049095179495133 ], [ 4.344519141065002, 52.054046967299577 ], [ 4.346983797747426, 52.056825428536342 ], [ 4.340306866327151, 52.061946821826744 ], [ 4.321360543730054, 52.05462081438727 ], [ 4.31988199258095, 52.051993594989959 ], [ 4.298366723395157, 52.045557105158423 ], [ 4.290951689873563, 52.041572979381314 ], [ 4.297929931114194, 52.029410031450674 ], [ 4.309819262190675, 52.015634042930728 ], [ 4.319320841912801, 52.019921686106017 ], [ 4.325772353239588, 52.012783128939041 ] ] ] } },
{ "type": "Feature", "properties": { "code": "1669", "gemeente": "Roerdalen", "provincie": "Limburg" }, "geometry": { "type": "Polygon", "coordinates": [ [ [ 6.03646308676855, 51.096531426201288 ], [ 6.056832035771068, 51.109549564006855 ], [ 6.055237919293962, 51.110742258288234 ], [ 6.060293325961893, 51.115926444255727 ], [ 6.075883363975883, 51.11919194760911 ], [ 6.075698103790325, 51.120941077467187 ], [ 6.08055093185198, 51.122141714388441 ], [ 6.080901085338329, 51.125979391041788 ], [ 6.083501151365993, 51.123892203276689 ], [ 6.08699203325881, 51.124594919913832 ], [ 6.084424020059275, 51.126018690544079 ], [ 6.088772201836628, 51.127897500583963 ], [ 6.08710313759366, 51.129302544694085 ], [ 6.091995897797993, 51.135047575903165 ], [ 6.096303229290863, 51.134759009493763 ], [ 6.116388164562691, 51.139154677246701 ], [ 6.121301621979006, 51.140927340032128 ], [ 6.121279187983763, 51.142680355480891 ], [ 6.1258298596359, 51.145116845588902 ], [ 6.134589604154521, 51.145098995342835 ], [ 6.147686059829494, 51.148607627533202 ], [ 6.163456832234136, 51.148742139101486 ], [ 6.162848438711562, 51.152671200487859 ], [ 6.175421799419365, 51.158463997995689 ], [ 6.138801678462262, 51.173339233349843 ], [ 6.18072425555432, 51.186358503894247 ], [ 6.165170410908853, 51.194414124159131 ], [ 6.12240586563317, 51.181302820130071 ], [ 6.111263632873376, 51.173847868171734 ], [ 6.099685657658179, 51.169832748272235 ], [ 6.095888271463171, 51.171153892822261 ], [ 6.089996805321537, 51.170355134199028 ], [ 6.082190175727106, 51.171633525766545 ], [ 6.073141437605885, 51.182824754965949 ], [ 6.055196721458945, 51.184567113026546 ], [ 6.054602828351574, 51.179703629400706 ], [ 6.05707098590456, 51.175703810444617 ], [ 6.048139283856624, 51.174845013069728 ], [ 6.05000449190084, 51.172149136752324 ], [ 6.060074980340564, 51.170912603255466 ], [ 6.063565926209389, 51.165524304924055 ], [ 6.055626433276228, 51.162112391960427 ], [ 6.040114917778163, 51.160542316509108 ], [ 6.039871159129002, 51.161600931054714 ], [ 6.029519004517727, 51.160970195212798 ], [ 6.026076383105162, 51.164022707592231 ], [ 6.018465149223491, 51.164429918078255 ], [ 6.013696611809717, 51.166648687434254 ], [ 6.005970492547277, 51.163160717702631 ], [ 5.998864589513691, 51.162217272974758 ], [ 5.99817886424785, 51.168033400812391 ], [ 5.995137684319992, 51.168550108423069 ], [ 5.994032175308413, 51.166169698552693 ], [ 5.991277118279077, 51.167950046500899 ], [ 5.991964360878002, 51.170546904256042 ], [ 5.986326994532563, 51.169362372274591 ], [ 5.988961536539077, 51.173642037435258 ], [ 5.983498563893527, 51.176216753274183 ], [ 5.913748597713181, 51.133024806677454 ], [ 5.916386537616001, 51.130451860095746 ], [ 5.914372392498631, 51.12829653145041 ], [ 5.919405263006237, 51.120239448037928 ], [ 5.926754754750148, 51.113774033180256 ], [ 5.94050029679012, 51.114328750829841 ], [ 5.940426104978158, 51.112693023077554 ], [ 5.948088822240486, 51.112581398720032 ], [ 5.953350300388677, 51.114525342853902 ], [ 5.954235227361776, 51.113199499567521 ], [ 5.965329012813038, 51.118442186441925 ], [ 5.972126291943974, 51.114694410190957 ], [ 5.976080776629023, 51.117091361961585 ], [ 5.978488484502835, 51.115842873625759 ], [ 5.98480671689629, 51.120655084646408 ], [ 5.990903172888181, 51.120409192095522 ], [ 5.997703618302599, 51.118836591565795 ], [ 6.00076567349269, 51.114136139151256 ], [ 6.013948249687994, 51.117925543151657 ], [ 6.012823322365967, 51.116802115918617 ], [ 6.021983157844629, 51.113371320125459 ], [ 6.023974647600214, 51.106635713516916 ], [ 6.028213814880358, 51.107155733728909 ], [ 6.030469136442654, 51.101741351336941 ], [ 6.03646308676855, 51.096531426201288 ] ] ] } },
{ "type": "Feature", "properties": { "code": "0957", "gemeente": "Roermond", "provincie": "Limburg" }, "geometry": { "type": "Polygon", "coordinates": [ [ [ 5.953775138294703, 51.158765065813398 ], [ 5.983566639688385, 51.176229356924004 ], [ 5.988961536539077, 51.173642037435258 ], [ 5.986326994532563, 51.169362372274591 ], [ 5.991964360878002, 51.170546904256042 ], [ 5.991277118279077, 51.167950046500899 ], [ 5.994032175308413, 51.166169698552693 ], [ 5.995137684319992, 51.168550108423069 ], [ 5.99817886424785, 51.168033400812391 ], [ 5.999017130664052, 51.162183201211306 ], [ 6.005970492547277, 51.163160717702631 ], [ 6.013696611809717, 51.166648687434254 ], [ 6.018465149223491, 51.164429918078255 ], [ 6.026076383105162, 51.164022707592231 ], [ 6.029519004517727, 51.160970195212798 ], [ 6.039871159129002, 51.161600931054714 ], [ 6.040114917778163, 51.160542316509108 ], [ 6.055626433276228, 51.162112391960427 ], [ 6.063565926209389, 51.165524304924055 ], [ 6.060074980340564, 51.170912603255466 ], [ 6.05000449190084, 51.172149136752324 ], [ 6.048139283856624, 51.174845013069728 ], [ 6.05707098590456, 51.175703810444617 ], [ 6.054602828351574, 51.179703629400706 ], [ 6.055196721458945, 51.184567113026546 ], [ 6.073141437605885, 51.182824754965949 ], [ 6.067987519531597, 51.220550808915931 ], [ 6.073259260772963, 51.222436260109895 ], [ 6.086024851267302, 51.222670215780511 ], [ 6.072663658475577, 51.242560095266157 ], [ 6.062960987142522, 51.246312706370674 ], [ 6.054183477359599, 51.252044486059233 ], [ 6.051332264934874, 51.252527467946265 ], [ 6.042951608629684, 51.247002001439718 ], [ 6.032521434921192, 51.246990343502929 ], [ 6.027465916235867, 51.245555392078472 ], [ 6.019866323727706, 51.250601104823339 ], [ 6.015998386047638, 51.250911213880869 ], [ 6.014537363593568, 51.25523018617384 ], [ 6.005880086947515, 51.258682998307478 ], [ 6.009079589529997, 51.249462844631566 ], [ 6.002840269653047, 51.234709214207335 ], [ 5.995932687731002, 51.230084171026618 ], [ 5.984317451623791, 51.226259465862533 ], [ 5.967236091855519, 51.210132674729593 ], [ 5.927821035280868, 51.186851293319535 ], [ 5.921247269166389, 51.17890452465705 ], [ 5.92592378401711, 51.177682412332224 ], [ 5.921627975074483, 51.17126415871774 ], [ 5.916652518573462, 51.16862067236714 ], [ 5.922815800625895, 51.169660578730799 ], [ 5.927613286463374, 51.168792487059605 ], [ 5.940474881453426, 51.160919998004509 ], [ 5.953775138294703, 51.158765065813398 ] ] ] } },
{ "type": "Feature", "properties": { "code": "1674", "gemeente": "Roosendaal", "provincie": "Noord-Brabant" }, "geometry": { "type": "Polygon", "coordinates": [ [ [ 4.391083220463287, 51.451487266027279 ], [ 4.442559946710412, 51.46868946301786 ], [ 4.464713094896072, 51.471007735155354 ], [ 4.475960490948132, 51.478144580921168 ], [ 4.486681568961464, 51.477352825141992 ], [ 4.485406499044819, 51.481622562159814 ], [ 4.492861653159579, 51.483291298712608 ], [ 4.490313443000996, 51.48699162823312 ], [ 4.498318861879643, 51.501884564785684 ], [ 4.496572535197688, 51.508211532673627 ], [ 4.502179599296753, 51.516723629429926 ], [ 4.514332215798514, 51.517895530761237 ], [ 4.513563589409221, 51.52160148980272 ], [ 4.516056830511032, 51.521554587417114 ], [ 4.521189572406588, 51.528950557290777 ], [ 4.523191562478678, 51.542556844366842 ], [ 4.515795699211077, 51.5429979529777 ], [ 4.514444036769147, 51.541901053072458 ], [ 4.511315467306583, 51.543982433435822 ], [ 4.498830567409855, 51.544785083905573 ], [ 4.497473051254943, 51.546335924374617 ], [ 4.499921807081696, 51.558766489236696 ], [ 4.473590807202156, 51.560744874185289 ], [ 4.469914855866299, 51.563043629918461 ], [ 4.465796369369531, 51.561043139488199 ], [ 4.457535574615536, 51.561459141468973 ], [ 4.456526277156719, 51.563133600349126 ], [ 4.452983722798517, 51.563637280979741 ], [ 4.453262514471497, 51.566561273588945 ], [ 4.448577911818801, 51.565732513611842 ], [ 4.444674653596256, 51.569234826462548 ], [ 4.441979789864023, 51.567472541744628 ], [ 4.441117396097052, 51.558604630271617 ], [ 4.438381470692239, 51.556391263491186 ], [ 4.429032309253997, 51.555701269476771 ], [ 4.426878353660555, 51.552382760468916 ], [ 4.411462872376791, 51.551598292679834 ], [ 4.375361929977194, 51.543721411332967 ], [ 4.317977608525386, 51.551215756668348 ], [ 4.316308799607099, 51.545496842899702 ], [ 4.308203118669658, 51.546734248448928 ], [ 4.306808899710443, 51.543515129061952 ], [ 4.327574671868961, 51.535194031780769 ], [ 4.328413501858555, 51.530726578392247 ], [ 4.325649445118185, 51.529614009160667 ], [ 4.342777420486304, 51.526389565689094 ], [ 4.340457150959939, 51.522669510100833 ], [ 4.342194479975442, 51.518049759482878 ], [ 4.351597242018204, 51.517700767561031 ], [ 4.350556800317199, 51.505667783189466 ], [ 4.354397546450819, 51.505778463479352 ], [ 4.349540185468406, 51.503481015378021 ], [ 4.351589642483751, 51.499928419943316 ], [ 4.358172546380294, 51.492603356687184 ], [ 4.372798161385961, 51.487724009937303 ], [ 4.371689539648383, 51.479007679651005 ], [ 4.361632426951261, 51.476371770096023 ], [ 4.361396834288051, 51.471219162901221 ], [ 4.366965866165013, 51.456718866405012 ], [ 4.38341242038948, 51.455115263461309 ], [ 4.391083220463287, 51.451487266027279 ] ] ] } },
{ "type": "Feature", "properties": { "code": "0599", "gemeente": "Rotterdam", "provincie": "Zuid-Holland" }, "geometry": { "type": "Polygon", "coordinates": [ [ [ 4.383664525461244, 51.8421182589693 ], [ 4.383228671427708, 51.852402154863462 ], [ 4.385162229240263, 51.853759226073535 ], [ 4.38350479276664, 51.857762658079956 ], [ 4.386024700993136, 51.865856211439045 ], [ 4.390384000610291, 51.870549381447717 ], [ 4.39484616165796, 51.872332712295609 ], [ 4.405770930884923, 51.873198200091025 ], [ 4.412252882424378, 51.87142858624788 ], [ 4.41814858270648, 51.87237474587053 ], [ 4.434700305185421, 51.869109385036325 ], [ 4.441020225701531, 51.865909746569933 ], [ 4.471862787563341, 51.861667241699188 ], [ 4.480402616197929, 51.862327565386181 ], [ 4.479915516315602, 51.865274467149113 ], [ 4.494040269593106, 51.868968184554106 ], [ 4.526095438087862, 51.869730762613969 ], [ 4.532026634187878, 51.868776716812214 ], [ 4.542578666869306, 51.870798658734508 ], [ 4.561456360808847, 51.878201683396817 ], [ 4.569114960357254, 51.878150345615204 ], [ 4.576328454935565, 51.903031724272473 ], [ 4.555087560167532, 51.905646462681943 ], [ 4.549238436156757, 51.904882129480676 ], [ 4.551050579462536, 51.909637949416165 ], [ 4.556828309405819, 51.910385711447979 ], [ 4.556495888187438, 51.914803143578332 ], [ 4.554024935414525, 51.914779559014136 ], [ 4.553995874801134, 51.916617804736916 ], [ 4.550262688139679, 51.914817951653355 ], [ 4.547696035057478, 51.907173805848728 ], [ 4.542135954527209, 51.90620456107569 ], [ 4.537311707770225, 51.913554545087493 ], [ 4.538222092155902, 51.915344164784585 ], [ 4.54052259028906, 51.915241866164848 ], [ 4.537549565178846, 51.91977838236626 ], [ 4.556912466099318, 51.91991201486104 ], [ 4.565599246653615, 51.924756722252987 ], [ 4.560594461467782, 51.940910083515895 ], [ 4.572779645609916, 51.943456116571973 ], [ 4.564063438439359, 51.950808857772742 ], [ 4.562053109295896, 51.958874549670988 ], [ 4.564367131586394, 51.959924540472699 ], [ 4.568012881355377, 51.958079911317803 ], [ 4.590021947443432, 51.968580966041863 ], [ 4.601808264988373, 51.972140103970062 ], [ 4.593768856385993, 51.976000186769163 ], [ 4.598773042044826, 51.987968597281167 ], [ 4.594367518425802, 51.994281556466483 ], [ 4.578935759587297, 51.989869869329169 ], [ 4.579687158949175, 51.987267162205406 ], [ 4.577312228694897, 51.986404837114705 ], [ 4.578918487709368, 51.981134206044068 ], [ 4.570229901952937, 51.979030104961126 ], [ 4.573529403018968, 51.974576122735947 ], [ 4.578999819739884, 51.975787198703223 ], [ 4.573882871873979, 51.972660135470896 ], [ 4.566936033049321, 51.971189818821593 ], [ 4.562413739891625, 51.971926722981152 ], [ 4.556559373357856, 51.968455213282738 ], [ 4.547686283340123, 51.972806615670329 ], [ 4.539855095774965, 51.969865754017604 ], [ 4.535874209200144, 51.970476551344575 ], [ 4.534985107834903, 51.968272306461628 ], [ 4.521013105871231, 51.963452565171863 ], [ 4.518586477703384, 51.960286289319377 ], [ 4.495799688374851, 51.971844490782892 ], [ 4.495258046924135, 51.967402998816056 ], [ 4.469012150664995, 51.980549164117001 ], [ 4.463240984813952, 51.97752651739733 ], [ 4.460098399140961, 51.968782483838247 ], [ 4.450513514588221, 51.965812912172346 ], [ 4.446682076320643, 51.962785957824678 ], [ 4.428131901953718, 51.976620100855044 ], [ 4.393564127657584, 51.962471639271783 ], [ 4.389779413904201, 51.965126405717967 ], [ 4.379309466051312, 51.963406630744075 ], [ 4.388910302716751, 51.94552983029412 ], [ 4.395187815650482, 51.946927045470602 ], [ 4.393447923149688, 51.944259524637189 ], [ 4.403920168311537, 51.937252618993874 ], [ 4.410802902048308, 51.938267736745964 ], [ 4.415492170280601, 51.940758547129256 ], [ 4.417712927726391, 51.938476596539452 ], [ 4.409553359070031, 51.936212087666696 ], [ 4.40817797261738, 51.932187368151297 ], [ 4.417012492859308, 51.922521876260497 ], [ 4.415251846650083, 51.914483936808594 ], [ 4.409075322013554, 51.912049739541651 ], [ 4.41567695524306, 51.905024786023262 ], [ 4.412338318198673, 51.902421116900634 ], [ 4.413710316260525, 51.900754627114544 ], [ 4.391978485222545, 51.896687351606367 ], [ 4.360241480108023, 51.899447811100231 ], [ 4.327994601668511, 51.894039909426574 ], [ 4.286533723345651, 51.898895749610212 ], [ 4.238864235960725, 51.915909020913382 ], [ 4.224040864206072, 51.928019361498514 ], [ 4.212717692580419, 51.933727467411501 ], [ 4.219687721746231, 51.941524806427374 ], [ 4.192396037874324, 51.954805943295007 ], [ 4.186723852735834, 51.962675918489467 ], [ 4.190608816413032, 51.965981624567952 ], [ 4.187163941880095, 51.965658121740447 ], [ 4.187492797009703, 51.966837018959637 ], [ 4.175898189624804, 51.971693793045894 ], [ 4.155062571849479, 51.977838061761709 ], [ 4.155348666716908, 51.979707468683138 ], [ 4.147280705213922, 51.981393287753214 ], [ 4.150971687221698, 51.987636202495381 ], [ 4.135688022794849, 51.992635531519745 ], [ 4.130987263267619, 51.997179321116278 ], [ 4.13251763255194, 51.998542600418212 ], [ 4.118589081338677, 52.004527630460643 ], [ 4.032776826831228, 52.00357127231878 ], [ 3.953130876100867, 51.989143549783542 ], [ 3.94074952318282, 51.921571143183236 ], [ 3.972617445403564, 51.910964959269151 ], [ 4.070181461077715, 51.933290699280775 ], [ 4.092893892837579, 51.932527944945562 ], [ 4.102002730936743, 51.923530161504047 ], [ 4.101719640398009, 51.927009282942727 ], [ 4.107723827186031, 51.936141611639556 ], [ 4.142891632069849, 51.931809410593928 ], [ 4.162668515042339, 51.926651950915847 ], [ 4.167018188918237, 51.923125491353183 ], [ 4.168186805242676, 51.919057021246644 ], [ 4.176474620504239, 51.917919677317457 ], [ 4.21659181440099, 51.89853644648926 ], [ 4.227692116321568, 51.887721887550732 ], [ 4.232969616667618, 51.877485803604849 ], [ 4.240890361320566, 51.872356396979718 ], [ 4.266104929894861, 51.864657014866836 ], [ 4.335553842829986, 51.864301749074919 ], [ 4.342680194787984, 51.855895446417961 ], [ 4.354926144149346, 51.84848624370025 ], [ 4.374461583267814, 51.842871243801923 ], [ 4.383664525461244, 51.8421182589693 ] ] ] } },
{ "type": "Feature", "properties": { "code": "0277", "gemeente": "Rozendaal", "provincie": "Gelderland" }, "geometry": { "type": "Polygon", "coordinates": [ [ [ 5.951526323886652, 51.999637810296129 ], [ 5.963086493421938, 52.000318236620046 ], [ 5.974708460496712, 52.002910183511446 ], [ 5.978883933208789, 52.009071326332524 ], [ 5.980460960092543, 52.018404956913081 ], [ 5.995804836924132, 52.026220309957687 ], [ 5.977959266954397, 52.054390140335407 ], [ 5.998344141132794, 52.054052927947758 ], [ 6.001879625641179, 52.055286242737218 ], [ 6.005376524245855, 52.058975553871342 ], [ 6.008848603049344, 52.074014192893543 ], [ 5.990479831310359, 52.079164182563893 ], [ 5.9646459518644, 52.076322219134234 ], [ 5.955930936966597, 52.073338554803577 ], [ 5.94328704671802, 52.06245559100244 ], [ 5.940910966098082, 52.057954390638109 ], [ 5.937098859652185, 52.048533041304182 ], [ 5.941402109430099, 52.011486002819922 ], [ 5.946067160644894, 52.010605318282131 ], [ 5.943310344558653, 52.010134261115375 ], [ 5.948125762732052, 52.006586801280463 ], [ 5.951526323886652, 51.999637810296129 ] ] ] } },
{ "type": "Feature", "properties": { "code": "0840", "gemeente": "Rucphen", "provincie": "Noord-Brabant" }, "geometry": { "type": "Polygon", "coordinates": [ [ [ 4.575808046773867, 51.48813957192769 ], [ 4.576177673023055, 51.492539447432371 ], [ 4.589731204083607, 51.496737448639315 ], [ 4.579338331910833, 51.510730943128628 ], [ 4.616379470056183, 51.508087301148628 ], [ 4.618201756468149, 51.510672246435746 ], [ 4.620539104579549, 51.510736187569798 ], [ 4.619405380172101, 51.516172005805529 ], [ 4.626401752580708, 51.518920664668137 ], [ 4.624986624629384, 51.521090131674612 ], [ 4.638716048787384, 51.524412658828773 ], [ 4.640110075827415, 51.543423164832802 ], [ 4.635285734727666, 51.542351403833408 ], [ 4.631754932135776, 51.543874443517822 ], [ 4.630106059913817, 51.547150283984507 ], [ 4.625809345210008, 51.547411563168566 ], [ 4.624795705072124, 51.552385577194848 ], [ 4.609195537115177, 51.5538293088172 ], [ 4.601084921503241, 51.558934498369446 ], [ 4.591761316501502, 51.561031652264305 ], [ 4.581750756754621, 51.560266745801691 ], [ 4.582007149099862, 51.559050173067327 ], [ 4.548426981843277, 51.552318634488849 ], [ 4.545371046642359, 51.553908816872038 ], [ 4.545011182264834, 51.551604487276229 ], [ 4.530358612274344, 51.549255660267846 ], [ 4.528068983833466, 51.551998809314924 ], [ 4.528689674538781, 51.55548657606078 ], [ 4.536616429953348, 51.56577642751374 ], [ 4.509450806236882, 51.568561895481345 ], [ 4.508713475653587, 51.565548622618742 ], [ 4.504955575366271, 51.566026315479746 ], [ 4.504153851816928, 51.5629850459243 ], [ 4.501634755423723, 51.563270735872699 ], [ 4.497491144446141, 51.546212992747428 ], [ 4.498830567409855, 51.544785083905573 ], [ 4.511315467306583, 51.543982433435822 ], [ 4.514444036769147, 51.541901053072458 ], [ 4.515795699211077, 51.5429979529777 ], [ 4.523191562478678, 51.542556844366842 ], [ 4.521974191778914, 51.531741270268732 ], [ 4.519658210022924, 51.525401371365007 ], [ 4.517650806416892, 51.525388245300583 ], [ 4.516018930940898, 51.521525440889711 ], [ 4.513563589409221, 51.52160148980272 ], [ 4.514332215798514, 51.517895530761237 ], [ 4.502179599296753, 51.516723629429926 ], [ 4.496572535197688, 51.508211532673627 ], [ 4.498318861879643, 51.501884564785684 ], [ 4.490313443000996, 51.48699162823312 ], [ 4.492861653159579, 51.483291298712608 ], [ 4.485406499044819, 51.481622562159814 ], [ 4.486681568961464, 51.477352825141992 ], [ 4.538184548649598, 51.482397727341073 ], [ 4.548160793678574, 51.473312598030816 ], [ 4.556100789532262, 51.485634333797336 ], [ 4.572286267787161, 51.482655230932188 ], [ 4.575808046773867, 51.48813957192769 ] ] ] } },
{ "type": "Feature", "properties": { "code": "0441", "gemeente": "Schagen", "provincie": "Noord-Holland" }, "geometry": { "type": "Polygon", "coordinates": [ [ [ 4.715258251882206, 52.710652737217643 ], [ 4.720223236246908, 52.697457753508694 ], [ 4.728853821683918, 52.69140379024649 ], [ 4.7528933146395, 52.697312935090316 ], [ 4.769647022670438, 52.698793492996259 ], [ 4.772585119984794, 52.719537601751369 ], [ 4.778812256321064, 52.731346882454112 ], [ 4.786566024551661, 52.727945715212968 ], [ 4.786565102043299, 52.721033990930877 ], [ 4.797602470085442, 52.720847541380472 ], [ 4.805025850448194, 52.714208788495043 ], [ 4.847685314071788, 52.720259371522019 ], [ 4.850374466861448, 52.725377139418221 ], [ 4.840065294332534, 52.73443379346655 ], [ 4.831373750214878, 52.74630135846698 ], [ 4.809667600137596, 52.765339065593651 ], [ 4.806846425865735, 52.770280397317102 ], [ 4.813336472563172, 52.771333669765099 ], [ 4.820753967422333, 52.769607183167722 ], [ 4.819849393853466, 52.774129484355967 ], [ 4.828996716058748, 52.775326223801009 ], [ 4.827409166486022, 52.783565281171263 ], [ 4.831256230126565, 52.783819948095797 ], [ 4.834573359726435, 52.807778485339952 ], [ 4.809647017989903, 52.836898923993346 ], [ 4.79442289199625, 52.847373652632555 ], [ 4.782562569916181, 52.851435510686194 ], [ 4.758855261470798, 52.84868928489535 ], [ 4.77093892067179, 52.878626229206873 ], [ 4.693992207034692, 52.884472625016265 ], [ 4.656364573598325, 52.797019335332536 ], [ 4.634478581764339, 52.75832885271101 ], [ 4.65104001085609, 52.755846912385017 ], [ 4.658956355999975, 52.749634379518206 ], [ 4.659595214095698, 52.747051112611516 ], [ 4.662931741660043, 52.746654707002904 ], [ 4.671148532111263, 52.740606638550631 ], [ 4.678799696568844, 52.739226751910969 ], [ 4.683528609507891, 52.733536513747787 ], [ 4.689822361362673, 52.732991972685198 ], [ 4.715258251882206, 52.710652737217643 ] ] ] } },
{ "type": "Feature", "properties": { "code": "0279", "gemeente": "Scherpenzeel", "provincie": "Gelderland" }, "geometry": { "type": "Polygon", "coordinates": [ [ [ 5.484631131701513, 52.069658492332316 ], [ 5.493887299146124, 52.071888927415031 ], [ 5.499882448347723, 52.071335209568403 ], [ 5.504584380232709, 52.073349626181951 ], [ 5.505070238987403, 52.076911124144296 ], [ 5.509203851082201, 52.076970078435721 ], [ 5.509922653160852, 52.079050181435484 ], [ 5.519436952223696, 52.079227068056497 ], [ 5.522654415072803, 52.077542121503306 ], [ 5.531245022828452, 52.082418786100725 ], [ 5.53130607997548, 52.08393924614996 ], [ 5.526634175933626, 52.084903403721746 ], [ 5.530856076238313, 52.089774392177915 ], [ 5.537118482496755, 52.088643814904835 ], [ 5.538293936505735, 52.092689732858197 ], [ 5.535079191937128, 52.092874627471822 ], [ 5.539160183306763, 52.097813709666021 ], [ 5.532816951682368, 52.099983885676849 ], [ 5.531543295329586, 52.102266964352154 ], [ 5.525163764358786, 52.100751458698191 ], [ 5.523186565932936, 52.104322307707015 ], [ 5.519368179743578, 52.100494211117855 ], [ 5.517474154872526, 52.100600871117742 ], [ 5.510400682635207, 52.107842426276939 ], [ 5.500958928160371, 52.110869813717073 ], [ 5.493861743083361, 52.111097267184796 ], [ 5.484301744564329, 52.105542121693915 ], [ 5.486082698251901, 52.093656773405726 ], [ 5.471885807343311, 52.089381433337664 ], [ 5.464053568219306, 52.083056181147427 ], [ 5.459678100345003, 52.082003413633728 ], [ 5.459242924252466, 52.080225756888879 ], [ 5.465434769309967, 52.078429125408327 ], [ 5.467143694905593, 52.075569624216655 ], [ 5.484631131701513, 52.069658492332316 ] ] ] } },
{ "type": "Feature", "properties": { "code": "0606", "gemeente": "Schiedam", "provincie": "Zuid-Holland" }, "geometry": { "type": "Polygon", "coordinates": [ [ [ 4.409075322013554, 51.912049739541651 ], [ 4.415251846650083, 51.914483936808594 ], [ 4.417012492859308, 51.922521876260497 ], [ 4.408147369778963, 51.931808127416751 ], [ 4.40946540269725, 51.936151526794646 ], [ 4.417712927726391, 51.938476596539452 ], [ 4.415492170280601, 51.940758547129256 ], [ 4.410802902048308, 51.938267736745964 ], [ 4.403920168311537, 51.937252618993874 ], [ 4.393447923149688, 51.944259524637189 ], [ 4.395187815650482, 51.946927045470602 ], [ 4.388910302716751, 51.94552983029412 ], [ 4.379309466051312, 51.963406630744075 ], [ 4.363509808788824, 51.960870593158162 ], [ 4.367071179488829, 51.9552199121554 ], [ 4.350671359549614, 51.951506524425518 ], [ 4.362568840270657, 51.93490704338744 ], [ 4.3639220823368, 51.927687466640492 ], [ 4.361825718620698, 51.926571101446811 ], [ 4.362192013637512, 51.92409532005248 ], [ 4.365512645510902, 51.921546196981687 ], [ 4.370622685253802, 51.899355531386099 ], [ 4.391978485222545, 51.896687351606367 ], [ 4.413710316260525, 51.900754627114544 ], [ 4.412338318198673, 51.902421116900634 ], [ 4.41567695524306, 51.905024786023262 ], [ 4.409075322013554, 51.912049739541651 ] ] ] } },
{ "type": "Feature", "properties": { "code": "0088", "gemeente": "Schiermonnikoog", "provincie": "Fryslân" }, "geometry": { "type": "Polygon", "coordinates": [ [ [ 6.194020203681071, 53.413288812520435 ], [ 6.350426115433958, 53.446268485442431 ], [ 6.351566884313572, 53.4970415868654 ], [ 6.366632865624434, 53.49692012556595 ], [ 6.381646643856025, 53.494550893165474 ], [ 6.408991059195452, 53.494852774346576 ], [ 6.417751364371308, 53.50029541897208 ], [ 6.418680902430967, 53.50564552803241 ], [ 6.416009667643751, 53.512989235984136 ], [ 6.411133104047413, 53.51748692170213 ], [ 6.404449010583256, 53.520885614627552 ], [ 6.382272312269103, 53.521501433104667 ], [ 6.367249134263866, 53.523870741189363 ], [ 6.352123078459364, 53.521746417500609 ], [ 6.35252804439622, 53.53971342086971 ], [ 6.322071500628232, 53.526475661381085 ], [ 6.186128096726018, 53.513975274218254 ], [ 6.125992283126205, 53.523343621986101 ], [ 6.110461132141126, 53.496482945316515 ], [ 6.050124700667113, 53.492337377665407 ], [ 6.079240135410251, 53.429278215886519 ], [ 6.194020203681071, 53.413288812520435 ] ] ] } },
{ "type": "Feature", "properties": { "code": "1676", "gemeente": "Schouwen-Duiveland", "provincie": "Zeeland" }, "geometry": { "type": "Polygon", "coordinates": [ [ [ 3.948702821490389, 51.619189217622186 ], [ 3.958576571482969, 51.613763149875133 ], [ 3.968369769706531, 51.612671840429286 ], [ 3.980370362406284, 51.613709439688328 ], [ 3.998633505815278, 51.609078384458158 ], [ 4.023329411500227, 51.60689218708314 ], [ 4.029111242722385, 51.609619863126433 ], [ 4.031942423508789, 51.609424680807166 ], [ 4.052945647858175, 51.620995351773999 ], [ 4.055748258734376, 51.612697345950934 ], [ 4.071151707653251, 51.617595950362237 ], [ 4.088452254058918, 51.629070848346849 ], [ 4.089853201455102, 51.630705477816541 ], [ 4.083194629144248, 51.62957329683119 ], [ 4.094829988442783, 51.640944755375948 ], [ 4.111304242034349, 51.652524025187368 ], [ 4.123511521207844, 51.657796636523983 ], [ 4.127263793087114, 51.65798694028252 ], [ 4.142988857928766, 51.652501244442504 ], [ 4.172794308789866, 51.646134724436877 ], [ 4.177427965193193, 51.64281807579335 ], [ 4.191777032604537, 51.638373939071634 ], [ 4.195885160708642, 51.639413564434506 ], [ 4.202700613768537, 51.660764318742025 ], [ 4.151824518195445, 51.685233128405677 ], [ 4.123080127883548, 51.685754102883593 ], [ 4.110026492439245, 51.687142914092412 ], [ 4.0980838055396, 51.690475875787207 ], [ 4.047813346794367, 51.694364411679004 ], [ 4.040036765304682, 51.702696807304868 ], [ 4.036703942204995, 51.711029225827495 ], [ 4.035037757227552, 51.730193592594865 ], [ 4.01888495308441, 51.742717760256738 ], [ 4.013336251908417, 51.759011844068787 ], [ 3.974491327769695, 51.763800990682746 ], [ 3.958938004083471, 51.772133441675685 ], [ 3.940329677210535, 51.773799951329806 ], [ 3.921443465675439, 51.770744779467883 ], [ 3.905056993860061, 51.764634428106788 ], [ 3.886170625335794, 51.749358502209802 ], [ 3.875894347752583, 51.747692072089812 ], [ 3.847428190570993, 51.753401017057229 ], [ 3.826212601746336, 51.765841052844578 ], [ 3.773675345197367, 51.781520482045487 ], [ 3.685363895634831, 51.733636170338848 ], [ 3.611341043308248, 51.650363351361619 ], [ 3.748885384987737, 51.650322657642725 ], [ 3.70796211176265, 51.598725781714741 ], [ 3.722537513795198, 51.597287590554345 ], [ 3.769851155053247, 51.600869798968461 ], [ 3.801134030186204, 51.606642664558407 ], [ 3.837940302436106, 51.607119102619002 ], [ 3.849428329054802, 51.60582084081485 ], [ 3.867955144369327, 51.597706278963905 ], [ 3.874848757185742, 51.596810210372354 ], [ 3.879041416392913, 51.593670715269056 ], [ 3.948734295686583, 51.61529216284611 ], [ 3.948702821490389, 51.619189217622186 ] ] ] } },
{ "type": "Feature", "properties": { "code": "0965", "gemeente": "Simpelveld", "provincie": "Limburg" }, "geometry": { "type": "Polygon", "coordinates": [ [ [ 5.985514445703376, 50.810574257950655 ], [ 6.003628605339445, 50.80146245596039 ], [ 6.007637286244004, 50.802752802296034 ], [ 6.024758237339687, 50.813888498379306 ], [ 6.022101287915899, 50.816810079857149 ], [ 6.023660062554151, 50.81861822529838 ], [ 6.017657016033986, 50.821493733089696 ], [ 6.015746370070106, 50.823811633921032 ], [ 6.017030306714279, 50.825701518524731 ], [ 6.011816581623929, 50.830544392088697 ], [ 6.003020966616212, 50.832025904634833 ], [ 6.005396812772524, 50.834941509047461 ], [ 6.004129664832968, 50.837678118462591 ], [ 5.978386960553977, 50.849768870651154 ], [ 5.96964504331317, 50.860227721728926 ], [ 5.965981944976156, 50.857055627326922 ], [ 5.966392576842526, 50.855298007758535 ], [ 5.954517631555501, 50.852573118088905 ], [ 5.953803440042917, 50.85049351982029 ], [ 5.956946982335158, 50.835842627039817 ], [ 5.955524071112089, 50.835353703143689 ], [ 5.95943627142919, 50.82810763835792 ], [ 5.971845747175101, 50.821220034009663 ], [ 5.969317960629645, 50.816645622486398 ], [ 5.97952316142375, 50.814576372911077 ], [ 5.983518169388201, 50.809729701188417 ], [ 5.985514445703376, 50.810574257950655 ] ] ] } },
{ "type": "Feature", "properties": { "code": "0845", "gemeente": "Sint-Michielsgestel", "provincie": "Noord-Brabant" }, "geometry": { "type": "Polygon", "coordinates": [ [ [ 5.352928964244451, 51.600690650155059 ], [ 5.374894601659021, 51.601802996569347 ], [ 5.394856679687015, 51.605842080987891 ], [ 5.390716011133237, 51.611780335137205 ], [ 5.392414665072218, 51.612360678627169 ], [ 5.391087842510249, 51.616504241275251 ], [ 5.388419914107162, 51.617846204611695 ], [ 5.388946855804626, 51.621343076941884 ], [ 5.38591721841478, 51.620905964886852 ], [ 5.385858564194626, 51.623636254643024 ], [ 5.383852691873994, 51.624085842461 ], [ 5.387467473544812, 51.625748398028882 ], [ 5.383376204816573, 51.627721624284483 ], [ 5.383284926356097, 51.631603854853083 ], [ 5.374997766865556, 51.633693419341093 ], [ 5.371065400616426, 51.632962827323055 ], [ 5.371361050549035, 51.637225916396332 ], [ 5.383261523583229, 51.638589289341574 ], [ 5.371868163912417, 51.641931023879792 ], [ 5.375962799563037, 51.643235009270903 ], [ 5.375439299456621, 51.644450325104508 ], [ 5.379592133051943, 51.644151578568049 ], [ 5.379137648219236, 51.647366944273813 ], [ 5.396154781077739, 51.645320760504724 ], [ 5.405959794946851, 51.648311804905482 ], [ 5.405883989938158, 51.650205295678489 ], [ 5.412296891456251, 51.650303275724191 ], [ 5.411080840660197, 51.65269151384495 ], [ 5.413474851405328, 51.653746421265524 ], [ 5.411425503682727, 51.654458281000863 ], [ 5.415095666655705, 51.654079194634257 ], [ 5.414644280123568, 51.65570261148082 ], [ 5.422230276236101, 51.653593953832782 ], [ 5.427652572892265, 51.655845099709957 ], [ 5.432911371354921, 51.664307008465876 ], [ 5.445034750780439, 51.664244184196612 ], [ 5.456872729671454, 51.687590845241466 ], [ 5.452718757624569, 51.68847496646152 ], [ 5.45167881991187, 51.686751272627532 ], [ 5.445167497953284, 51.688581211434887 ], [ 5.44754723118439, 51.694960236474074 ], [ 5.441353393488158, 51.694656091140338 ], [ 5.443350175489405, 51.697618041776302 ], [ 5.439494504552146, 51.698657561977242 ], [ 5.439330386815525, 51.700434371412598 ], [ 5.428452429202732, 51.701484488059265 ], [ 5.397715370585698, 51.698488513301704 ], [ 5.383903406967488, 51.700938023396915 ], [ 5.374030476345823, 51.700088057220952 ], [ 5.366829144842419, 51.696908366039651 ], [ 5.359272288242861, 51.69868199046747 ], [ 5.366354336370053, 51.688028651722824 ], [ 5.377110255436783, 51.678801808310091 ], [ 5.357351353282125, 51.682002758950603 ], [ 5.352783526881835, 51.681417618744305 ], [ 5.350939364996377, 51.677144820087229 ], [ 5.355962138918092, 51.674003906042913 ], [ 5.353692934900476, 51.671073468182776 ], [ 5.338883190089097, 51.663996644677447 ], [ 5.327474754591667, 51.673367161881217 ], [ 5.303971152722894, 51.665548360088607 ], [ 5.304344370418352, 51.662671399101278 ], [ 5.311739019699906, 51.658128987986146 ], [ 5.31257377651608, 51.65394568670051 ], [ 5.319148573596205, 51.649980116890774 ], [ 5.318671327263371, 51.642054486780943 ], [ 5.321190720198362, 51.636961793728467 ], [ 5.317731908784793, 51.634633938872526 ], [ 5.338404935411465, 51.622127059374733 ], [ 5.343994961782972, 51.622983117167387 ], [ 5.341893453143006, 51.620240951346318 ], [ 5.343177442207559, 51.616867792387247 ], [ 5.33213101972288, 51.611136490795829 ], [ 5.334979061849336, 51.60869811744891 ], [ 5.331995367960889, 51.608486508864758 ], [ 5.331938265030622, 51.607281511009596 ], [ 5.335860316522059, 51.603133775322675 ], [ 5.340833739115862, 51.604350021550992 ], [ 5.342834535396207, 51.600223882634623 ], [ 5.34586687057832, 51.602737923574153 ], [ 5.350985143407918, 51.603966049400803 ], [ 5.352928964244451, 51.600690650155059 ] ] ] } },
{ "type": "Feature", "properties": { "code": "1883", "gemeente": "Sittard-Geleen", "provincie": "Limburg" }, "geometry": { "type": "Polygon", "coordinates": [ [ [ 5.876177558080326, 50.964443282077113 ], [ 5.877858410503509, 50.963802272426072 ], [ 5.886692070200177, 50.968448169150506 ], [ 5.890848412633419, 50.971724908377048 ], [ 5.891036368714366, 50.974093970203604 ], [ 5.897085537187897, 50.974865020440269 ], [ 5.892609935942305, 50.980312771550103 ], [ 5.903725401424301, 50.987197751324771 ], [ 5.905517418785374, 51.002171966311323 ], [ 5.895476573327306, 51.004530555861258 ], [ 5.895739567308203, 51.011019067337706 ], [ 5.884261646994724, 51.013381582743101 ], [ 5.878913566275039, 51.017836978098146 ], [ 5.874599614884816, 51.029205345069407 ], [ 5.877000419017265, 51.032041793993812 ], [ 5.86448434696481, 51.029044327682534 ], [ 5.852792637035162, 51.029249469921268 ], [ 5.849116939774709, 51.036537747881574 ], [ 5.852742776254767, 51.038124330120368 ], [ 5.848526130070987, 51.046328122082883 ], [ 5.841284894591571, 51.045716359546049 ], [ 5.835275414758295, 51.048929555912785 ], [ 5.82725165439481, 51.047523755125184 ], [ 5.823960468393707, 51.072510554036093 ], [ 5.819623100740039, 51.072609865261008 ], [ 5.806934309029343, 51.057572050596448 ], [ 5.803233366681976, 51.057594737869607 ], [ 5.79933879881406, 51.060071809731049 ], [ 5.790463542227601, 51.058905401058794 ], [ 5.781818118610273, 51.062259056900629 ], [ 5.774655575676613, 51.062976794243504 ], [ 5.771669411589217, 51.059891324389838 ], [ 5.770266151635425, 51.048321171669663 ], [ 5.758002325541106, 51.033665680384019 ], [ 5.760818547594141, 51.03000625442381 ], [ 5.769226066344099, 51.028779009634292 ], [ 5.774912860488689, 51.025986425405662 ], [ 5.776434187767024, 51.022448425945413 ], [ 5.773406530285421, 51.01899922188705 ], [ 5.787245343966927, 51.019166512547052 ], [ 5.774827739531743, 51.004154636090377 ], [ 5.7891966623981, 51.001197061628389 ], [ 5.782138475874665, 50.985421985362812 ], [ 5.786706320575696, 50.973568858073172 ], [ 5.783898142408738, 50.968879035020848 ], [ 5.788205670698745, 50.948035877312897 ], [ 5.793361487141127, 50.951904452213398 ], [ 5.802291802252408, 50.947403526555611 ], [ 5.811885574738935, 50.955143265019395 ], [ 5.837819900253955, 50.946398336601874 ], [ 5.843265976359179, 50.963516683053946 ], [ 5.852185085501931, 50.968026992825287 ], [ 5.856398886794579, 50.96475543179141 ], [ 5.858873015148329, 50.966567451594514 ], [ 5.865843889275829, 50.963962001031234 ], [ 5.869177866817925, 50.966567525768596 ], [ 5.873503088632544, 50.962804313250544 ], [ 5.876177558080326, 50.964443282077113 ] ] ] } },
{ "type": "Feature", "properties": { "code": "0610", "gemeente": "Sliedrecht", "provincie": "Zuid-Holland" }, "geometry": { "type": "Polygon", "coordinates": [ [ [ 4.778102179419289, 51.815303375386151 ], [ 4.811415833732428, 51.818658200826235 ], [ 4.811384104824885, 51.821147885237075 ], [ 4.805075450764181, 51.821949431316412 ], [ 4.803378550514556, 51.846353410463053 ], [ 4.788147327925048, 51.844937425174784 ], [ 4.780379735083835, 51.84663993363322 ], [ 4.768013912468024, 51.843862565019542 ], [ 4.756128746159549, 51.84495774268575 ], [ 4.741410293131596, 51.840776409881514 ], [ 4.729638672316223, 51.822168742985923 ], [ 4.748958857786525, 51.822058253273724 ], [ 4.766482077184444, 51.815990487954842 ], [ 4.778102179419289, 51.815303375386151 ] ] ] } },
{ "type": "Feature", "properties": { "code": "1714", "gemeente": "Sluis", "provincie": "Zeeland" }, "geometry": { "type": "Polygon", "coordinates": [ [ [ 3.448224610322975, 51.241499396868093 ], [ 3.527594176366947, 51.246040160138179 ], [ 3.515414802541329, 51.287150604053046 ], [ 3.52912976202771, 51.288743731444058 ], [ 3.533665478719015, 51.283488777790723 ], [ 3.538107150176597, 51.283665173261141 ], [ 3.543426645002193, 51.29119776164675 ], [ 3.555044291112863, 51.289635333973372 ], [ 3.558056179066898, 51.291193327155867 ], [ 3.559759217256765, 51.295454692939892 ], [ 3.562636124034162, 51.295858466693161 ], [ 3.571941280826929, 51.291963475597242 ], [ 3.576159447059411, 51.288007134790334 ], [ 3.579756372115733, 51.288864390759336 ], [ 3.581812050219888, 51.286912514979655 ], [ 3.583879517289913, 51.288884569688953 ], [ 3.583385070703038, 51.292254238553419 ], [ 3.587927919475333, 51.292960466124562 ], [ 3.581112842084095, 51.298321304227336 ], [ 3.590017016371, 51.30595226949751 ], [ 3.590831945393503, 51.30441657455826 ], [ 3.614730981482122, 51.297726596544706 ], [ 3.621227879025325, 51.292765107956711 ], [ 3.625710053344145, 51.293338300598478 ], [ 3.640815472066667, 51.288085859087218 ], [ 3.644406077408317, 51.290110853974198 ], [ 3.658100251417547, 51.290188529997884 ], [ 3.676756693717277, 51.283064628949553 ], [ 3.677910769702706, 51.280526681900838 ], [ 3.689932380886275, 51.28060896502803 ], [ 3.693933704776832, 51.276039047057694 ], [ 3.698181238480079, 51.282714211666814 ], [ 3.70141849931257, 51.282672255755934 ], [ 3.698090731427113, 51.285014639016218 ], [ 3.706610634729913, 51.28882602465719 ], [ 3.705962886095305, 51.300291501447724 ], [ 3.704029603608625, 51.30247915285463 ], [ 3.707143303226256, 51.306636405275007 ], [ 3.703582429855201, 51.309943192841168 ], [ 3.712408708381727, 51.315790676174132 ], [ 3.686283685433835, 51.321598786402113 ], [ 3.666204183523326, 51.319811714134737 ], [ 3.663827731534872, 51.325238887784202 ], [ 3.659991272399207, 51.324886869770701 ], [ 3.657972157013811, 51.333350503231223 ], [ 3.65330982116939, 51.331750066868508 ], [ 3.644149001489147, 51.341830727746476 ], [ 3.649599205136374, 51.342731529897797 ], [ 3.647242164322479, 51.350048750938058 ], [ 3.6541965263868, 51.348390225548073 ], [ 3.659398190840444, 51.351135262960142 ], [ 3.682867085305759, 51.353483221682595 ], [ 3.682386343575446, 51.355273172419089 ], [ 3.687845120827422, 51.355576878701477 ], [ 3.689814669005187, 51.353350683939439 ], [ 3.693814378720913, 51.352473785099086 ], [ 3.691469755536633, 51.397616398529287 ], [ 3.559419079350627, 51.406041789844799 ], [ 3.557339318100482, 51.400813883950178 ], [ 3.55738514248897, 51.402921534323156 ], [ 3.550908021250919, 51.405995872040606 ], [ 3.515006346668514, 51.409016017706755 ], [ 3.50345990456759, 51.407830083653685 ], [ 3.497990724439349, 51.404209793330139 ], [ 3.482560031412553, 51.399573159784353 ], [ 3.455176207941246, 51.394847904895784 ], [ 3.448100686655635, 51.391948025409953 ], [ 3.44025044088828, 51.39118297333173 ], [ 3.432745266033186, 51.392591563052491 ], [ 3.42248173346709, 51.391416711694092 ], [ 3.381720143134678, 51.380493520029503 ], [ 3.37745110567599, 51.377700680164509 ], [ 3.374802260514679, 51.378047928132325 ], [ 3.375174195241927, 51.376552717092352 ], [ 3.372062362048727, 51.376722029508102 ], [ 3.371986032029255, 51.375262474277285 ], [ 3.36306221520372, 51.372880539924751 ], [ 3.374990031828915, 51.358887183688786 ], [ 3.374070692780696, 51.348507825119199 ], [ 3.383512994884925, 51.341205007086344 ], [ 3.385340148016873, 51.334124862420481 ], [ 3.358378188466617, 51.314981424985298 ], [ 3.378079453001728, 51.302650349983828 ], [ 3.36600305144921, 51.298232615867192 ], [ 3.370287028371452, 51.291940422492246 ], [ 3.380796228728047, 51.28696147337034 ], [ 3.381680140361484, 51.281623510267138 ], [ 3.375929538041643, 51.279484620570841 ], [ 3.375698181868469, 51.277210548798877 ], [ 3.379014072177933, 51.274792581247212 ], [ 3.387979371693528, 51.273191835685253 ], [ 3.394643003543223, 51.265316672987417 ], [ 3.403162273363658, 51.262463171140695 ], [ 3.407402916904594, 51.256962063695653 ], [ 3.411491162131037, 51.256903186308925 ], [ 3.416842672468816, 51.26001008680587 ], [ 3.418011862619152, 51.257693393480181 ], [ 3.424598656237634, 51.254207962772654 ], [ 3.427478866333237, 51.244656941790161 ], [ 3.43231383000652, 51.245609363177806 ], [ 3.448224610322975, 51.241499396868093 ] ] ] } },
{ "type": "Feature", "properties": { "code": "0090", "gemeente": "Smallingerland", "provincie": "Fryslân" }, "geometry": { "type": "Polygon", "coordinates": [ [ [ 5.929920392522528, 53.080804942029957 ], [ 5.982796822589989, 53.07730550553643 ], [ 5.987493209611986, 53.080761036372593 ], [ 5.998565282333275, 53.080953513827772 ], [ 6.017466756213232, 53.076104989425545 ], [ 6.019542709154005, 53.07705689279635 ], [ 6.0243990042007, 53.073360880986471 ], [ 6.089159827279914, 53.070957008081983 ], [ 6.104895473726771, 53.077743060621543 ], [ 6.124961621417822, 53.101211303073818 ], [ 6.144891970399478, 53.10857049936692 ], [ 6.163946461662483, 53.12076328877253 ], [ 6.185716697876912, 53.129213444945634 ], [ 6.175317221768002, 53.135481951989583 ], [ 6.176750362134579, 53.159504517914982 ], [ 6.15198645398482, 53.150832781261471 ], [ 6.148118253078406, 53.157827436499915 ], [ 6.121632849971259, 53.144993403602584 ], [ 6.11879150035738, 53.145740542441445 ], [ 6.119338488879478, 53.149419963941689 ], [ 6.112537321504151, 53.150196135534863 ], [ 6.108192014819984, 53.152314613172216 ], [ 6.104488889778854, 53.150430406436456 ], [ 6.093943080977946, 53.156134381901488 ], [ 6.088799540100789, 53.153928265884737 ], [ 6.085204871390848, 53.158988342556363 ], [ 6.078931649794666, 53.156455159629239 ], [ 6.042088811101155, 53.156560292442407 ], [ 6.011723137376147, 53.154281968300445 ], [ 5.99699272267349, 53.147771593944732 ], [ 5.97442292938901, 53.134627323725908 ], [ 5.94327751374276, 53.124441871042009 ], [ 5.949656608816172, 53.104891707029523 ], [ 5.947199376595039, 53.103943808440292 ], [ 5.931584986001023, 53.110608479751299 ], [ 5.927869084229587, 53.108938500039443 ], [ 5.910696179583948, 53.109180598737744 ], [ 5.882005817437324, 53.106939479779037 ], [ 5.885984949960714, 53.09443914060094 ], [ 5.878119845955161, 53.090966038445153 ], [ 5.883288962525465, 53.090923685503093 ], [ 5.883114376953569, 53.088963282670008 ], [ 5.871881848294818, 53.0839457209564 ], [ 5.871502057473201, 53.074210013085057 ], [ 5.894974029417214, 53.076228505197925 ], [ 5.897039248720961, 53.079005489061721 ], [ 5.927333393549098, 53.078295301199816 ], [ 5.929920392522528, 53.080804942029957 ] ] ] } },
{ "type": "Feature", "properties": { "code": "0342", "gemeente": "Soest", "provincie": "Utrecht" }, "geometry": { "type": "Polygon", "coordinates": [ [ [ 5.306458637277721, 52.110271467531476 ], [ 5.33126784565761, 52.126630205476751 ], [ 5.333851663440242, 52.131345355243603 ], [ 5.330968589528164, 52.137290580356712 ], [ 5.336298112649423, 52.14585569672564 ], [ 5.338720282891178, 52.160056514331359 ], [ 5.343483727281614, 52.160270547038621 ], [ 5.347315458500958, 52.172788715907316 ], [ 5.349925436906076, 52.173856672144318 ], [ 5.349897623500033, 52.175605043256617 ], [ 5.340782713189375, 52.178096610271922 ], [ 5.336949122417814, 52.182572308758608 ], [ 5.323886505764837, 52.182463013275758 ], [ 5.32438356664861, 52.187924639644955 ], [ 5.321471361263266, 52.189923912033201 ], [ 5.310671685655695, 52.19142774095512 ], [ 5.30931610711383, 52.194661375547533 ], [ 5.31447554198026, 52.203482885341373 ], [ 5.308867657989082, 52.204561200131806 ], [ 5.303906844632929, 52.199960305906203 ], [ 5.268406482451801, 52.187678278829033 ], [ 5.247165455493782, 52.174378460299565 ], [ 5.243172629711309, 52.170076421347012 ], [ 5.254793959995975, 52.149515926740662 ], [ 5.255915566480483, 52.136724063900779 ], [ 5.26410182272398, 52.125080073801293 ], [ 5.27193611189682, 52.127045537127856 ], [ 5.282138309690537, 52.112062930057633 ], [ 5.291823459436433, 52.114542759842116 ], [ 5.306458637277721, 52.110271467531476 ] ] ] } },
{ "type": "Feature", "properties": { "code": "0847", "gemeente": "Someren", "provincie": "Noord-Brabant" }, "geometry": { "type": "Polygon", "coordinates": [ [ [ 5.672141903261203, 51.315099953677695 ], [ 5.770448614942778, 51.333804592247795 ], [ 5.745459769328089, 51.371105728638526 ], [ 5.74021604007549, 51.369793276818733 ], [ 5.736108763519786, 51.389685252638643 ], [ 5.704449667951496, 51.4103935456573 ], [ 5.693941389948892, 51.439360095600669 ], [ 5.671765901472869, 51.457809797746741 ], [ 5.656468184293934, 51.456559612753033 ], [ 5.653307665378117, 51.446385264760487 ], [ 5.648265746740738, 51.441506892300076 ], [ 5.643623790727613, 51.440192617234963 ], [ 5.639015503857007, 51.422456487754346 ], [ 5.637854858453799, 51.406781059411927 ], [ 5.638919675338412, 51.389173148085128 ], [ 5.666769239487309, 51.326725022132656 ], [ 5.672090678914394, 51.323592158378808 ], [ 5.670226321339013, 51.317659051339128 ], [ 5.672141903261203, 51.315099953677695 ] ] ] } },
{ "type": "Feature", "properties": { "code": "0848", "gemeente": "Son en Breugel", "provincie": "Noord-Brabant" }, "geometry": { "type": "Polygon", "coordinates": [ [ [ 5.442453751857081, 51.49415679120515 ], [ 5.46389514642097, 51.496978505141861 ], [ 5.470258521391379, 51.495586736542251 ], [ 5.476602123987758, 51.497076108677447 ], [ 5.511424143929339, 51.496922166230419 ], [ 5.509783617064312, 51.498661066861274 ], [ 5.518599176548887, 51.501995801915719 ], [ 5.526116537424895, 51.501446351143798 ], [ 5.546272786526988, 51.512695679266088 ], [ 5.540674774177544, 51.520664930864008 ], [ 5.545634246561123, 51.519949718570118 ], [ 5.544747851555305, 51.523537377174023 ], [ 5.540194942079579, 51.526011778291306 ], [ 5.53681155299429, 51.526006196965874 ], [ 5.536733421241687, 51.525051973625665 ], [ 5.530863593570237, 51.525048678923007 ], [ 5.525047827901271, 51.521869007893422 ], [ 5.522613575245874, 51.523430820691416 ], [ 5.518952014456694, 51.522268935526611 ], [ 5.513015367287685, 51.524310974272801 ], [ 5.50008027322132, 51.52138582448665 ], [ 5.499938184139129, 51.525287046137073 ], [ 5.503725148673899, 51.526496457150131 ], [ 5.49827153054458, 51.52852964818414 ], [ 5.493449074038925, 51.526685557301732 ], [ 5.488815415535721, 51.533285216566206 ], [ 5.487145719583416, 51.541848374269911 ], [ 5.468283848996162, 51.540646798732787 ], [ 5.437412302715797, 51.533972809630569 ], [ 5.431572650600772, 51.533346895216916 ], [ 5.429834785515268, 51.534970143156457 ], [ 5.423842809239527, 51.534055102806711 ], [ 5.447507694079306, 51.51206895710169 ], [ 5.440704809757545, 51.496059290816945 ], [ 5.442453751857081, 51.49415679120515 ] ] ] } },
{ "type": "Feature", "properties": { "code": "0037", "gemeente": "Stadskanaal", "provincie": "Groningen" }, "geometry": { "type": "Polygon", "coordinates": [ [ [ 7.026941320589732, 52.919266669552968 ], [ 7.029572032006229, 52.923943663512937 ], [ 7.036299781634284, 52.929265985041461 ], [ 7.06353873320854, 52.930977513368894 ], [ 7.064675478414901, 52.951184608633554 ], [ 7.069930444293894, 52.953003946951355 ], [ 7.072058186308186, 53.003786688001597 ], [ 7.100013475785397, 53.016444448608695 ], [ 7.097685615140323, 53.021410673513877 ], [ 7.091959476676363, 53.022846146119498 ], [ 7.088447641718959, 53.026341658428173 ], [ 7.082749311611383, 53.025497686414226 ], [ 7.080946131809569, 53.027827294993976 ], [ 7.083047321463642, 53.039215259232527 ], [ 7.086610545425915, 53.040258220709752 ], [ 7.086126604962005, 53.042340882087338 ], [ 7.081502980570874, 53.044474797470968 ], [ 7.070108349091839, 53.042770992260905 ], [ 7.068010530137141, 53.043563546028288 ], [ 7.068275365592746, 53.050718308867076 ], [ 7.074541106503898, 53.049946895440812 ], [ 7.076836294953593, 53.051291995680849 ], [ 7.080095420034789, 53.06144223441116 ], [ 7.074536032943126, 53.064889242284742 ], [ 7.065946724064858, 53.067278999737447 ], [ 7.060163483073814, 53.065808267162062 ], [ 7.03377462621238, 53.064715562957915 ], [ 7.032809634132719, 53.066825766994924 ], [ 7.02974905777927, 53.066527153496644 ], [ 7.019100746325253, 53.071466986022074 ], [ 7.015445872946292, 53.071774140023223 ], [ 7.013333025504304, 53.069440515556614 ], [ 7.010133389536433, 53.073701703690922 ], [ 6.993825945017236, 53.055630009799387 ], [ 6.990557737347856, 53.054986755789727 ], [ 6.987828463027081, 53.049076395625157 ], [ 6.955790048366118, 53.013860661519089 ], [ 6.936125629426096, 53.019479642437148 ], [ 6.907702762306002, 53.038880976344537 ], [ 6.898931078995241, 53.032406482881676 ], [ 6.881443427616986, 53.046618818006031 ], [ 6.868641299523702, 53.04128416573915 ], [ 6.865387024554435, 53.042966018046144 ], [ 6.861287449715265, 53.040874021961642 ], [ 6.936610403036547, 52.992759757028857 ], [ 7.015973816385361, 52.924576255174223 ], [ 7.026941320589732, 52.919266669552968 ] ] ] } },
{ "type": "Feature", "properties": { "code": "0180", "gemeente": "Staphorst", "provincie": "Overijssel" }, "geometry": { "type": "Polygon", "coordinates": [ [ [ 6.131272703029373, 52.581375163049152 ], [ 6.147583063092482, 52.585203745528034 ], [ 6.179476426102749, 52.587929863748741 ], [ 6.19509366003647, 52.584110982354133 ], [ 6.246925960192478, 52.590325354296446 ], [ 6.270744293660863, 52.59505147142599 ], [ 6.274776253401332, 52.594787550028798 ], [ 6.274898166950138, 52.593704792361699 ], [ 6.286326524425576, 52.596211790959458 ], [ 6.286958259156577, 52.595191748241945 ], [ 6.303063689094568, 52.597141153016416 ], [ 6.327797714749274, 52.658692750218059 ], [ 6.325857256825353, 52.662809817113406 ], [ 6.329290124385206, 52.665398462576952 ], [ 6.327036906155674, 52.669158977138167 ], [ 6.319362015027632, 52.67039794722551 ], [ 6.309759015726736, 52.666751493220104 ], [ 6.297634495747944, 52.666386272785232 ], [ 6.295366874125087, 52.662286040125011 ], [ 6.287486932352726, 52.663452605207127 ], [ 6.28546478532159, 52.667022197121391 ], [ 6.279162699368706, 52.669053025260418 ], [ 6.273200221220494, 52.664836772953358 ], [ 6.270067121250697, 52.664794119772829 ], [ 6.26579424705165, 52.666864993020248 ], [ 6.265400951771927, 52.669179519747637 ], [ 6.260535140454307, 52.670477829272819 ], [ 6.25200145585189, 52.669881376632965 ], [ 6.247286054511523, 52.672811166515238 ], [ 6.248365118704737, 52.675616799476245 ], [ 6.243760703843627, 52.678718285015201 ], [ 6.237074552054643, 52.677547646337537 ], [ 6.232843134699774, 52.679109358010109 ], [ 6.232740874719401, 52.681454575386297 ], [ 6.221090884837987, 52.682778883069318 ], [ 6.21870790748476, 52.684327218171255 ], [ 6.219806803990172, 52.685704471552107 ], [ 6.21497920580756, 52.686486184458374 ], [ 6.212535765388541, 52.684633636760921 ], [ 6.20168151354486, 52.684620287670008 ], [ 6.195036120236571, 52.679572913474935 ], [ 6.194229775394771, 52.676629589032459 ], [ 6.19205477401142, 52.676426476245716 ], [ 6.191444473495721, 52.679319853399655 ], [ 6.18786218754934, 52.679613752555724 ], [ 6.185870691692579, 52.682503517789023 ], [ 6.18054821270275, 52.681587878750129 ], [ 6.184208085863065, 52.677207836812933 ], [ 6.181932926370133, 52.67686820745265 ], [ 6.18268480959986, 52.675119584417224 ], [ 6.163884975294059, 52.679505774255617 ], [ 6.169650901600027, 52.686120774785493 ], [ 6.168195571390307, 52.688135880927717 ], [ 6.159616244836492, 52.692161512789163 ], [ 6.154978681387531, 52.69072804101615 ], [ 6.152088565751365, 52.684245005326851 ], [ 6.135737677992068, 52.677071716051508 ], [ 6.135892474120784, 52.674483328718921 ], [ 6.131328349182498, 52.671899758613854 ], [ 6.127757187705247, 52.672056125274651 ], [ 6.119541442590532, 52.66820373130502 ], [ 6.120271326648631, 52.665089594290073 ], [ 6.106631616408372, 52.656757818394915 ], [ 6.104291291663817, 52.657119784828474 ], [ 6.104200697202995, 52.647105186577015 ], [ 6.101932034112798, 52.640620212729218 ], [ 6.096728918979936, 52.635087824002952 ], [ 6.09591666115409, 52.6309412003069 ], [ 6.098347896903242, 52.625554859676846 ], [ 6.103930581507871, 52.6255694161812 ], [ 6.107476764980333, 52.618872776757257 ], [ 6.106950861455765, 52.614832222702873 ], [ 6.103700968349265, 52.612685510488397 ], [ 6.106229779954313, 52.607034733555949 ], [ 6.103224949120609, 52.605368455190025 ], [ 6.124056859752215, 52.594056576701725 ], [ 6.12409039148689, 52.590844089830199 ], [ 6.131272703029373, 52.581375163049152 ] ] ] } },
{ "type": "Feature", "properties": { "code": "0532", "gemeente": "Stede Broec", "provincie": "Noord-Holland" }, "geometry": { "type": "Polygon", "coordinates": [ [ [ 5.259189513361217, 52.686303532863441 ], [ 5.257501408290725, 52.716180778114868 ], [ 5.215668263665939, 52.717389934643236 ], [ 5.18537341986558, 52.710228083678942 ], [ 5.204595136416017, 52.677613676526008 ], [ 5.208367834357023, 52.683726686788816 ], [ 5.246002265768221, 52.686602786576728 ], [ 5.262266016682656, 52.676829320802383 ], [ 5.268962125165724, 52.680268254421115 ], [ 5.259189513361217, 52.686303532863441 ] ] ] } },
{ "type": "Feature", "properties": { "code": "0851", "gemeente": "Steenbergen", "provincie": "Noord-Brabant" }, "geometry": { "type": "Polygon", "coordinates": [ [ [ 4.238691864394987, 51.550531738195509 ], [ 4.243403581547234, 51.559574517209953 ], [ 4.242975447305795, 51.562979812477771 ], [ 4.252008163988365, 51.570661270459077 ], [ 4.267622507713618, 51.568010144335389 ], [ 4.267162303771695, 51.564944393153802 ], [ 4.298633222009562, 51.558843906693319 ], [ 4.296156536763919, 51.553796704150436 ], [ 4.375361929977194, 51.543721411332967 ], [ 4.411462872376791, 51.551598292679834 ], [ 4.426878353660555, 51.552382760468916 ], [ 4.429032309253997, 51.555701269476771 ], [ 4.438381470692239, 51.556391263491186 ], [ 4.441078188480252, 51.558491643239115 ], [ 4.441953917567393, 51.567385048229177 ], [ 4.443999240808985, 51.569095441252841 ], [ 4.431080921925385, 51.586287275073552 ], [ 4.426674801478486, 51.61174020757791 ], [ 4.431546545060334, 51.610845000011928 ], [ 4.433765468549932, 51.615939452810991 ], [ 4.435678421096211, 51.615150729118618 ], [ 4.437827867147123, 51.617119165111248 ], [ 4.428738780061432, 51.623339547237833 ], [ 4.423859219270903, 51.630265010850529 ], [ 4.40889589804821, 51.632821305872532 ], [ 4.399904562623932, 51.638805213773338 ], [ 4.39615011386347, 51.643710847181048 ], [ 4.387815284731862, 51.645649074890592 ], [ 4.376452250553202, 51.6518745010899 ], [ 4.361821590882663, 51.662979067269418 ], [ 4.332549787693647, 51.653749263266718 ], [ 4.275002700539919, 51.643777890931112 ], [ 4.242786202900074, 51.647063006140435 ], [ 4.238168240399168, 51.634297885406802 ], [ 4.211944514061856, 51.626788600026131 ], [ 4.199272708831559, 51.619538610164319 ], [ 4.192806110934698, 51.611539986824752 ], [ 4.190124099799283, 51.602751048664594 ], [ 4.191430590598899, 51.59562835317837 ], [ 4.195717966897086, 51.588975187003776 ], [ 4.228121118995836, 51.563716310317091 ], [ 4.233543599939189, 51.557393431143758 ], [ 4.236118851641471, 51.550365801749258 ], [ 4.238691864394987, 51.550531738195509 ] ] ] } },
{ "type": "Feature", "properties": { "code": "1708", "gemeente": "Steenwijkerland", "provincie": "Overijssel" }, "geometry": { "type": "Polygon", "coordinates": [ [ [ 6.054864166445728, 52.65021892943286 ], [ 6.085562846435554, 52.663274216796509 ], [ 6.097360359275135, 52.664627379984232 ], [ 6.099917290619293, 52.660821279634909 ], [ 6.107439171730041, 52.665617779408549 ], [ 6.121933667245403, 52.668300748118504 ], [ 6.127201347135546, 52.671844780507691 ], [ 6.130917335388968, 52.671736334716513 ], [ 6.135892474120784, 52.674483328718921 ], [ 6.135737677992068, 52.677071716051508 ], [ 6.15212729640785, 52.684276355523217 ], [ 6.154498491720791, 52.690410581592403 ], [ 6.158976044202786, 52.692154182546261 ], [ 6.156606683940877, 52.691957351458932 ], [ 6.155244890883186, 52.694039065084311 ], [ 6.148497573933915, 52.707631353307484 ], [ 6.120332108616684, 52.750149049131018 ], [ 6.120557387640116, 52.752467987453556 ], [ 6.126616682631568, 52.756935134094249 ], [ 6.156702729770606, 52.762698544397509 ], [ 6.163939988694347, 52.766449350452469 ], [ 6.168525391322549, 52.767093496962296 ], [ 6.173099014445943, 52.773316568941745 ], [ 6.19380786725661, 52.786402810699343 ], [ 6.201730744796174, 52.793696099174504 ], [ 6.177229785126165, 52.813851095937665 ], [ 6.171681875429972, 52.815060238850094 ], [ 6.157643906798454, 52.825035553255638 ], [ 6.149198959403664, 52.828402422765969 ], [ 6.151962157766132, 52.828829690558557 ], [ 6.130311519147278, 52.843930387385605 ], [ 6.128694395712844, 52.847807374706228 ], [ 6.119819892280201, 52.854214947607105 ], [ 6.087480422416818, 52.843113867076831 ], [ 6.082345868272419, 52.839069396937539 ], [ 6.061500366066785, 52.839296552774769 ], [ 6.052607350406423, 52.837339124075172 ], [ 6.059951036131378, 52.826118541070734 ], [ 6.031168382021489, 52.814990713066251 ], [ 6.02455896491813, 52.822544667014604 ], [ 6.007483400205372, 52.820046473283142 ], [ 5.996507858901852, 52.816561514056126 ], [ 5.99057465774534, 52.821596565197524 ], [ 5.986479005860229, 52.821693345452388 ], [ 5.976174986993284, 52.834748176398897 ], [ 5.973127797640343, 52.842469718794391 ], [ 5.969976270535325, 52.842375327479992 ], [ 5.958097642289516, 52.839394855696014 ], [ 5.955764177905015, 52.837373721386435 ], [ 5.955783676082033, 52.833234573489335 ], [ 5.94593286367176, 52.837452192451934 ], [ 5.927078917922038, 52.833826829207808 ], [ 5.930688880315548, 52.831938448826605 ], [ 5.922840949670863, 52.83079184157355 ], [ 5.926407425201272, 52.828349543537342 ], [ 5.922904659410929, 52.827452082915045 ], [ 5.924078796565778, 52.823488189857208 ], [ 5.914997650420538, 52.819455984129668 ], [ 5.909370089271711, 52.814059232901236 ], [ 5.900657175777219, 52.811824869849964 ], [ 5.897881480382495, 52.807803316540024 ], [ 5.882577949133359, 52.803919605056208 ], [ 5.878762612826881, 52.800848790191331 ], [ 5.868679643200805, 52.80272623372192 ], [ 5.865636140850325, 52.804650459693896 ], [ 5.859639959971885, 52.804536248773566 ], [ 5.857026773885436, 52.807228865233043 ], [ 5.854667407153306, 52.805506841744233 ], [ 5.843593645553108, 52.805032546077008 ], [ 5.842201970252107, 52.807584269756511 ], [ 5.836474222015947, 52.80579310258085 ], [ 5.837365348039207, 52.808261818876524 ], [ 5.833629385631933, 52.811655775223727 ], [ 5.824198138791934, 52.813276993176387 ], [ 5.819744200440124, 52.81727839297055 ], [ 5.795177036127015, 52.806521841758901 ], [ 5.805926108004947, 52.794859363983285 ], [ 5.818656495373084, 52.787635737770124 ], [ 5.818791765667337, 52.784696652067787 ], [ 5.836254396330806, 52.785637364559463 ], [ 5.849698683144522, 52.784738735134994 ], [ 5.860257540015414, 52.781816539872921 ], [ 5.879682602209261, 52.77325052786928 ], [ 5.896085419328658, 52.762822019405085 ], [ 5.900054129486988, 52.761195257489923 ], [ 5.906009448615988, 52.761325561744307 ], [ 5.922574005300956, 52.750691579542902 ], [ 5.942555033588877, 52.715002003915131 ], [ 5.951161373438996, 52.711919226031611 ], [ 5.955315513303228, 52.707261777367663 ], [ 5.954839012578696, 52.703767629972432 ], [ 5.959011670967933, 52.703863427835884 ], [ 5.964825029200409, 52.698104427583274 ], [ 5.965155431572479, 52.69356972711158 ], [ 5.962104802484162, 52.690350678530287 ], [ 5.952740281972556, 52.685240025863557 ], [ 5.949519115260153, 52.685713462870197 ], [ 5.933870300943042, 52.675510462809505 ], [ 5.933084018482905, 52.671263520465878 ], [ 5.935147854888787, 52.669233807850951 ], [ 5.939725868009593, 52.668835251460827 ], [ 5.941593521767087, 52.670516680587028 ], [ 5.966851670039639, 52.666580187626245 ], [ 5.984048067254835, 52.657191652704157 ], [ 5.999529745652922, 52.65463594861631 ], [ 6.006915444778086, 52.651286329541861 ], [ 6.021083251933266, 52.641363278468525 ], [ 6.038208218256456, 52.649500010696393 ], [ 6.054864166445728, 52.65021892943286 ] ] ] } },
{ "type": "Feature", "properties": { "code": "0971", "gemeente": "Stein", "provincie": "Limburg" }, "geometry": { "type": "Polygon", "coordinates": [ [ [ 5.77108942003467, 50.927976774428885 ], [ 5.777919440152323, 50.932689343871708 ], [ 5.779230537424556, 50.93924120746037 ], [ 5.783730985210692, 50.942996890484608 ], [ 5.779171327014994, 50.943816090143997 ], [ 5.779954573325591, 50.945339279041519 ], [ 5.788107728063426, 50.948606264482684 ], [ 5.783898142408738, 50.968879035020848 ], [ 5.786706320575696, 50.973568858073172 ], [ 5.782138475874665, 50.985421985362812 ], [ 5.7891966623981, 51.001197061628389 ], [ 5.774827739531743, 51.004154636090377 ], [ 5.787245343966927, 51.019166512547052 ], [ 5.773406530285421, 51.01899922188705 ], [ 5.772031254586239, 51.017879882050607 ], [ 5.765968018892379, 51.009638454431197 ], [ 5.766496328890685, 50.9981026321516 ], [ 5.756521107089153, 50.991607974205237 ], [ 5.74988398577148, 50.982536617443792 ], [ 5.737295239074929, 50.9786910011617 ], [ 5.734296218577953, 50.972741672829848 ], [ 5.72854475348518, 50.969873437247401 ], [ 5.7197859439061, 50.961510259429566 ], [ 5.722012223474358, 50.957134629588857 ], [ 5.728100391424682, 50.954964479167145 ], [ 5.734159563249525, 50.955451021477863 ], [ 5.744633670438954, 50.961538862847 ], [ 5.750523077443586, 50.96074092582365 ], [ 5.756048259923799, 50.957723149931049 ], [ 5.759123861303933, 50.953567912877688 ], [ 5.75810804383903, 50.950750375208735 ], [ 5.745877405853386, 50.946495748225111 ], [ 5.748239586023028, 50.938981354711572 ], [ 5.750119669112555, 50.939203162329456 ], [ 5.748561033752152, 50.935912353621248 ], [ 5.755431365026342, 50.931754452805734 ], [ 5.757463483117041, 50.932301979523224 ], [ 5.77108942003467, 50.927976774428885 ] ] ] } },
{ "type": "Feature", "properties": { "code": "1904", "gemeente": "Stichtse Vecht", "provincie": "Utrecht" }, "geometry": { "type": "Polygon", "coordinates": [ [ [ 5.072328044146353, 52.125325054248393 ], [ 5.08716452481864, 52.13567146037736 ], [ 5.103397424512583, 52.129848375733779 ], [ 5.120528952066798, 52.145541143529101 ], [ 5.094889715998248, 52.155349030750877 ], [ 5.118845195323209, 52.172406046397271 ], [ 5.115293730203524, 52.179852795812003 ], [ 5.046158700507451, 52.166074882625615 ], [ 5.042049310840188, 52.183370016404503 ], [ 5.032503228596427, 52.184113411937624 ], [ 5.038134079736744, 52.195163176630651 ], [ 5.037201070985889, 52.197949065915275 ], [ 5.021292961299363, 52.201885747289232 ], [ 5.023006282866662, 52.201746103858092 ], [ 5.022621037271883, 52.203941466943292 ], [ 5.036649900454547, 52.202137990819949 ], [ 5.036444713391115, 52.209567956883603 ], [ 5.033400588234977, 52.209836235910764 ], [ 5.033787957565437, 52.213713999332221 ], [ 5.037290337785751, 52.214215183945349 ], [ 5.035329563697188, 52.214462270166742 ], [ 5.037144909725027, 52.216202994743071 ], [ 5.036665605127824, 52.224360158197619 ], [ 5.042795658970248, 52.224039514521991 ], [ 5.037101784687222, 52.225341652921415 ], [ 5.042484456280895, 52.228779887442883 ], [ 5.040517640271482, 52.229833822021703 ], [ 5.041585571892408, 52.230888227018212 ], [ 5.057729909436529, 52.235352783082639 ], [ 5.045854211322381, 52.243381628326773 ], [ 5.046634026058073, 52.24854112563257 ], [ 5.042943403498616, 52.255976933371549 ], [ 5.040062299649423, 52.256498888573141 ], [ 5.03573299099787, 52.25265420037946 ], [ 5.031859536739088, 52.255116963548517 ], [ 5.032489031454804, 52.260165741369349 ], [ 5.026582061665217, 52.264148056793147 ], [ 5.027750280168867, 52.267573837596288 ], [ 5.022886888280239, 52.272483441188207 ], [ 5.03057925460582, 52.272247775118231 ], [ 5.033328027345994, 52.275436955372115 ], [ 5.0421098704662, 52.277869656818076 ], [ 5.048601724693415, 52.277029613564771 ], [ 5.050753457092013, 52.281817810476639 ], [ 5.060518838142712, 52.285168711518523 ], [ 5.062838397855385, 52.28479800493573 ], [ 5.063070246692036, 52.281841318492233 ], [ 5.065880044174879, 52.280543223103301 ], [ 5.065471488012995, 52.285198161228166 ], [ 5.05954030067901, 52.289320137228202 ], [ 5.0527691460713, 52.286485258894778 ], [ 5.050404332048175, 52.287871986500974 ], [ 5.042778658857368, 52.282488143421226 ], [ 5.030528419199376, 52.288487185379374 ], [ 5.024381634026803, 52.281357450835692 ], [ 5.021068335190336, 52.282989120973355 ], [ 5.007463039530507, 52.231704520941754 ], [ 4.997414948823475, 52.230817247977214 ], [ 4.99472757790945, 52.232474231507794 ], [ 4.994729787472618, 52.230266343551421 ], [ 4.980413602926309, 52.226847399279784 ], [ 4.982874235353441, 52.222415600385247 ], [ 4.973746602125487, 52.220598420641949 ], [ 4.966595725219913, 52.200052318835851 ], [ 4.961387672367985, 52.199475123782399 ], [ 4.960808553013462, 52.197819787274142 ], [ 4.950881271078694, 52.198638503941247 ], [ 4.948382719442059, 52.193598188530999 ], [ 4.948571574298411, 52.185784688238172 ], [ 4.94571262458498, 52.185812994646298 ], [ 4.933995273790775, 52.176945039776371 ], [ 4.935006837623514, 52.175854807983789 ], [ 4.931409957988562, 52.173709761453949 ], [ 4.932468009009674, 52.172493691291642 ], [ 4.92860632004416, 52.167200116527276 ], [ 4.909637962609869, 52.161870896428006 ], [ 4.911777576338983, 52.144254479203788 ], [ 4.923601714468972, 52.147318883611781 ], [ 4.934697161842117, 52.138604839676447 ], [ 4.94398449501239, 52.127495528630135 ], [ 4.960992107580071, 52.133367615505563 ], [ 4.970095982996261, 52.122441674851842 ], [ 4.973938347798336, 52.129673243354382 ], [ 4.985237993542656, 52.13243713717933 ], [ 4.986387760591256, 52.135249142562635 ], [ 5.003101719772138, 52.142050601985751 ], [ 5.012212601876797, 52.129600421013052 ], [ 5.032675614651981, 52.116767999570115 ], [ 5.04755602069373, 52.129972416353802 ], [ 5.061204542855257, 52.12256178300543 ], [ 5.070198665340198, 52.127181491487775 ], [ 5.072328044146353, 52.125325054248393 ] ] ] } },
{ "type": "Feature", "properties": { "code": "1900", "gemeente": "Súdwest-Fryslân", "provincie": "Fryslân" }, "geometry": { "type": "Polygon", "coordinates": [ [ [ 5.337841622328026, 52.795955061962886 ], [ 5.44134004551694, 52.850072460140801 ], [ 5.433351532458092, 52.870108719520125 ], [ 5.426101730443572, 52.873294128293139 ], [ 5.432808821263168, 52.874652144596212 ], [ 5.465052747100127, 52.871294462613911 ], [ 5.472340434008314, 52.873034453797601 ], [ 5.477099642899102, 52.868764000240809 ], [ 5.487486931518093, 52.873398480454284 ], [ 5.490171432845225, 52.871432265376406 ], [ 5.495517092482997, 52.873815685034174 ], [ 5.49590274334885, 52.876054495873646 ], [ 5.501822448106886, 52.880211826153399 ], [ 5.489712460187961, 52.886030018183021 ], [ 5.493844792746342, 52.889835757261373 ], [ 5.47718858163603, 52.902740196033328 ], [ 5.512268268262478, 52.927208556530616 ], [ 5.564778532979476, 52.94748132643884 ], [ 5.569021512299595, 52.945534928826746 ], [ 5.577259386419445, 52.935204548411164 ], [ 5.58053142732079, 52.934046075260362 ], [ 5.594259853990244, 52.91541158118352 ], [ 5.639978279807169, 52.922469482759482 ], [ 5.642455007097712, 52.9361672873031 ], [ 5.689325966364073, 52.932966631341728 ], [ 5.690940480918908, 52.96508789358213 ], [ 5.68752027023022, 52.981002138755933 ], [ 5.688489263928005, 52.985583847142479 ], [ 5.691431797996835, 52.988646244904075 ], [ 5.699208196201897, 52.985504209891559 ], [ 5.706541694786914, 52.984475302383927 ], [ 5.716857896416426, 52.995677298939469 ], [ 5.730616065869462, 53.001274271482806 ], [ 5.742258182598978, 53.002300630296652 ], [ 5.742182559288693, 53.005351442694391 ], [ 5.748824452375638, 53.007583632583561 ], [ 5.733241303609145, 53.01543806847387 ], [ 5.736581805911653, 53.029886708191071 ], [ 5.755432158839471, 53.046838058056387 ], [ 5.771411818815204, 53.047197226334198 ], [ 5.766813017455656, 53.050545395248015 ], [ 5.761843129325046, 53.06079838187015 ], [ 5.766083811244247, 53.061388182856668 ], [ 5.775746607273914, 53.066698776374757 ], [ 5.773563617669766, 53.074109129688544 ], [ 5.764282733389947, 53.080276171934052 ], [ 5.772610857384692, 53.081807452334779 ], [ 5.774502389238153, 53.086328366253767 ], [ 5.771383907985754, 53.089105933899624 ], [ 5.788229258740958, 53.096594116652597 ], [ 5.787380274351802, 53.098496684182443 ], [ 5.777873490608459, 53.103184530984223 ], [ 5.770580033300942, 53.102656080316372 ], [ 5.76777930619116, 53.105063843295888 ], [ 5.770537320668596, 53.106195434760544 ], [ 5.764410574287561, 53.109590578561928 ], [ 5.762627700905779, 53.108817432987337 ], [ 5.761404020352931, 53.113679049477923 ], [ 5.757448946277689, 53.112715507189527 ], [ 5.756243708005615, 53.120836635599744 ], [ 5.751507608085896, 53.12651591421745 ], [ 5.739887191600813, 53.123543460067367 ], [ 5.736178763083127, 53.121902213077703 ], [ 5.737153614469756, 53.120835789279447 ], [ 5.729667567929217, 53.120303512050057 ], [ 5.725123874508866, 53.12359453301957 ], [ 5.721107513140871, 53.120489016549492 ], [ 5.707938875728286, 53.119698800729289 ], [ 5.70061269324377, 53.115775009981107 ], [ 5.696312286633501, 53.119122019119978 ], [ 5.695433035196338, 53.123008889202332 ], [ 5.693288053913862, 53.12295624292701 ], [ 5.695616537274298, 53.126825900456083 ], [ 5.68597405594712, 53.129867423443294 ], [ 5.684880699782547, 53.128267492336086 ], [ 5.680037039441692, 53.128575453751694 ], [ 5.673385555179767, 53.125340773800247 ], [ 5.656514405427747, 53.112363697994354 ], [ 5.646412698489248, 53.116350123339963 ], [ 5.643103463818608, 53.122876952725186 ], [ 5.627423727628805, 53.126702996618576 ], [ 5.627268258595074, 53.128339710032186 ], [ 5.621922979058111, 53.126921019318267 ], [ 5.626236021409114, 53.132007714250491 ], [ 5.622215916983687, 53.13824792495231 ], [ 5.596331445887802, 53.125963580390859 ], [ 5.59442054269152, 53.129469847422619 ], [ 5.591231687129518, 53.128817767802097 ], [ 5.589950104255133, 53.131001548802217 ], [ 5.585919531319204, 53.130997288754685 ], [ 5.582860815319196, 53.132477274906179 ], [ 5.58403361457306, 53.133949277059671 ], [ 5.582455959251709, 53.133109952629646 ], [ 5.57531099010096, 53.134291701134195 ], [ 5.573830382555396, 53.131079956271726 ], [ 5.568308101327416, 53.129523655748642 ], [ 5.562604476680777, 53.130231710795726 ], [ 5.563603084695604, 53.131242531224153 ], [ 5.559929455160072, 53.134636586586538 ], [ 5.555380739987251, 53.134603632350711 ], [ 5.554190788955919, 53.132938099441525 ], [ 5.537663915729371, 53.142081176220231 ], [ 5.538058557356836, 53.144369588910706 ], [ 5.531212327098731, 53.147888800241653 ], [ 5.524645638929544, 53.145544037655363 ], [ 5.511532905352949, 53.145742024051991 ], [ 5.510198760665113, 53.144540891876808 ], [ 5.512505454534696, 53.141871308761566 ], [ 5.510398028883741, 53.140080358419816 ], [ 5.512940393848166, 53.138580765348472 ], [ 5.504985544396651, 53.134727261804862 ], [ 5.501084430376903, 53.1362075728387 ], [ 5.502888244909459, 53.137848587590909 ], [ 5.50101072380118, 53.13902171070319 ], [ 5.492518630897449, 53.142012419176929 ], [ 5.484321672084893, 53.136988182111885 ], [ 5.480973278799497, 53.138616407118484 ], [ 5.487101669534637, 53.141000216223453 ], [ 5.477269468132874, 53.142942503271925 ], [ 5.478497484351015, 53.145291528185318 ], [ 5.47474404579785, 53.146401000557546 ], [ 5.471655852420097, 53.146419933716324 ], [ 5.468337598342658, 53.143332783602098 ], [ 5.461436498911468, 53.144547170745454 ], [ 5.463028062035348, 53.147268073447904 ], [ 5.454678293244626, 53.147646334437852 ], [ 5.451272058017535, 53.14987607908742 ], [ 5.444628876082945, 53.151098935794096 ], [ 5.443907831368096, 53.14993659750364 ], [ 5.435509810857546, 53.153525504745815 ], [ 5.421435889766039, 53.153814039036007 ], [ 5.41708980742674, 53.150822150174413 ], [ 5.413031873335445, 53.152885126386607 ], [ 5.410802505244437, 53.151652072846304 ], [ 5.406639510488461, 53.152721049361176 ], [ 5.402145749912028, 53.125764397201785 ], [ 5.372274709454086, 53.107792776695575 ], [ 5.372279477851536, 53.093777954982095 ], [ 5.344199053694865, 53.077892373074903 ], [ 5.337189812816096, 53.076512761859171 ], [ 5.332900711668956, 53.080243704012659 ], [ 5.323658979994312, 53.079158690697113 ], [ 5.324909647955976, 53.074605331920942 ], [ 5.293314181216645, 53.06845941368919 ], [ 5.16424898628885, 53.001003694222504 ], [ 5.169134504745332, 52.997612414533556 ], [ 5.238681789512233, 52.874060956145705 ], [ 5.337841622328026, 52.795955061962886 ] ] ] } },
{ "type": "Feature", "properties": { "code": "0715", "gemeente": "Terneuzen", "provincie": "Zeeland" }, "geometry": { "type": "Polygon", "coordinates": [ [ [ 3.886297977864783, 51.200181776476633 ], [ 3.89466420186272, 51.20349698177813 ], [ 3.900065313325894, 51.20184910816873 ], [ 3.911546881939252, 51.205444642833442 ], [ 3.915337451085353, 51.208169840285514 ], [ 3.918628603258245, 51.20776349187198 ], [ 3.916004714289013, 51.21463393226238 ], [ 3.918527160368466, 51.214838073929499 ], [ 3.919632176361753, 51.217070763895933 ], [ 3.925449813516449, 51.217106295270469 ], [ 3.929418487919648, 51.220260371096543 ], [ 3.935980047156629, 51.21189276527646 ], [ 3.946639460481904, 51.2155079637689 ], [ 3.958562370030376, 51.215807285411458 ], [ 3.964291462532643, 51.223954465202553 ], [ 3.978918694760627, 51.225366228180732 ], [ 3.986204966998351, 51.234159526398848 ], [ 3.988435076614988, 51.233302843843475 ], [ 4.00569296952932, 51.241875909671613 ], [ 4.00336052576617, 51.24331203836222 ], [ 3.996895109866032, 51.241113448934726 ], [ 3.994112877107687, 51.242825517009408 ], [ 3.993119213098941, 51.248003409811986 ], [ 3.987590323306729, 51.249809466127289 ], [ 3.982236694758538, 51.249109826469564 ], [ 3.978879257114966, 51.30081453822654 ], [ 3.971884711224376, 51.300370895440317 ], [ 3.957109710134269, 51.304874947716961 ], [ 3.953275539438287, 51.308290905155722 ], [ 3.961745104748396, 51.332656289066023 ], [ 3.959392420160094, 51.351322985561666 ], [ 3.95459939647727, 51.356961492368065 ], [ 3.957046782597725, 51.364812660975723 ], [ 3.942561134848673, 51.364847624584456 ], [ 3.924473208451452, 51.378044646564007 ], [ 3.808231229612645, 51.355745514931293 ], [ 3.775521174725383, 51.392173957764271 ], [ 3.691469755536633, 51.397616398529287 ], [ 3.693814378720913, 51.352473785099086 ], [ 3.689814669005187, 51.353350683939439 ], [ 3.687845120827422, 51.355576878701477 ], [ 3.682386343575446, 51.355273172419089 ], [ 3.682867085305759, 51.353483221682595 ], [ 3.659398190840444, 51.351135262960142 ], [ 3.6541965263868, 51.348390225548073 ], [ 3.647242164322479, 51.350048750938058 ], [ 3.649599205136374, 51.342731529897797 ], [ 3.644149001489147, 51.341830727746476 ], [ 3.65330982116939, 51.331750066868508 ], [ 3.657972157013811, 51.333350503231223 ], [ 3.659991272399207, 51.324886869770701 ], [ 3.663827731534872, 51.325238887784202 ], [ 3.666204183523326, 51.319811714134737 ], [ 3.686283685433835, 51.321598786402113 ], [ 3.712408708381727, 51.315790676174132 ], [ 3.703582429855201, 51.309943192841168 ], [ 3.707143303226256, 51.306636405275007 ], [ 3.704029603608625, 51.30247915285463 ], [ 3.705962886095305, 51.300291501447724 ], [ 3.706610634729913, 51.28882602465719 ], [ 3.698090731427113, 51.285014639016218 ], [ 3.70141849931257, 51.282672255755934 ], [ 3.698181238480079, 51.282714211666814 ], [ 3.693933704776832, 51.276039047057694 ], [ 3.712701058431985, 51.272103087262124 ], [ 3.71891347326907, 51.271535429076074 ], [ 3.723088363350584, 51.27334534116509 ], [ 3.75172573074876, 51.269160489039621 ], [ 3.752412550938479, 51.270266688648626 ], [ 3.755714361041678, 51.269344149828932 ], [ 3.762513734486383, 51.261780830426233 ], [ 3.76934213279415, 51.259849764039849 ], [ 3.773783624937356, 51.263975227139035 ], [ 3.785433763814842, 51.258467321198502 ], [ 3.795473312083355, 51.256053337268575 ], [ 3.78945151757727, 51.24578628216841 ], [ 3.788455287168169, 51.226372814989986 ], [ 3.789627286639978, 51.215881188078697 ], [ 3.799291481474238, 51.210864372830656 ], [ 3.8049897383777, 51.21012063295661 ], [ 3.804047020351677, 51.213202321878235 ], [ 3.806027099562409, 51.213379316931494 ], [ 3.825116373061892, 51.208930844667215 ], [ 3.836365430743141, 51.213795723611682 ], [ 3.849642694128567, 51.211733449306763 ], [ 3.852411358215195, 51.213215738394155 ], [ 3.85957377034802, 51.210830690637593 ], [ 3.888548501048709, 51.223018083224467 ], [ 3.893346465004914, 51.218662470232822 ], [ 3.890243949618777, 51.213995917992506 ], [ 3.877625583874309, 51.208013020613187 ], [ 3.884259337380921, 51.203600881638756 ], [ 3.886297977864783, 51.200181776476633 ] ] ] } },
{ "type": "Feature", "properties": { "code": "0093", "gemeente": "Terschelling", "provincie": "Fryslân" }, "geometry": { "type": "Polygon", "coordinates": [ [ [ 5.477081283803572, 53.242544866028503 ], [ 5.537090527086043, 53.269441181820156 ], [ 5.567216980501399, 53.305341166836818 ], [ 5.612289359934144, 53.318743075759755 ], [ 5.61283079266714, 53.422070724854024 ], [ 5.58291181850538, 53.458062582310276 ], [ 5.552855806567676, 53.471584861625146 ], [ 5.49258740242936, 53.458175548440813 ], [ 5.357118953957746, 53.431263562360805 ], [ 5.176693207367946, 53.408621256830131 ], [ 5.161774222940887, 53.386131728961658 ], [ 5.10177830271361, 53.368034282995126 ], [ 5.087068927187389, 53.323072488680246 ], [ 5.102072480763026, 53.322950253144533 ], [ 5.162216911799117, 53.305280698632508 ], [ 5.147495567143499, 53.251325154736726 ], [ 5.387207516250109, 53.215622112957192 ], [ 5.432116351357225, 53.215613647910004 ], [ 5.477081283803572, 53.242544866028503 ] ] ] } },
{ "type": "Feature", "properties": { "code": "0448", "gemeente": "Texel", "provincie": "Noord-Holland" }, "geometry": { "type": "Polygon", "coordinates": [ [ [ 4.932435095119231, 53.044028589098716 ], [ 5.006986105107515, 53.044288577725958 ], [ 5.074493846702935, 53.018424163444308 ], [ 5.144281382565867, 53.026152354548827 ], [ 5.050952586697467, 53.143265741086218 ], [ 4.818375720741235, 53.214274798214248 ], [ 4.818788950176579, 53.18282647862894 ], [ 4.715549919345154, 53.087939355357207 ], [ 4.686353230634674, 53.047333870994969 ], [ 4.687076739162921, 53.002406182495399 ], [ 4.613000601897026, 52.979483283090971 ], [ 4.613329456818978, 52.960973023997674 ], [ 4.646201281495141, 52.941069287234626 ], [ 4.741033739188395, 52.980243765064046 ], [ 4.791652829592625, 52.980506598396438 ], [ 4.876246567599751, 53.021978180585592 ], [ 4.932435095119231, 53.044028589098716 ] ] ] } },
{ "type": "Feature", "properties": { "code": "1525", "gemeente": "Teylingen", "provincie": "Zuid-Holland" }, "geometry": { "type": "Polygon", "coordinates": [ [ [ 4.495256036736783, 52.183938860588633 ], [ 4.503881140435456, 52.184605773845483 ], [ 4.528177798575643, 52.179850783714073 ], [ 4.538153675295796, 52.18008469793746 ], [ 4.543734245742, 52.187449229303539 ], [ 4.54676765617941, 52.198975588670926 ], [ 4.557155229741871, 52.197741923001914 ], [ 4.555195677230909, 52.199665380589643 ], [ 4.559650192353874, 52.200497237572307 ], [ 4.561704720977501, 52.203657655681674 ], [ 4.558260049535769, 52.205457679672165 ], [ 4.558954640319775, 52.21024156371854 ], [ 4.554292172839627, 52.21224689022872 ], [ 4.557849264038701, 52.215102037582 ], [ 4.558433147054593, 52.218798541648354 ], [ 4.53922860920806, 52.229938224203572 ], [ 4.524922691885738, 52.235561219369714 ], [ 4.529471933336223, 52.238137291414773 ], [ 4.527416559515334, 52.239159601286808 ], [ 4.530050807842421, 52.241162383807527 ], [ 4.524088214548799, 52.244377169774914 ], [ 4.526594223457075, 52.247252799008301 ], [ 4.513408671630976, 52.255067430990735 ], [ 4.466213434670848, 52.225229295625631 ], [ 4.470704325709897, 52.221762524541425 ], [ 4.470358145919545, 52.21981267863206 ], [ 4.46395966109148, 52.215828679609601 ], [ 4.466519620975124, 52.212960928565138 ], [ 4.455648581855074, 52.207029988651968 ], [ 4.462674707183234, 52.203411519371677 ], [ 4.460417364394051, 52.202199087671374 ], [ 4.463471481939262, 52.20020156689727 ], [ 4.467659982385176, 52.201932975072744 ], [ 4.4715047963281, 52.201597391970743 ], [ 4.478421241157849, 52.204798929987852 ], [ 4.480271753426125, 52.201949437352155 ], [ 4.48672847811865, 52.204185003145717 ], [ 4.488032478941769, 52.202922966306922 ], [ 4.491447184937244, 52.203687206610105 ], [ 4.493439040499556, 52.194967312536498 ], [ 4.487764052496909, 52.190521167600494 ], [ 4.491201127413289, 52.185946716805098 ], [ 4.489525185246006, 52.18169816259342 ], [ 4.494329314398734, 52.181669843152044 ], [ 4.495256036736783, 52.183938860588633 ] ] ] } },
{ "type": "Feature", "properties": { "code": "0716", "gemeente": "Tholen", "provincie": "Zeeland" }, "geometry": { "type": "Polygon", "coordinates": [ [ [ 4.235585636394144, 51.552723937414179 ], [ 4.228121118995836, 51.563716310317091 ], [ 4.195717966897086, 51.588975187003776 ], [ 4.191430590598899, 51.59562835317837 ], [ 4.190124099799283, 51.602751048664594 ], [ 4.192806110934698, 51.611539986824752 ], [ 4.199272708831559, 51.619538610164319 ], [ 4.211944514061856, 51.626788600026131 ], [ 4.238168240399168, 51.634297885406802 ], [ 4.242786202900074, 51.647063006140435 ], [ 4.202700613768537, 51.660764318742025 ], [ 4.195885160708642, 51.639413564434506 ], [ 4.191777032604537, 51.638373939071634 ], [ 4.177427965193193, 51.64281807579335 ], [ 4.172794308789866, 51.646134724436877 ], [ 4.123827827424093, 51.657861538848607 ], [ 4.111304242034349, 51.652524025187368 ], [ 4.093170038930883, 51.639659698048987 ], [ 4.083194629144248, 51.62957329683119 ], [ 4.089890945613489, 51.630688825211642 ], [ 4.08276928176487, 51.624557270908092 ], [ 4.070696658869946, 51.617369084216321 ], [ 4.055748258734376, 51.612697345950934 ], [ 4.052945647858175, 51.620995351773999 ], [ 4.031298391933754, 51.609183458897341 ], [ 4.029111242722385, 51.609619863126433 ], [ 4.023329411500227, 51.60689218708314 ], [ 4.014931444027416, 51.606859461098708 ], [ 3.988800016952878, 51.610932092642017 ], [ 3.980370362406284, 51.613709439688328 ], [ 3.968369769706531, 51.612671840429286 ], [ 3.958576571482969, 51.613763149875133 ], [ 3.948702821490389, 51.619189217622186 ], [ 3.948734295686583, 51.61529216284611 ], [ 3.924760514685469, 51.607860859009101 ], [ 3.936825213388236, 51.556531289488809 ], [ 3.986015566325417, 51.546223619421063 ], [ 3.98347777610303, 51.54506318240864 ], [ 3.987271420887342, 51.543259593320052 ], [ 3.992053219368724, 51.545098520578499 ], [ 3.998432664637503, 51.544333168671692 ], [ 4.00584526973052, 51.539842983042817 ], [ 4.066258821839643, 51.526990180978402 ], [ 4.060389801238755, 51.50963225120622 ], [ 4.112181702374554, 51.506217042975436 ], [ 4.133908477156595, 51.479555290902667 ], [ 4.230327770753819, 51.488904258354509 ], [ 4.218927213089469, 51.504858458639802 ], [ 4.218799785943987, 51.508961399148859 ], [ 4.235068339008762, 51.541482162525412 ], [ 4.235585636394144, 51.552723937414179 ] ] ] } },
{ "type": "Feature", "properties": { "code": "0281", "gemeente": "Tiel", "provincie": "Gelderland" }, "geometry": { "type": "Polygon", "coordinates": [ [ [ 5.342759485093435, 51.856798306409154 ], [ 5.348104943391386, 51.858841260186409 ], [ 5.360069658527728, 51.858362430408143 ], [ 5.378407739513721, 51.863399936569763 ], [ 5.391688173325107, 51.853923639171889 ], [ 5.395239160436652, 51.852933506365936 ], [ 5.399546525592111, 51.854618788392486 ], [ 5.407976757594397, 51.854411485245095 ], [ 5.415234179285195, 51.851801023373248 ], [ 5.42086814096857, 51.863521001140889 ], [ 5.433538120297636, 51.877226041785192 ], [ 5.448283995737675, 51.885713983394616 ], [ 5.463916747534603, 51.889008951306963 ], [ 5.455525793506255, 51.904562079759131 ], [ 5.472451037579939, 51.908068878585077 ], [ 5.472151329755542, 51.911716597497644 ], [ 5.470519431502757, 51.911424795680354 ], [ 5.467126776061852, 51.915156054192316 ], [ 5.469730130633227, 51.919877742004815 ], [ 5.461643750183343, 51.92162077138984 ], [ 5.453922446735729, 51.920517257624262 ], [ 5.453384518782114, 51.922761362438195 ], [ 5.446979558456369, 51.920571607590169 ], [ 5.43589538491511, 51.920792168475806 ], [ 5.431868436299088, 51.918503818694681 ], [ 5.423559172527167, 51.917256338673134 ], [ 5.418476294583654, 51.913444684449487 ], [ 5.411357702909309, 51.912061884745121 ], [ 5.409625873901895, 51.907857521257171 ], [ 5.404470590126439, 51.905231686189168 ], [ 5.399824416954432, 51.898575893147381 ], [ 5.392606369716806, 51.896840452224751 ], [ 5.353782650045383, 51.878066378826865 ], [ 5.34524198979933, 51.877624769263981 ], [ 5.341956365767251, 51.873595742391743 ], [ 5.339023937964891, 51.874034162201887 ], [ 5.336583101310306, 51.869966342988349 ], [ 5.328032602202567, 51.864796800968527 ], [ 5.328294338820314, 51.856975043337769 ], [ 5.338346868104645, 51.858726496384627 ], [ 5.342759485093435, 51.856798306409154 ] ] ] } },
{ "type": "Feature", "properties": { "code": "0855", "gemeente": "Tilburg", "provincie": "Noord-Brabant" }, "geometry": { "type": "Polygon", "coordinates": [ [ [ 5.149935956739223, 51.579396926387616 ], [ 5.21071137884269, 51.615588420801949 ], [ 5.207876387165784, 51.620404747689719 ], [ 5.20276811147528, 51.622621816691783 ], [ 5.19370187881805, 51.630560486638529 ], [ 5.19182127050624, 51.639477335058395 ], [ 5.184128421590972, 51.640883811645125 ], [ 5.17962740441964, 51.639883376451117 ], [ 5.178968093751001, 51.641661428730195 ], [ 5.178454005540154, 51.63969166803269 ], [ 5.172059648567069, 51.638896544169206 ], [ 5.144852653618721, 51.640717819594848 ], [ 5.128400178683802, 51.637598272267894 ], [ 5.115816126178613, 51.63760346973487 ], [ 5.111180221612434, 51.635360434432449 ], [ 5.110190254677049, 51.636424070550447 ], [ 5.105830285540289, 51.63588977386059 ], [ 5.101545040332561, 51.634170216635702 ], [ 5.098135189125077, 51.628528030931996 ], [ 5.10295864843445, 51.616911140383614 ], [ 5.099202974478547, 51.617805421795687 ], [ 5.093745313714912, 51.611249291535543 ], [ 5.079438679380878, 51.610784225837065 ], [ 5.080181590284993, 51.609542287629878 ], [ 5.075468768424465, 51.608949514143255 ], [ 5.075539940559305, 51.605767750318748 ], [ 5.07402519412839, 51.605680956889707 ], [ 5.07405884256441, 51.609483341090971 ], [ 5.07100719276184, 51.608227245205619 ], [ 5.070590545388042, 51.61029067883937 ], [ 5.061771359951835, 51.609346131700967 ], [ 5.057174165239562, 51.610928953247836 ], [ 5.045010901107789, 51.61109712490606 ], [ 5.042927281505434, 51.606038638630878 ], [ 5.004492129001816, 51.607886771973909 ], [ 4.983513711088364, 51.607364136184032 ], [ 4.964713414895274, 51.613133867234282 ], [ 4.952931249240779, 51.614723156027502 ], [ 4.947845951999138, 51.611170591090783 ], [ 4.967843597559435, 51.602858993037827 ], [ 4.967774289637661, 51.597685458601987 ], [ 4.972859690021167, 51.597305697124568 ], [ 4.973408170812331, 51.591981921633327 ], [ 4.970275310065954, 51.577224199203989 ], [ 4.966778551801012, 51.573662523330576 ], [ 4.968990323921033, 51.571304765143879 ], [ 4.966908221183869, 51.567241403267857 ], [ 4.951145311380079, 51.560917538155827 ], [ 4.953423932354171, 51.550532429756352 ], [ 4.966860108583108, 51.549538842387832 ], [ 4.97583504153373, 51.546403275137159 ], [ 4.97956514912437, 51.544201695827255 ], [ 4.975460065106239, 51.54013286924458 ], [ 4.987628862633406, 51.540022824415786 ], [ 5.001568236171669, 51.537487829294626 ], [ 5.022379506875673, 51.538502065116639 ], [ 5.030522028928013, 51.529501515543593 ], [ 5.041496140821698, 51.531005544674727 ], [ 5.052274761377984, 51.529763654917105 ], [ 5.051703463209505, 51.535091173379882 ], [ 5.060322927981467, 51.537869160534363 ], [ 5.09204407218777, 51.534953879796959 ], [ 5.100193121258734, 51.535458094764991 ], [ 5.112520947677142, 51.540023272393675 ], [ 5.118799480657329, 51.545918978279879 ], [ 5.127060856428331, 51.53235380087412 ], [ 5.130196120796588, 51.53029789295551 ], [ 5.135451733691992, 51.533580103732959 ], [ 5.133598423200665, 51.534949726123074 ], [ 5.141880909759358, 51.542092144783702 ], [ 5.138694809572346, 51.545956143055548 ], [ 5.147835933897984, 51.547117957525444 ], [ 5.137567144907685, 51.552076993321016 ], [ 5.139195933051544, 51.561235826398971 ], [ 5.13751785547915, 51.562832978741469 ], [ 5.143099022502157, 51.568141822827855 ], [ 5.141358788152663, 51.568302795837923 ], [ 5.145532428312299, 51.574519675855178 ], [ 5.148783383951885, 51.575359205525714 ], [ 5.147213579499319, 51.576461676830021 ], [ 5.149935956739223, 51.579396926387616 ] ] ] } },
{ "type": "Feature", "properties": { "code": "0183", "gemeente": "Tubbergen", "provincie": "Overijssel" }, "geometry": { "type": "Polygon", "coordinates": [ [ [ 6.709740895099249, 52.343434587629005 ], [ 6.734497265529659, 52.339354786366094 ], [ 6.743684936462339, 52.336109469564988 ], [ 6.749953899567364, 52.330084038763445 ], [ 6.7537722046901, 52.330044264371629 ], [ 6.759035355646013, 52.332060603585141 ], [ 6.760577184558824, 52.341942816875793 ], [ 6.773978609137989, 52.346563279043743 ], [ 6.778322388892203, 52.35021211335112 ], [ 6.783399481849628, 52.360115920128663 ], [ 6.806833427969143, 52.362217472314157 ], [ 6.817683340488416, 52.365097503186028 ], [ 6.835792824242057, 52.362624712730678 ], [ 6.851789007076578, 52.362168682966768 ], [ 6.855673742696045, 52.360287727245307 ], [ 6.857802747704727, 52.361200549631263 ], [ 6.863584541007244, 52.36373120397068 ], [ 6.862338191937264, 52.40781615471797 ], [ 6.851494893428669, 52.414582211822783 ], [ 6.853410848731282, 52.427062306330185 ], [ 6.897115919986168, 52.432815426741982 ], [ 6.928525350787309, 52.434148363648873 ], [ 6.949223997470527, 52.43286478007812 ], [ 6.947300376030027, 52.436621418666675 ], [ 6.941657493960421, 52.435425740820833 ], [ 6.861816043652132, 52.451357976094343 ], [ 6.852541584479629, 52.449913766860206 ], [ 6.854297590791452, 52.459706260576283 ], [ 6.774586595425208, 52.459600693925488 ], [ 6.75273443815769, 52.464110845495085 ], [ 6.723771408253114, 52.477017487039319 ], [ 6.717706688933712, 52.478131554407668 ], [ 6.701594669944654, 52.461162705174523 ], [ 6.69774795356531, 52.451779690875938 ], [ 6.692082324059339, 52.447347504771763 ], [ 6.682858229835769, 52.446265946606218 ], [ 6.673333947843414, 52.441451002060901 ], [ 6.673518595471676, 52.434494699535861 ], [ 6.677885942711695, 52.427831727926048 ], [ 6.675140392428764, 52.426971847004957 ], [ 6.673998977919006, 52.424646894581088 ], [ 6.676548614576278, 52.423654793598544 ], [ 6.672551308174365, 52.422084624975028 ], [ 6.669673055662154, 52.417367501343165 ], [ 6.698635306444283, 52.393741075158808 ], [ 6.697881646115459, 52.391274036409463 ], [ 6.705302739546631, 52.378131808735006 ], [ 6.713465300518114, 52.376489076022985 ], [ 6.715661340144728, 52.366549122649133 ], [ 6.719693376013955, 52.361288971327248 ], [ 6.720563192862254, 52.352329130751485 ], [ 6.709740895099249, 52.343434587629005 ] ] ] } },
{ "type": "Feature", "properties": { "code": "1700", "gemeente": "Twenterand", "provincie": "Overijssel" }, "geometry": { "type": "Polygon", "coordinates": [ [ [ 6.598851202251204, 52.383658304291785 ], [ 6.609454972884192, 52.389551485500107 ], [ 6.613979386402216, 52.386119474736347 ], [ 6.619492092313622, 52.389830409925935 ], [ 6.621763178388036, 52.389545325558352 ], [ 6.636381545257131, 52.395535655172395 ], [ 6.64019957146601, 52.399122751276664 ], [ 6.647626008008486, 52.395453627744239 ], [ 6.651751703199206, 52.398724525933844 ], [ 6.664168724967485, 52.389514296197 ], [ 6.67189592196263, 52.388851401234838 ], [ 6.676119899442258, 52.396150669333487 ], [ 6.684391227523223, 52.390899001345822 ], [ 6.685229056789864, 52.39310491640893 ], [ 6.698635306444283, 52.393741075158808 ], [ 6.669673055662154, 52.417367501343165 ], [ 6.672551308174365, 52.422084624975028 ], [ 6.676548614576278, 52.423654793598544 ], [ 6.673998977919006, 52.424646894581088 ], [ 6.675140392428764, 52.426971847004957 ], [ 6.677885942711695, 52.427831727926048 ], [ 6.672557566439966, 52.438960132522418 ], [ 6.676360917270859, 52.444112761381348 ], [ 6.692082324059339, 52.447347504771763 ], [ 6.69774795356531, 52.451779690875938 ], [ 6.701594669944654, 52.461162705174523 ], [ 6.717706688933712, 52.478131554407668 ], [ 6.697584623933683, 52.486298242751879 ], [ 6.693485359781053, 52.486327112973754 ], [ 6.669301280978982, 52.494980737451101 ], [ 6.653659033783686, 52.487832167520992 ], [ 6.654578213307485, 52.482715247632335 ], [ 6.647459620011181, 52.478614043369696 ], [ 6.651100234394419, 52.475156779590989 ], [ 6.649555605169841, 52.473089888684022 ], [ 6.641541229466221, 52.471243857428433 ], [ 6.640584452496888, 52.473105150132746 ], [ 6.635620652217934, 52.471647229192641 ], [ 6.626820828570573, 52.473831264032022 ], [ 6.616570465660174, 52.469368538074413 ], [ 6.613001386721, 52.465603251991546 ], [ 6.601035025420982, 52.479470235825964 ], [ 6.554463463008033, 52.48759329266322 ], [ 6.505468754155375, 52.490962618305403 ], [ 6.503773166264589, 52.481721685939377 ], [ 6.494808910493412, 52.481002090509556 ], [ 6.495789676364011, 52.479256197717518 ], [ 6.492504010370621, 52.479258638345932 ], [ 6.488575956407842, 52.476862211896531 ], [ 6.478405127732512, 52.47760450468742 ], [ 6.465451519969048, 52.475115466760109 ], [ 6.458622052497616, 52.469902703544257 ], [ 6.453287204645042, 52.469465327019861 ], [ 6.45414540958094, 52.471345268536687 ], [ 6.452529763923786, 52.471047951232372 ], [ 6.450690645868527, 52.468050824542885 ], [ 6.453102918980463, 52.466900190753449 ], [ 6.452566318429102, 52.464598335301382 ], [ 6.450651098967251, 52.466890173247613 ], [ 6.447463289188677, 52.465599484087249 ], [ 6.451427582942814, 52.461475737393606 ], [ 6.44854963837369, 52.460307445134731 ], [ 6.453489578178753, 52.460022138707721 ], [ 6.467388472686644, 52.445572250634704 ], [ 6.474973487783891, 52.441107042170458 ], [ 6.480014652562242, 52.440325902482172 ], [ 6.516279352890059, 52.437454858300498 ], [ 6.521074272313572, 52.440695636056432 ], [ 6.524069678853775, 52.439626327818274 ], [ 6.528403749835459, 52.440664501475801 ], [ 6.531036653648059, 52.446218113554671 ], [ 6.5405545783935, 52.450876018139887 ], [ 6.5545129436315, 52.448458463248834 ], [ 6.558345938594058, 52.448974314280058 ], [ 6.562893940042499, 52.445763790162196 ], [ 6.571064044549091, 52.448398445882852 ], [ 6.571632865624034, 52.446503724247016 ], [ 6.596386702985523, 52.454807819769812 ], [ 6.598147596523931, 52.439029367181128 ], [ 6.572469485021326, 52.423315042638627 ], [ 6.598851202251204, 52.383658304291785 ] ] ] } },
{ "type": "Feature", "properties": { "code": "1730", "gemeente": "Tynaarlo", "provincie": "Drenthe" }, "geometry": { "type": "Polygon", "coordinates": [ [ [ 6.530193803601859, 53.040109504549463 ], [ 6.541786293532923, 53.037162372923135 ], [ 6.541270155257798, 53.035659141180048 ], [ 6.547306764044602, 53.035066966313288 ], [ 6.549309643297457, 53.039089266005675 ], [ 6.550769887477857, 53.038155436172225 ], [ 6.552574523654296, 53.043336982226933 ], [ 6.550023064558167, 53.047216827944645 ], [ 6.553955762079913, 53.0527276972172 ], [ 6.552730229748735, 53.055146702111813 ], [ 6.556076143721692, 53.055726500791813 ], [ 6.555213269570161, 53.058608088154635 ], [ 6.569728463896983, 53.059862477557438 ], [ 6.570097586403626, 53.055005929332971 ], [ 6.574867684912054, 53.054581196191933 ], [ 6.57580413188193, 53.059187613342779 ], [ 6.586432289010505, 53.05970416295915 ], [ 6.588077253831039, 53.057999294332944 ], [ 6.601099083482901, 53.061920594543167 ], [ 6.608096639778019, 53.048521899436444 ], [ 6.606384724073215, 53.037857204050582 ], [ 6.603014571918995, 53.033087380018365 ], [ 6.629125718425882, 53.025778957446917 ], [ 6.6485933086905, 53.026332531573523 ], [ 6.644658486988881, 53.039386878394048 ], [ 6.640517582767739, 53.041724588317145 ], [ 6.642329809925107, 53.045932192068655 ], [ 6.653751155347712, 53.055513400657702 ], [ 6.666496577006583, 53.057702469267205 ], [ 6.664473233991716, 53.061518335123694 ], [ 6.671661564969981, 53.064790715377526 ], [ 6.669561217512747, 53.064851460264855 ], [ 6.670175812211258, 53.067285826948108 ], [ 6.6644197518788, 53.06905481503172 ], [ 6.666306591751816, 53.072129595196316 ], [ 6.662084092747508, 53.072095801118749 ], [ 6.662144996199651, 53.075042286708346 ], [ 6.660035853800792, 53.074389193355501 ], [ 6.659673788257099, 53.076364606207186 ], [ 6.655508845138962, 53.078042334271018 ], [ 6.65445039059956, 53.076867575582035 ], [ 6.654091815117997, 53.080028907632908 ], [ 6.649643917727643, 53.079577212839368 ], [ 6.648855090192447, 53.082188604265561 ], [ 6.657774204664199, 53.084030263587394 ], [ 6.67329375831496, 53.079319035173711 ], [ 6.692448156786751, 53.070383714695978 ], [ 6.699014672827083, 53.065173570216956 ], [ 6.711432977592481, 53.070113023670373 ], [ 6.713687195010563, 53.068696922505161 ], [ 6.749991703591567, 53.081649445681862 ], [ 6.749251922099197, 53.083745667210437 ], [ 6.745233125903574, 53.084498378561463 ], [ 6.746407509407379, 53.086080261589807 ], [ 6.776509378804717, 53.094760667992851 ], [ 6.737450959414325, 53.119461733477564 ], [ 6.695366931310891, 53.121176019624045 ], [ 6.670602483822512, 53.116516312438797 ], [ 6.634831637347232, 53.106202130999073 ], [ 6.637086361823185, 53.108300893559324 ], [ 6.635110774894148, 53.11146093546737 ], [ 6.636597246780116, 53.112842877357572 ], [ 6.628055955013062, 53.115647023035876 ], [ 6.630830602446563, 53.119211134041706 ], [ 6.621903682196843, 53.126194804574219 ], [ 6.619019536527499, 53.131552499432992 ], [ 6.613641278186045, 53.13269429178645 ], [ 6.614400446061963, 53.135556961925431 ], [ 6.599984478200797, 53.144723530897771 ], [ 6.587964218650819, 53.145436090509939 ], [ 6.584521344773571, 53.153509371193323 ], [ 6.58708933362293, 53.156225962467445 ], [ 6.583572503014688, 53.157867469428339 ], [ 6.581514703251765, 53.163584448647498 ], [ 6.563687464662347, 53.157638379049729 ], [ 6.559496803826199, 53.169105760363308 ], [ 6.548188306887753, 53.181097641576301 ], [ 6.541743921218808, 53.178610311044316 ], [ 6.534212189646972, 53.184178115012976 ], [ 6.530491983815765, 53.195559277845909 ], [ 6.515715201089696, 53.198308154228251 ], [ 6.512009383514315, 53.196217720536538 ], [ 6.517270339690239, 53.19013032838042 ], [ 6.516454442375544, 53.187734841751457 ], [ 6.521324658940173, 53.185827590097723 ], [ 6.530433935372687, 53.172358065043802 ], [ 6.535367570217214, 53.171642407177927 ], [ 6.533535839551292, 53.169214110351767 ], [ 6.536290285387865, 53.168083535697704 ], [ 6.537440994370848, 53.164458265083816 ], [ 6.534126069313734, 53.160933175204292 ], [ 6.537852061388141, 53.158441595561008 ], [ 6.537753640035481, 53.15600162871597 ], [ 6.533915156372929, 53.151925088125608 ], [ 6.537837043717623, 53.147230267199298 ], [ 6.536740005790794, 53.142568726591101 ], [ 6.540037823059897, 53.139033935167078 ], [ 6.539542653546492, 53.133137419970467 ], [ 6.510929977696429, 53.130693057514328 ], [ 6.512501767490122, 53.125604467312293 ], [ 6.500894051357466, 53.120576820971102 ], [ 6.498425335857867, 53.123359388374631 ], [ 6.480299557413666, 53.120786705703061 ], [ 6.484785147756806, 53.106265896563414 ], [ 6.490094926004893, 53.097725653452862 ], [ 6.513356409906849, 53.072280295340207 ], [ 6.514515822093082, 53.065379263969355 ], [ 6.511774560179353, 53.05647003824199 ], [ 6.505130063317868, 53.046354762038163 ], [ 6.510770900486852, 53.044313799841248 ], [ 6.52514141196647, 53.04627255786891 ], [ 6.530193803601859, 53.040109504549463 ] ] ] } },
{ "type": "Feature", "properties": { "code": "0737", "gemeente": "Tytsjerksteradiel", "provincie": "Fryslân" }, "geometry": { "type": "Polygon", "coordinates": [ [ [ 5.94333568557607, 53.121607990711667 ], [ 5.94327751374276, 53.124441871042009 ], [ 5.97442292938901, 53.134627323725908 ], [ 5.99699272267349, 53.147771593944732 ], [ 6.012411944552829, 53.154415260363685 ], [ 6.042088811101155, 53.156560292442407 ], [ 6.078931649794666, 53.156455159629239 ], [ 6.085204871390848, 53.158988342556363 ], [ 6.088799540100789, 53.153928265884737 ], [ 6.093943080977946, 53.156134381901488 ], [ 6.104529772410562, 53.150421436296043 ], [ 6.114593423498231, 53.175977649861487 ], [ 6.108946751138745, 53.176331736840126 ], [ 6.099772049833984, 53.185764107149964 ], [ 6.084052825387462, 53.195765898033557 ], [ 6.078558221572597, 53.20671601750319 ], [ 6.084109917213476, 53.208463248264451 ], [ 6.078723894563105, 53.210677736660614 ], [ 6.081904603504685, 53.211171473313229 ], [ 6.080137612272551, 53.213155344395915 ], [ 6.081699676220677, 53.214085773578596 ], [ 6.086288984962213, 53.215025988369909 ], [ 6.027244176079198, 53.230132546778172 ], [ 6.019837180444271, 53.240861042494103 ], [ 6.017790410037828, 53.241241916578808 ], [ 5.983355048694039, 53.229843268525379 ], [ 5.972909763132121, 53.22793460435782 ], [ 5.955973546839205, 53.228056320158316 ], [ 5.94299189704201, 53.250428175828731 ], [ 5.925651759359566, 53.252200995283623 ], [ 5.925913667390303, 53.254729835704822 ], [ 5.92295508577102, 53.257405059595825 ], [ 5.914479996605989, 53.25862980151674 ], [ 5.893195619333767, 53.269733516207992 ], [ 5.874610606542945, 53.282601722844696 ], [ 5.861177178897519, 53.28864912109907 ], [ 5.847660814349129, 53.285162628663421 ], [ 5.832596269901359, 53.268653720052917 ], [ 5.832062548621738, 53.26033902435848 ], [ 5.829642750154907, 53.257197152084736 ], [ 5.833166494077436, 53.247744785672573 ], [ 5.831199481071404, 53.24430476172644 ], [ 5.832160341654236, 53.24285659116449 ], [ 5.859241283012483, 53.24329274205013 ], [ 5.852553759549181, 53.230476732926377 ], [ 5.879885460845648, 53.23334104206355 ], [ 5.880656457220088, 53.224975725304709 ], [ 5.889991977628468, 53.22499870151109 ], [ 5.889170200360565, 53.222815738658248 ], [ 5.896926565492896, 53.222962177216672 ], [ 5.897116508312831, 53.220970142121629 ], [ 5.888952683989801, 53.22095245207435 ], [ 5.889016218394907, 53.217681907796376 ], [ 5.894209179408064, 53.217773249913996 ], [ 5.893821343216695, 53.215518273529419 ], [ 5.897863802011718, 53.214658077748794 ], [ 5.905932094034181, 53.215013874288069 ], [ 5.905003636007914, 53.212476248619041 ], [ 5.907099888966694, 53.211054168493078 ], [ 5.897891701167299, 53.208697184782913 ], [ 5.857727570869164, 53.204063352880844 ], [ 5.862061388192408, 53.19356494614631 ], [ 5.85095585826708, 53.191713483210847 ], [ 5.862347980052088, 53.171409924878063 ], [ 5.921941914738013, 53.16834585783581 ], [ 5.932720737696656, 53.170364957463114 ], [ 5.930610468539506, 53.159547452251367 ], [ 5.918962201037682, 53.149172630963164 ], [ 5.908628811310372, 53.144780497672905 ], [ 5.923355995281848, 53.130909858737496 ], [ 5.937219035582264, 53.126086412526504 ], [ 5.94333568557607, 53.121607990711667 ] ] ] } },
{ "type": "Feature", "properties": { "code": "0450", "gemeente": "Uitgeest", "provincie": "Noord-Holland" }, "geometry": { "type": "Polygon", "coordinates": [ [ [ 4.720641333480128, 52.495032239082853 ], [ 4.731577195907965, 52.496331447997271 ], [ 4.750674067704749, 52.508290931174507 ], [ 4.752767808924429, 52.510591882976186 ], [ 4.748142526661696, 52.517054994932252 ], [ 4.752281239489991, 52.521176320974782 ], [ 4.761227658151746, 52.518553808484356 ], [ 4.763619449484017, 52.519707185723711 ], [ 4.782476458831739, 52.51958096433858 ], [ 4.777733433871596, 52.533744881686296 ], [ 4.76801900118336, 52.534634517354732 ], [ 4.76226629768435, 52.537528088508267 ], [ 4.755275556729921, 52.535735555064434 ], [ 4.725453542412553, 52.546551983649195 ], [ 4.719804467186999, 52.543854545405111 ], [ 4.718859817358249, 52.551642509606644 ], [ 4.705897652262832, 52.548223396270814 ], [ 4.706431103610015, 52.546294934103706 ], [ 4.70369281946284, 52.545396403045146 ], [ 4.694532748842629, 52.544188210181822 ], [ 4.697613011817331, 52.529213439011883 ], [ 4.690854463082332, 52.519844719741052 ], [ 4.690512231463456, 52.515182742779011 ], [ 4.692559989608017, 52.510677138922148 ], [ 4.695314304296311, 52.509727425483739 ], [ 4.694611804447567, 52.507624005642938 ], [ 4.703854168635994, 52.508328207182913 ], [ 4.706546973668512, 52.510401508398118 ], [ 4.709151741232068, 52.509856414996165 ], [ 4.707937563904039, 52.506141158592236 ], [ 4.706096121495068, 52.506658442768995 ], [ 4.703442727573009, 52.503104416150492 ], [ 4.705423761612348, 52.50010752480766 ], [ 4.711703867202377, 52.496816879136148 ], [ 4.720641333480128, 52.495032239082853 ] ] ] } },
{ "type": "Feature", "properties": { "code": "0451", "gemeente": "Uithoorn", "provincie": "Noord-Holland" }, "geometry": { "type": "Polygon", "coordinates": [ [ [ 4.72446054523048, 52.212751449217897 ], [ 4.734338951909681, 52.206516424336911 ], [ 4.743478852014243, 52.214724596569809 ], [ 4.747971566457254, 52.21486790303706 ], [ 4.753298506831777, 52.217467806440553 ], [ 4.762074488354405, 52.21813027521447 ], [ 4.780985630286309, 52.228741239768304 ], [ 4.795440919136261, 52.226654312390586 ], [ 4.805403778181455, 52.227988711511777 ], [ 4.813513901157003, 52.227136856386323 ], [ 4.829561762117751, 52.230750066873156 ], [ 4.838328458235933, 52.235258727169786 ], [ 4.842845251611558, 52.23534724171747 ], [ 4.847279677547014, 52.239765314677676 ], [ 4.851211168059942, 52.238703409954269 ], [ 4.852053259770853, 52.242013494237 ], [ 4.834811159091146, 52.249946662592741 ], [ 4.795210562597592, 52.261015585844 ], [ 4.768881776534884, 52.248310611063623 ], [ 4.768065251293543, 52.245394310126947 ], [ 4.773271521547667, 52.241034022753389 ], [ 4.723764401008538, 52.216573656158836 ], [ 4.72446054523048, 52.212751449217897 ] ] ] } },
{ "type": "Feature", "properties": { "code": "0184", "gemeente": "Urk", "provincie": "Flevoland" }, "geometry": { "type": "Polygon", "coordinates": [ [ [ 5.590667211997015, 52.676296733610904 ], [ 5.498194351382936, 52.714739916449261 ], [ 5.377259770836776, 52.764805207347862 ], [ 5.361146854373846, 52.675726426364747 ], [ 5.511294156088934, 52.663556110101048 ], [ 5.592265253409417, 52.649290976031502 ], [ 5.607230550901089, 52.649246525378224 ], [ 5.622420944263117, 52.63478080540839 ], [ 5.641100664437437, 52.642547743448581 ], [ 5.636130786313248, 52.649611819251326 ], [ 5.649184009488869, 52.649928508172259 ], [ 5.650015177484462, 52.654310821381117 ], [ 5.642790765759011, 52.660586197265822 ], [ 5.655379148064917, 52.665950426642347 ], [ 5.641486760472429, 52.677939407143313 ], [ 5.643716778525343, 52.682614449769751 ], [ 5.625802829851207, 52.682606809282113 ], [ 5.6096633496512, 52.680316828390083 ], [ 5.604309786106699, 52.68323691219247 ], [ 5.594550597989486, 52.68329995363122 ], [ 5.594311784721884, 52.676274495781449 ], [ 5.590667211997015, 52.676296733610904 ] ] ] } },
{ "type": "Feature", "properties": { "code": "0344", "gemeente": "Utrecht", "provincie": "Utrecht" }, "geometry": { "type": "Polygon", "coordinates": [ [ [ 5.018010508773861, 52.062218978688882 ], [ 5.021133197982758, 52.056245050304923 ], [ 5.027119595654606, 52.055395618954684 ], [ 5.028451027975896, 52.050623276913825 ], [ 5.038064435515283, 52.044154815944012 ], [ 5.049495118981183, 52.031204732126973 ], [ 5.06102077066628, 52.02628198847804 ], [ 5.063094210190505, 52.026866748678763 ], [ 5.064398799473506, 52.052723613706519 ], [ 5.070240990352612, 52.061755476576174 ], [ 5.089387903842189, 52.060825659118301 ], [ 5.094124154681901, 52.058754725138364 ], [ 5.097352131277757, 52.059480508807837 ], [ 5.104397662660949, 52.049937815424819 ], [ 5.107344363773021, 52.050025609125164 ], [ 5.111261475203451, 52.058323583846366 ], [ 5.121339067494418, 52.054370317499092 ], [ 5.124456056379472, 52.055256930181095 ], [ 5.145896346456197, 52.052590133042585 ], [ 5.157755292408361, 52.058341838197542 ], [ 5.156890661585535, 52.06342685757425 ], [ 5.159502625575515, 52.06726295274774 ], [ 5.155661677949403, 52.071455962868306 ], [ 5.160441417123746, 52.077788455586493 ], [ 5.160179896489812, 52.080296163289873 ], [ 5.166917256138382, 52.076681223432814 ], [ 5.17160625024658, 52.078674986980104 ], [ 5.179292572936864, 52.077902164235958 ], [ 5.181401612995932, 52.076192387941141 ], [ 5.195154971679589, 52.077346289518523 ], [ 5.192798086820019, 52.085983277315627 ], [ 5.189757777176975, 52.086334081255941 ], [ 5.186170037008277, 52.092927683438482 ], [ 5.182640911542032, 52.094325520605729 ], [ 5.180702654388075, 52.094608465990156 ], [ 5.180564114794018, 52.093131874192977 ], [ 5.160611770906125, 52.094782589212095 ], [ 5.156171342394171, 52.098589426552884 ], [ 5.161915012031747, 52.10721537241794 ], [ 5.15038081268809, 52.110875390251444 ], [ 5.148160795443705, 52.119802776402629 ], [ 5.140163456441148, 52.120582027954214 ], [ 5.126523487671984, 52.124604483611414 ], [ 5.107092850785444, 52.133211164018 ], [ 5.103397424512583, 52.129848375733779 ], [ 5.101084364216312, 52.129844631473276 ], [ 5.08716452481864, 52.13567146037736 ], [ 5.076158464117896, 52.127049125438553 ], [ 5.072328044146353, 52.125325054248393 ], [ 5.070198665340198, 52.127181491487775 ], [ 5.061204542855257, 52.12256178300543 ], [ 5.04755602069373, 52.129972416353802 ], [ 5.032675614651981, 52.116767999570115 ], [ 5.012212601876797, 52.129600421013052 ], [ 5.003101719772138, 52.142050601985751 ], [ 4.986387760591256, 52.135249142562635 ], [ 4.985237993542656, 52.13243713717933 ], [ 4.973938347798336, 52.129673243354382 ], [ 4.970095982996261, 52.122441674851842 ], [ 4.980227844449092, 52.112225667782944 ], [ 4.979624917983597, 52.108722435585186 ], [ 4.976096948262295, 52.107822856733598 ], [ 4.972921941045896, 52.10211259438055 ], [ 4.975659728804645, 52.099789588093437 ], [ 4.989327150993463, 52.100755310883137 ], [ 4.994216723463202, 52.090366500340402 ], [ 5.005011261519886, 52.088485302250838 ], [ 4.999498258417035, 52.066131451103359 ], [ 5.018010508773861, 52.062218978688882 ] ] ] } },
{ "type": "Feature", "properties": { "code": "1581", "gemeente": "Utrechtse Heuvelrug", "provincie": "Utrecht" }, "geometry": { "type": "Polygon", "coordinates": [ [ [ 5.390976069633946, 51.970730200597458 ], [ 5.418772190059655, 51.976808460071766 ], [ 5.437322737740807, 51.985561436518104 ], [ 5.4448171076067, 51.985788028784469 ], [ 5.454045764446539, 51.983694184543914 ], [ 5.477664501331099, 51.983472675357149 ], [ 5.477849819187107, 51.987691715418187 ], [ 5.480640965139425, 51.988864236664064 ], [ 5.479864005154526, 51.991813833700689 ], [ 5.484624224745528, 51.987775076512413 ], [ 5.485293836322715, 51.990965031331989 ], [ 5.490897720327524, 51.996561057146089 ], [ 5.494201676228587, 51.994901064076458 ], [ 5.529381266261546, 52.04024586699731 ], [ 5.517424868896091, 52.04674993103864 ], [ 5.515681244741884, 52.054191156090788 ], [ 5.489296405473532, 52.057033579096512 ], [ 5.477194759857371, 52.052854920707915 ], [ 5.465702464592522, 52.050814441178872 ], [ 5.460877295539629, 52.048637954871097 ], [ 5.461138084118589, 52.047259063451854 ], [ 5.453524673050397, 52.049979996204591 ], [ 5.448529760886276, 52.043123226210106 ], [ 5.445702715946532, 52.045258881805928 ], [ 5.435187483584492, 52.047849829083589 ], [ 5.428639483052878, 52.055344383126616 ], [ 5.430339907146989, 52.058890939852411 ], [ 5.43510509814224, 52.059518463162888 ], [ 5.436451193779073, 52.061609285667686 ], [ 5.438315840826426, 52.070351893812273 ], [ 5.435581263285495, 52.072877229947707 ], [ 5.422057851101171, 52.072957840296645 ], [ 5.410046582235915, 52.06940759696311 ], [ 5.401896331229732, 52.064298576019077 ], [ 5.398956349767078, 52.06693827172078 ], [ 5.400815951493764, 52.06783136489247 ], [ 5.399536892962841, 52.069210589776731 ], [ 5.407061228444888, 52.072576825924259 ], [ 5.405893847048049, 52.075220484237967 ], [ 5.388340819080537, 52.074931941669085 ], [ 5.384527217250068, 52.078268409693131 ], [ 5.332250886367324, 52.084163382809074 ], [ 5.332609277255208, 52.078742782085037 ], [ 5.320422763975381, 52.07032690774686 ], [ 5.2907601432935, 52.086567725771907 ], [ 5.257889767654353, 52.065882319666891 ], [ 5.256420213208264, 52.063003779597658 ], [ 5.246989824342623, 52.058403092849119 ], [ 5.251677308430199, 52.053957728430376 ], [ 5.248005951336665, 52.04741282639494 ], [ 5.25103958322484, 52.045757453933305 ], [ 5.249477812049366, 52.041014784950939 ], [ 5.252677333234879, 52.038599573381447 ], [ 5.257796628291756, 52.038285848583079 ], [ 5.257498860068326, 52.032677443504298 ], [ 5.263880216469557, 52.031969314337353 ], [ 5.270860516967411, 52.027481011825067 ], [ 5.263239402794317, 52.024380107367428 ], [ 5.271693122802625, 52.014609194814803 ], [ 5.278906626389658, 52.010860879549284 ], [ 5.29121999101221, 52.008353817303259 ], [ 5.314649240605733, 52.027001476227582 ], [ 5.323985487513501, 52.022825448818374 ], [ 5.344291573631569, 52.020193693443716 ], [ 5.350259971582187, 52.016037461266073 ], [ 5.381554462328511, 52.002166439339128 ], [ 5.398905598772825, 52.002922806530698 ], [ 5.415277266137366, 51.996701691393568 ], [ 5.399422290492172, 51.987948127966249 ], [ 5.378394149570405, 51.986119424384164 ], [ 5.387590708887177, 51.976308915904468 ], [ 5.394164746683258, 51.975934271733891 ], [ 5.394950932144686, 51.97444163514556 ], [ 5.392009635064007, 51.973402582553504 ], [ 5.390976069633946, 51.970730200597458 ] ] ] } },
{ "type": "Feature", "properties": { "code": "0981", "gemeente": "Vaals", "provincie": "Limburg" }, "geometry": { "type": "Polygon", "coordinates": [ [ [ 6.018597108202336, 50.763680375961087 ], [ 6.02764319478282, 50.774183914393056 ], [ 6.006578596758548, 50.781891653632954 ], [ 5.995852221306452, 50.787423233674424 ], [ 5.995903912978892, 50.790050751108389 ], [ 5.988269448553195, 50.79404983289961 ], [ 5.977172712572192, 50.796701968146699 ], [ 5.974862329223161, 50.798036757948267 ], [ 5.976557872197863, 50.803440353269771 ], [ 5.969104250281066, 50.801272303815402 ], [ 5.964808925316947, 50.802418648512599 ], [ 5.95162947866007, 50.793787300828832 ], [ 5.94542733874233, 50.796146493427429 ], [ 5.942008090590161, 50.790479121121933 ], [ 5.944914280020277, 50.781609012065047 ], [ 5.94360882340689, 50.773259767141916 ], [ 5.935929781111462, 50.77146089595179 ], [ 5.931121100797382, 50.775138767794246 ], [ 5.923850196894817, 50.775240996011441 ], [ 5.920541094273922, 50.769333137397432 ], [ 5.925476158154785, 50.766321943060646 ], [ 5.92505921552405, 50.763651410391162 ], [ 5.932123624014583, 50.760913014676248 ], [ 5.93009401329453, 50.759040298142857 ], [ 5.934710475184662, 50.758494019875592 ], [ 5.936173751298208, 50.756786691196446 ], [ 5.960663363123571, 50.762475195908458 ], [ 5.972820504041137, 50.759647966532398 ], [ 5.975118181161331, 50.757888505288754 ], [ 5.974140309708527, 50.75521209780883 ], [ 5.983190381680502, 50.752819847664611 ], [ 5.99927780446328, 50.753025885854122 ], [ 6.013415290771035, 50.755069217812419 ], [ 6.021008951804681, 50.754287713763034 ], [ 6.018597108202336, 50.763680375961087 ] ] ] } },
{ "type": "Feature", "properties": { "code": "0994", "gemeente": "Valkenburg aan de Geul", "provincie": "Limburg" }, "geometry": { "type": "Polygon", "coordinates": [ [ [ 5.843091847931371, 50.833142054726601 ], [ 5.857388958353209, 50.832082399690499 ], [ 5.866213589122359, 50.83871181451461 ], [ 5.871002827656496, 50.838293082034085 ], [ 5.870259080806651, 50.836534943261796 ], [ 5.873682536834967, 50.837747721773773 ], [ 5.877578746435502, 50.841319043643395 ], [ 5.875245598547599, 50.847079743611033 ], [ 5.888009286857133, 50.847052195671402 ], [ 5.88272078655736, 50.852323587250112 ], [ 5.875663446580154, 50.855415399110107 ], [ 5.875927181572056, 50.856977276294963 ], [ 5.869032549090386, 50.856679354159652 ], [ 5.873431351951181, 50.864478493440224 ], [ 5.869039831694306, 50.868699499208049 ], [ 5.870068498822919, 50.873018856168265 ], [ 5.86396379187897, 50.877006848838874 ], [ 5.861618436523224, 50.882417516000103 ], [ 5.851665153158983, 50.882199739144546 ], [ 5.849150866774029, 50.883731208353886 ], [ 5.834687332257681, 50.880648247194003 ], [ 5.832716797669844, 50.885773852827448 ], [ 5.836647715380999, 50.891599898071014 ], [ 5.833112009704982, 50.892208872868324 ], [ 5.819207237994387, 50.883843190862898 ], [ 5.809092891977127, 50.887849536318257 ], [ 5.802086261161704, 50.88698618907754 ], [ 5.798371674629657, 50.882850252353336 ], [ 5.7895360981197, 50.882410519585584 ], [ 5.789101072369308, 50.883888580418983 ], [ 5.784186678105994, 50.882401905840645 ], [ 5.77766288316466, 50.883727323391412 ], [ 5.772077844192514, 50.87574944481689 ], [ 5.774200972371139, 50.873377657941802 ], [ 5.773012826855235, 50.872279854662516 ], [ 5.767001346484369, 50.87320323696747 ], [ 5.762924781331235, 50.864137836428988 ], [ 5.749360480166508, 50.856981055727942 ], [ 5.770752919230467, 50.852395431261051 ], [ 5.775792331106974, 50.853394061960678 ], [ 5.780533362159279, 50.849436131997031 ], [ 5.79126579063237, 50.849879171139669 ], [ 5.800667169687362, 50.848350400602577 ], [ 5.801637824808044, 50.849875023409489 ], [ 5.807836442647607, 50.841465231777399 ], [ 5.821239058318409, 50.838761116242551 ], [ 5.820636706614378, 50.831856593694866 ], [ 5.823609778053705, 50.830357960747413 ], [ 5.836247403187335, 50.829964298052673 ], [ 5.836114597291223, 50.835966592941688 ], [ 5.843091847931371, 50.833142054726601 ] ] ] } },
{ "type": "Feature", "properties": { "code": "0858", "gemeente": "Valkenswaard", "provincie": "Noord-Brabant" }, "geometry": { "type": "Polygon", "coordinates": [ [ [ 5.417411520766136, 51.262285733279384 ], [ 5.433297706824991, 51.276333159292129 ], [ 5.43837127262452, 51.276026196294502 ], [ 5.441781539179568, 51.282105873512165 ], [ 5.464836221102514, 51.284565335118955 ], [ 5.47688754706079, 51.291391341877713 ], [ 5.47761396130161, 51.294968157115633 ], [ 5.483199278938263, 51.298645522245494 ], [ 5.483016499325522, 51.300164681475991 ], [ 5.484859328089646, 51.299999947841975 ], [ 5.491336741783489, 51.314448658388599 ], [ 5.48905598747932, 51.318368664645412 ], [ 5.480237813206086, 51.324055042489789 ], [ 5.473615242109237, 51.33401558230856 ], [ 5.481868071027141, 51.340840321939865 ], [ 5.496030167913645, 51.346507793846186 ], [ 5.496668770257271, 51.352650091626039 ], [ 5.493800242073384, 51.355392186717602 ], [ 5.527180536709992, 51.366941076134722 ], [ 5.516417604225326, 51.378335517379192 ], [ 5.508479489970093, 51.372765750363811 ], [ 5.501660866513674, 51.374279974403905 ], [ 5.496477192530025, 51.373137367832783 ], [ 5.492479524634085, 51.374150630046962 ], [ 5.445133898091772, 51.368136332058334 ], [ 5.437280463600338, 51.366013108904262 ], [ 5.423207354897786, 51.374866429179569 ], [ 5.418957840965181, 51.371988631321408 ], [ 5.420981981711701, 51.369299508445991 ], [ 5.419743519263383, 51.358522060029244 ], [ 5.425196619346038, 51.345268509775707 ], [ 5.421187199031181, 51.338413666702309 ], [ 5.424290737898317, 51.330759864661736 ], [ 5.433922674782415, 51.324320767914017 ], [ 5.425799125566461, 51.311990230300218 ], [ 5.419850671300642, 51.318018350270009 ], [ 5.416487406586111, 51.319391784321063 ], [ 5.413652544268817, 51.318646455721719 ], [ 5.412861456392537, 51.320518133299174 ], [ 5.400719159167064, 51.313500997551067 ], [ 5.397672510192208, 51.314320585075428 ], [ 5.394226282864026, 51.308714150960228 ], [ 5.394866230097205, 51.296271310544036 ], [ 5.392664977445338, 51.29399001379857 ], [ 5.397202095237554, 51.290620275139524 ], [ 5.387803627908608, 51.285238902545679 ], [ 5.417411520766136, 51.262285733279384 ] ] ] } },
{ "type": "Feature", "properties": { "code": "0047", "gemeente": "Veendam", "provincie": "Groningen" }, "geometry": { "type": "Polygon", "coordinates": [ [ [ 6.906656700364533, 53.03828157461956 ], [ 6.905497738497489, 53.043838095562037 ], [ 6.920775947090829, 53.045281370351589 ], [ 6.919904953880066, 53.049312173555052 ], [ 6.933343547493363, 53.04961279894367 ], [ 6.933004302437524, 53.053806468271759 ], [ 6.924440498962232, 53.057777460923305 ], [ 6.929074729451083, 53.072654945384329 ], [ 6.944467050832603, 53.081491639651901 ], [ 6.956891063510462, 53.094710852006443 ], [ 6.960598129121177, 53.095801350345262 ], [ 6.961913831244567, 53.109257840724851 ], [ 6.959339127213572, 53.120175904912053 ], [ 6.896989947608336, 53.128506559908843 ], [ 6.89709976018993, 53.127578101797582 ], [ 6.886253557698428, 53.128599508397897 ], [ 6.884268759020448, 53.1256163731396 ], [ 6.874292859750241, 53.12536844503169 ], [ 6.874123877343401, 53.123547307637331 ], [ 6.823101128396121, 53.12621902782054 ], [ 6.821163090175709, 53.12883973495957 ], [ 6.803239539111797, 53.124089688217083 ], [ 6.805988101427443, 53.120325951903304 ], [ 6.801673955956337, 53.119171681846638 ], [ 6.813944749223992, 53.070971587606849 ], [ 6.861287449715265, 53.040874021961642 ], [ 6.865387024554435, 53.042966018046144 ], [ 6.868641299523702, 53.04128416573915 ], [ 6.881443427616986, 53.046618818006031 ], [ 6.898931078995241, 53.032406482881676 ], [ 6.906656700364533, 53.03828157461956 ] ] ] } },
{ "type": "Feature", "properties": { "code": "0345", "gemeente": "Veenendaal", "provincie": "Utrecht" }, "geometry": { "type": "Polygon", "coordinates": [ [ [ 5.553234344826649, 51.999036284309824 ], [ 5.558045058855974, 52.003632023591514 ], [ 5.570478577789141, 51.996958360231574 ], [ 5.589488744681717, 52.009455526893653 ], [ 5.586014628076114, 52.011776279998628 ], [ 5.586922247778988, 52.015713180403772 ], [ 5.589621611770282, 52.015594820249063 ], [ 5.590242102509147, 52.02026674337835 ], [ 5.587199613135949, 52.02044993060322 ], [ 5.586502548132501, 52.029171046886908 ], [ 5.586711625352328, 52.031290426497243 ], [ 5.589588680058192, 52.031176593616841 ], [ 5.590030136095362, 52.034387067105662 ], [ 5.567385765862333, 52.040605679814682 ], [ 5.570852943021539, 52.047996992618494 ], [ 5.544639543935633, 52.049373310544702 ], [ 5.53881868955902, 52.041264809195781 ], [ 5.53540984160539, 52.041477821784653 ], [ 5.531420146558727, 52.039468816441484 ], [ 5.529347882461238, 52.040202431878768 ], [ 5.512592175231373, 52.018516101028169 ], [ 5.533676726888632, 52.012665142273548 ], [ 5.532366010766729, 52.010900130025568 ], [ 5.535819156019431, 52.010050758727779 ], [ 5.535140587943197, 52.008886633622041 ], [ 5.553234344826649, 51.999036284309824 ] ] ] } },
{ "type": "Feature", "properties": { "code": "0717", "gemeente": "Veere", "provincie": "Zeeland" }, "geometry": { "type": "Polygon", "coordinates": [ [ [ 3.496174911847498, 51.492491510748536 ], [ 3.525378441035837, 51.462246149166035 ], [ 3.544345906069688, 51.46649944030068 ], [ 3.552761168257589, 51.470955511561755 ], [ 3.555170661057983, 51.467901993121728 ], [ 3.560226750074409, 51.471186261149462 ], [ 3.564567135674084, 51.470429756846237 ], [ 3.566057667581369, 51.478248706421169 ], [ 3.570674960444236, 51.476875346176712 ], [ 3.574294972377555, 51.47743943075892 ], [ 3.575702381607984, 51.474447267444361 ], [ 3.582342060424097, 51.475812054887989 ], [ 3.58392315547042, 51.478457637215556 ], [ 3.586978777892559, 51.479253370463773 ], [ 3.57963044885663, 51.48921586428402 ], [ 3.585030265665135, 51.490908392691168 ], [ 3.58492001901282, 51.494314932972159 ], [ 3.575296297162598, 51.506623780359511 ], [ 3.583423187725102, 51.508661016240914 ], [ 3.578837723707712, 51.512425096760978 ], [ 3.582848392146939, 51.513473579536537 ], [ 3.583684299771526, 51.519626647001608 ], [ 3.596634828825461, 51.522451617485174 ], [ 3.593782538658151, 51.528640159536536 ], [ 3.589778516505085, 51.53181132852913 ], [ 3.602621401226043, 51.534910284823304 ], [ 3.603544509625814, 51.533957368019514 ], [ 3.613158130924706, 51.53514198582608 ], [ 3.617135060325896, 51.525256538644086 ], [ 3.633938686094252, 51.525991337578127 ], [ 3.63454415081279, 51.520542331723945 ], [ 3.641596778136083, 51.51969320385313 ], [ 3.65650608992294, 51.522172924283232 ], [ 3.658840340957602, 51.51926115752989 ], [ 3.680835648493938, 51.534957818521363 ], [ 3.696382259150426, 51.535183877405302 ], [ 3.698644834619885, 51.543820051064692 ], [ 3.695988745207579, 51.549007989064719 ], [ 3.671077683841723, 51.563829334899339 ], [ 3.653128255982423, 51.568463402155579 ], [ 3.634797571584542, 51.587015853575046 ], [ 3.630163660819744, 51.595772852387334 ], [ 3.654523825831046, 51.596093559989058 ], [ 3.689547805770708, 51.601515266987164 ], [ 3.695692191084362, 51.599610272856417 ], [ 3.699092182852088, 51.601061560290333 ], [ 3.70796211176265, 51.598725781714741 ], [ 3.748885384987737, 51.650322657642725 ], [ 3.611341043308248, 51.650363351361619 ], [ 3.570919119209323, 51.604741655013939 ], [ 3.485917377334755, 51.573628568868649 ], [ 3.482835156386309, 51.562542878802248 ], [ 3.45651951360231, 51.549897784239839 ], [ 3.434673791099693, 51.542250074360567 ], [ 3.432062271265464, 51.528446509184036 ], [ 3.433716250706723, 51.524771194154539 ], [ 3.441104794456805, 51.52125323843002 ], [ 3.454306260425751, 51.510746381688435 ], [ 3.496174911847498, 51.492491510748536 ] ] ] } },
{ "type": "Feature", "properties": { "code": "0861", "gemeente": "Veldhoven", "provincie": "Noord-Brabant" }, "geometry": { "type": "Polygon", "coordinates": [ [ [ 5.388907031836117, 51.376460107161705 ], [ 5.396540005252672, 51.38083956367845 ], [ 5.408537020248671, 51.37980650497073 ], [ 5.413481912345586, 51.383905012436216 ], [ 5.418001367251155, 51.382023273307119 ], [ 5.421967652502804, 51.383474151901979 ], [ 5.417445911660029, 51.389182554710501 ], [ 5.427276716814156, 51.402653610786317 ], [ 5.425230959344272, 51.404553547527904 ], [ 5.429854243650824, 51.406198400839394 ], [ 5.425468322037946, 51.430959082990853 ], [ 5.419944017254329, 51.432852907644268 ], [ 5.41448915453825, 51.430059081754614 ], [ 5.410699554499977, 51.435061807176126 ], [ 5.409001172377797, 51.434459834888393 ], [ 5.404922886344471, 51.43712798478041 ], [ 5.400794914917097, 51.432967532353224 ], [ 5.393805036498511, 51.434577660279444 ], [ 5.388766359155392, 51.437745337130799 ], [ 5.379686368800811, 51.43509236167634 ], [ 5.379212511736814, 51.436596361469235 ], [ 5.371249056774156, 51.438908800618847 ], [ 5.36353513321948, 51.4354155350319 ], [ 5.356916895776537, 51.438203506407135 ], [ 5.355441699942667, 51.43373738770871 ], [ 5.347376246404856, 51.429327836550321 ], [ 5.342362515158215, 51.431104452835456 ], [ 5.343369829898562, 51.427436247089936 ], [ 5.339842235295756, 51.425557945788157 ], [ 5.319371417773077, 51.423795305727836 ], [ 5.319996533241987, 51.419927950850159 ], [ 5.316089766540722, 51.419409275345259 ], [ 5.316237561685319, 51.416922958418979 ], [ 5.323664331141071, 51.40618721573901 ], [ 5.354362946948917, 51.408783425900275 ], [ 5.370960874202678, 51.397864200814958 ], [ 5.373947511382075, 51.38863025715456 ], [ 5.388907031836117, 51.376460107161705 ] ] ] } },
{ "type": "Feature", "properties": { "code": "0453", "gemeente": "Velsen", "provincie": "Noord-Holland" }, "geometry": { "type": "Polygon", "coordinates": [ [ [ 4.636183773572164, 52.410820191038539 ], [ 4.650768611161143, 52.428569666080961 ], [ 4.665868272777045, 52.425453056399753 ], [ 4.672074228966057, 52.422471105095134 ], [ 4.67437240895427, 52.418634229823589 ], [ 4.681227178485855, 52.419331452860575 ], [ 4.682476169619751, 52.413848703726288 ], [ 4.700537224442434, 52.425512921687989 ], [ 4.710654981302012, 52.427692757910812 ], [ 4.721983095075638, 52.433336172705609 ], [ 4.709968724799245, 52.436645197446879 ], [ 4.661924747770474, 52.461756776718552 ], [ 4.667605906027054, 52.468426221730503 ], [ 4.653333228383646, 52.477154740064208 ], [ 4.649282701233581, 52.476531545787303 ], [ 4.646736248603519, 52.477081583144539 ], [ 4.646924808446139, 52.47857057398457 ], [ 4.613553366290072, 52.483803086319568 ], [ 4.60404961548486, 52.481468479567326 ], [ 4.596435834025777, 52.48588405737916 ], [ 4.566312337248092, 52.492744123359039 ], [ 4.55470334916666, 52.478071307554735 ], [ 4.546862827971284, 52.478573249000924 ], [ 4.536861587168162, 52.476605530097643 ], [ 4.523694470714379, 52.470982870343008 ], [ 4.518590707061556, 52.467071835482031 ], [ 4.518618600386915, 52.459657068033998 ], [ 4.524410212283332, 52.45315620397578 ], [ 4.534168297370866, 52.449119379412281 ], [ 4.543318209973111, 52.449112973091857 ], [ 4.544065276217911, 52.439302410127738 ], [ 4.587822872631222, 52.434436440968348 ], [ 4.61810240949214, 52.42482629501734 ], [ 4.621468409503012, 52.424904251666824 ], [ 4.62499219467115, 52.423492228943829 ], [ 4.623576328689517, 52.422075071556229 ], [ 4.625913976778544, 52.42055690950496 ], [ 4.626399068894301, 52.416528842323679 ], [ 4.628735498901985, 52.415844417591273 ], [ 4.627617970382786, 52.412597602862306 ], [ 4.636183773572164, 52.410820191038539 ] ] ] } },
{ "type": "Feature", "properties": { "code": "0983", "gemeente": "Venlo", "provincie": "Limburg" }, "geometry": { "type": "Polygon", "coordinates": [ [ [ 6.093668263184101, 51.295390462100066 ], [ 6.103152320159255, 51.288700430695599 ], [ 6.107008469069277, 51.291469303787295 ], [ 6.114462061262745, 51.289175355169938 ], [ 6.124559495782999, 51.279914658317878 ], [ 6.124500378182967, 51.277061022796708 ], [ 6.12901092858202, 51.285702423483826 ], [ 6.145144676302842, 51.298116009739147 ], [ 6.153823798019172, 51.307448168329863 ], [ 6.154239677947471, 51.311114591177279 ], [ 6.159420409576646, 51.315642027451148 ], [ 6.159589948433547, 51.31969129298318 ], [ 6.169378499299216, 51.329373705136355 ], [ 6.168557307450677, 51.332988695704493 ], [ 6.194236372338707, 51.334878977808785 ], [ 6.18988166701284, 51.339461427747359 ], [ 6.22638991646043, 51.360336163212466 ], [ 6.214742564937272, 51.387515718318085 ], [ 6.216367384027232, 51.388832489031373 ], [ 6.214424682746262, 51.389634279425877 ], [ 6.226668028752758, 51.400268044738517 ], [ 6.211362530467874, 51.400925603756527 ], [ 6.205256962476903, 51.399520112150064 ], [ 6.214761420888627, 51.433880750043116 ], [ 6.21393659718366, 51.446263666320597 ], [ 6.22059339625542, 51.446646260085537 ], [ 6.220006024438442, 51.455349506346309 ], [ 6.223675856483864, 51.468714846013917 ], [ 6.223556681894046, 51.474964898954056 ], [ 6.219031991442129, 51.484983273111098 ], [ 6.212763625940035, 51.491308157465681 ], [ 6.213361266494243, 51.507817674594271 ], [ 6.204044711051389, 51.504312958363144 ], [ 6.18836254506115, 51.505081000839446 ], [ 6.169193440407754, 51.503081659989647 ], [ 6.166729135840423, 51.486758515244063 ], [ 6.177609231724851, 51.473829832053617 ], [ 6.178640384075825, 51.46580767142364 ], [ 6.154468529043718, 51.440805945750526 ], [ 6.153969482902225, 51.436390809783674 ], [ 6.158379522680004, 51.422726579593395 ], [ 6.149116351861694, 51.409102896046321 ], [ 6.153041922893364, 51.395925365549289 ], [ 6.140779293143668, 51.394861944813549 ], [ 6.135270781211828, 51.416109281933082 ], [ 6.132703657363597, 51.413716993179236 ], [ 6.12455587652208, 51.414800622302948 ], [ 6.116680260607902, 51.42131811931818 ], [ 6.108763751533972, 51.419325494586602 ], [ 6.077696163899301, 51.420170808212909 ], [ 6.076890065658671, 51.409499490908658 ], [ 6.073365968943229, 51.40610570189039 ], [ 6.072307911995283, 51.397556448137372 ], [ 6.074430378295534, 51.393821950924924 ], [ 6.077303445667018, 51.3943930601136 ], [ 6.081498006917072, 51.392146287281889 ], [ 6.083728024674754, 51.39257063654906 ], [ 6.090373909378632, 51.389110102759346 ], [ 6.090459116872541, 51.385911251352148 ], [ 6.077587398800671, 51.378172836812816 ], [ 6.087591301544355, 51.370335341880853 ], [ 6.091067328553389, 51.371594867508954 ], [ 6.099655106614504, 51.357096718419207 ], [ 6.107100169189136, 51.356002850818435 ], [ 6.123253954984557, 51.34337006213643 ], [ 6.116643068413061, 51.339076155804918 ], [ 6.118190009315288, 51.329752436118355 ], [ 6.115389553208021, 51.321999543272753 ], [ 6.102620629895174, 51.308519013721934 ], [ 6.084717160818315, 51.297454385140149 ], [ 6.08743248938056, 51.295041801874319 ], [ 6.093668263184101, 51.295390462100066 ] ] ] } },
{ "type": "Feature", "properties": { "code": "0984", "gemeente": "Venray", "provincie": "Limburg" }, "geometry": { "type": "Polygon", "coordinates": [ [ [ 5.87506996210421, 51.44658109260881 ], [ 5.953004295997726, 51.463540973722203 ], [ 5.994120046315658, 51.475212962920374 ], [ 6.030210969367186, 51.4798492291863 ], [ 6.035209431035261, 51.482348359419134 ], [ 6.039942670416424, 51.487915889654879 ], [ 6.04947353880913, 51.490404294753368 ], [ 6.06132384767311, 51.487120965873245 ], [ 6.068394106268318, 51.487899748575522 ], [ 6.073755977412741, 51.495172674146794 ], [ 6.066259312992829, 51.507947508824564 ], [ 6.064602184873304, 51.51606638213562 ], [ 6.066773854816053, 51.523693786074276 ], [ 6.076764461135511, 51.524777349320971 ], [ 6.07992858562126, 51.522952482167149 ], [ 6.087169228545325, 51.52356612526448 ], [ 6.09562865751409, 51.521595960703038 ], [ 6.104739498648361, 51.522388474252793 ], [ 6.107573331178762, 51.5214032610914 ], [ 6.10661215022412, 51.518301623779422 ], [ 6.121991127759228, 51.510176493976019 ], [ 6.126863160022595, 51.514387913350625 ], [ 6.131998093788693, 51.511472873211005 ], [ 6.141094045724116, 51.519519572992735 ], [ 6.119682592821617, 51.531845014250507 ], [ 6.113822500147411, 51.544328150123057 ], [ 6.109985976684114, 51.54711873029202 ], [ 6.102774311901491, 51.548281886854937 ], [ 6.079391627552877, 51.547092238413939 ], [ 6.062131821882136, 51.555875125839265 ], [ 6.056509489390893, 51.557580530937479 ], [ 6.046425025005336, 51.557641020235685 ], [ 6.044655117514788, 51.559028984268231 ], [ 6.042216963288158, 51.556766611191264 ], [ 6.037307852764644, 51.558149278711312 ], [ 6.032597699025898, 51.556852054272802 ], [ 6.031668818352386, 51.552338803505194 ], [ 6.018211960514507, 51.563334683742966 ], [ 6.004252792308859, 51.570243521754577 ], [ 5.976346151568098, 51.561638165908377 ], [ 5.935444934912693, 51.553600197754562 ], [ 5.906662589096872, 51.552030870903636 ], [ 5.891466151395145, 51.560204679805864 ], [ 5.838238466402554, 51.566414619759492 ], [ 5.85255214191031, 51.504176649058984 ], [ 5.860723645334852, 51.491966553846105 ], [ 5.871695198105345, 51.450111968842315 ], [ 5.87506996210421, 51.44658109260881 ] ] ] } },
{ "type": "Feature", "properties": { "code": "1961", "gemeente": "Vijfheerenlanden", "provincie": "Utrecht" }, "geometry": { "type": "Polygon", "coordinates": [ [ [ 5.051805193118709, 51.857477288039874 ], [ 5.059185485235668, 51.858154487379522 ], [ 5.063681622468637, 51.860823957834093 ], [ 5.052198841256332, 51.866643012675873 ], [ 5.052310582570426, 51.869984490720476 ], [ 5.055362256265536, 51.873040935640574 ], [ 5.080532405099625, 51.875524730758215 ], [ 5.086339591110816, 51.880768968815623 ], [ 5.08815941438896, 51.887094362144644 ], [ 5.090974558030428, 51.888976432009208 ], [ 5.112736807712244, 51.887776183770562 ], [ 5.117671296540634, 51.892569905931829 ], [ 5.116947869568211, 51.898104017920147 ], [ 5.119408864701088, 51.898605265675663 ], [ 5.132277547349157, 51.914881763228998 ], [ 5.136435754475764, 51.914508432052926 ], [ 5.135674746857091, 51.918222746278907 ], [ 5.148459849215095, 51.929485194454102 ], [ 5.148276236203324, 51.932737317045486 ], [ 5.151467135619672, 51.933615257353509 ], [ 5.180226657580373, 51.967448329422439 ], [ 5.152939212472686, 51.972443994926394 ], [ 5.145550690834233, 51.978661521947167 ], [ 5.139676762309661, 51.993943238211436 ], [ 5.133868036165307, 51.996687256135651 ], [ 5.110509721859651, 52.00238241461394 ], [ 5.092428574506606, 52.002054437573456 ], [ 5.066286186493971, 51.994073410609808 ], [ 5.044995319456813, 51.981958955131645 ], [ 5.037775261658832, 51.97271730576351 ], [ 5.032848898180804, 51.969746227660089 ], [ 5.022375665555264, 51.969726661959236 ], [ 5.003009512030038, 51.978138238769304 ], [ 4.998073524608745, 51.977871508779437 ], [ 4.988045362693447, 51.973992854687602 ], [ 4.975436108934099, 51.962885900391122 ], [ 4.96819398427357, 51.959351917250537 ], [ 4.948691209896991, 51.96347175423081 ], [ 4.939820509157807, 51.9634399646459 ], [ 4.933583536440159, 51.959707276023252 ], [ 4.926301292456203, 51.950927948144503 ], [ 4.932126499252249, 51.947551645442793 ], [ 4.939235058781841, 51.928938075315976 ], [ 4.947696235724635, 51.933724609571215 ], [ 4.956157453988429, 51.915591067731292 ], [ 4.964785225020429, 51.913518964826331 ], [ 4.964128184062098, 51.910638006201999 ], [ 4.97374062626145, 51.907667416293087 ], [ 4.973410700730929, 51.897250053408015 ], [ 4.994968057020926, 51.902292337356272 ], [ 4.995961685451412, 51.891962980963584 ], [ 4.999452274773727, 51.884283510259621 ], [ 4.995047401105553, 51.877616317802953 ], [ 4.996238126311744, 51.873119195404144 ], [ 5.026955909798686, 51.881918208933754 ], [ 5.021748888210599, 51.868819612974704 ], [ 5.027387883681818, 51.863739028866853 ], [ 5.026907961919875, 51.858607718859865 ], [ 5.043850833207366, 51.859226062909187 ], [ 5.051805193118709, 51.857477288039874 ] ] ] } },
{ "type": "Feature", "properties": { "code": "0622", "gemeente": "Vlaardingen", "provincie": "Zuid-Holland" }, "geometry": { "type": "Polygon", "coordinates": [ [ [ 4.287938510256461, 51.898560919291469 ], [ 4.332408081231104, 51.894178494741304 ], [ 4.356953401768193, 51.899101205833624 ], [ 4.370622685253802, 51.899355531386099 ], [ 4.365512645510902, 51.921546196981687 ], [ 4.362192013637512, 51.92409532005248 ], [ 4.361825718620698, 51.926571101446811 ], [ 4.3639220823368, 51.927687466640492 ], [ 4.362568840270657, 51.93490704338744 ], [ 4.350671359549614, 51.951506524425518 ], [ 4.336556426736734, 51.947397007618335 ], [ 4.325736021219454, 51.942228135648982 ], [ 4.322893206019128, 51.942712241389358 ], [ 4.313693314805048, 51.934890132407055 ], [ 4.267571211230306, 51.905335046479976 ], [ 4.287938510256461, 51.898560919291469 ] ] ] } },
{ "type": "Feature", "properties": { "code": "0096", "gemeente": "Vlieland", "provincie": "Fryslân" }, "geometry": { "type": "Polygon", "coordinates": [ [ [ 5.09577809730609, 53.087105150338637 ], [ 5.163222054344144, 53.107584603175333 ], [ 5.132830933735925, 53.197381653602804 ], [ 5.162216911799117, 53.305280698632508 ], [ 5.102072480763026, 53.322950253144533 ], [ 5.087068927187389, 53.323072488680246 ], [ 5.027117207590823, 53.313922645742423 ], [ 4.907689841984355, 53.259592896456383 ], [ 4.840601495117857, 53.23234947028341 ], [ 4.818375720741235, 53.214274798214248 ], [ 5.050952586697467, 53.143265741086218 ], [ 5.09577809730609, 53.087105150338637 ] ] ] } },
{ "type": "Feature", "properties": { "code": "0718", "gemeente": "Vlissingen", "provincie": "Zeeland" }, "geometry": { "type": "Polygon", "coordinates": [ [ [ 3.71805297156903, 51.427651383261072 ], [ 3.696391830353781, 51.445851142020089 ], [ 3.709836686893124, 51.453247200614776 ], [ 3.717423531277462, 51.469607677259731 ], [ 3.710584536020265, 51.471511933305244 ], [ 3.698506624865085, 51.469692796213153 ], [ 3.69567808440298, 51.471114720100033 ], [ 3.706228033263085, 51.477478927299536 ], [ 3.703647930991391, 51.482270351939135 ], [ 3.695697646630989, 51.481001232337064 ], [ 3.667501265854656, 51.469822510940745 ], [ 3.658978163255477, 51.468149470314906 ], [ 3.648053057552496, 51.469967437720541 ], [ 3.629214808404841, 51.480914444274681 ], [ 3.621655863074346, 51.475484514421559 ], [ 3.617728829214462, 51.477754977843489 ], [ 3.608905958984268, 51.475524807753182 ], [ 3.60176054766086, 51.479326244975915 ], [ 3.599658802260365, 51.475294560987088 ], [ 3.589375836639649, 51.479862917305532 ], [ 3.58393576337581, 51.478465384079307 ], [ 3.582342060424097, 51.475812054887989 ], [ 3.575702381607984, 51.474447267444361 ], [ 3.574294972377555, 51.47743943075892 ], [ 3.570674960444236, 51.476875346176712 ], [ 3.566057667581369, 51.478248706421169 ], [ 3.564567135674084, 51.470429756846237 ], [ 3.560226750074409, 51.471186261149462 ], [ 3.555170661057983, 51.467901993121728 ], [ 3.552761168257589, 51.470955511561755 ], [ 3.544345906069688, 51.46649944030068 ], [ 3.525378441035837, 51.462246149166035 ], [ 3.496174911847498, 51.492491510748536 ], [ 3.454306260425751, 51.510746381688435 ], [ 3.432576534737386, 51.525993069915124 ], [ 3.434673791099693, 51.542250074360567 ], [ 3.45651951360231, 51.549897784239839 ], [ 3.484565604381881, 51.56418153690835 ], [ 3.485917377334755, 51.573628568868649 ], [ 3.452581864901266, 51.616407758766428 ], [ 3.387301084944236, 51.592518059448359 ], [ 3.30793771370923, 51.43337622344275 ], [ 3.352555968746028, 51.378611107730023 ], [ 3.36306221520372, 51.372880539924751 ], [ 3.371986032029255, 51.375262474277285 ], [ 3.372062362048727, 51.376722029508102 ], [ 3.375174195241927, 51.376552717092352 ], [ 3.374802260514679, 51.378047928132325 ], [ 3.37745110567599, 51.377700680164509 ], [ 3.381720143134678, 51.380493520029503 ], [ 3.42248173346709, 51.391416711694092 ], [ 3.432745266033186, 51.392591563052491 ], [ 3.44025044088828, 51.39118297333173 ], [ 3.448100686655635, 51.391948025409953 ], [ 3.455176207941246, 51.394847904895784 ], [ 3.482560031412553, 51.399573159784353 ], [ 3.497990724439349, 51.404209793330139 ], [ 3.50345990456759, 51.407830083653685 ], [ 3.515006346668514, 51.409016017706755 ], [ 3.550908021250919, 51.405995872040606 ], [ 3.55738514248897, 51.402921534323156 ], [ 3.557339318100482, 51.400813883950178 ], [ 3.559419079350627, 51.406041789844799 ], [ 3.738034936644083, 51.394608958246415 ], [ 3.7366001414327, 51.411112799146935 ], [ 3.724477766988786, 51.414601374381704 ], [ 3.710426270823836, 51.423938102205227 ], [ 3.71805297156903, 51.427651383261072 ] ] ] } },
{ "type": "Feature", "properties": { "code": "0986", "gemeente": "Voerendaal", "provincie": "Limburg" }, "geometry": { "type": "Polygon", "coordinates": [ [ [ 5.891631815956179, 50.84285908731848 ], [ 5.898771662762026, 50.843350898227712 ], [ 5.916169407788356, 50.848818911888287 ], [ 5.925002413285028, 50.84884125665117 ], [ 5.929529755452633, 50.840229707597686 ], [ 5.936020606970851, 50.840178664236532 ], [ 5.946801692983352, 50.844686299824744 ], [ 5.954950436329231, 50.84599513962862 ], [ 5.953252779689557, 50.848306498803304 ], [ 5.954517631555501, 50.852573118088905 ], [ 5.966392576842526, 50.855298007758535 ], [ 5.969362334751543, 50.860080405104227 ], [ 5.964863425465924, 50.866564743597031 ], [ 5.924180627424123, 50.904844290847649 ], [ 5.920543407130905, 50.90306370400053 ], [ 5.916366491669395, 50.904131337415578 ], [ 5.91339270395764, 50.902724972070871 ], [ 5.914707109363161, 50.901721680916282 ], [ 5.901533039195028, 50.89577610675213 ], [ 5.90366611494919, 50.894238456709573 ], [ 5.890389749549609, 50.888413360852454 ], [ 5.894007299362431, 50.88560206335189 ], [ 5.889605243044119, 50.885636496628273 ], [ 5.887345249537486, 50.883788119535218 ], [ 5.880823685358833, 50.882481760243856 ], [ 5.871456022942882, 50.883459213722219 ], [ 5.861618436523224, 50.882417516000103 ], [ 5.86396379187897, 50.877006848838874 ], [ 5.870068498822919, 50.873018856168265 ], [ 5.869039831694306, 50.868699499208049 ], [ 5.873431351951181, 50.864478493440224 ], [ 5.869032549090386, 50.856679354159652 ], [ 5.876639264230524, 50.856587893389495 ], [ 5.875663446580154, 50.855415399110107 ], [ 5.884538990118034, 50.851004287494128 ], [ 5.891631815956179, 50.84285908731848 ] ] ] } },
{ "type": "Feature", "properties": { "code": "1992", "gemeente": "Voorne aan Zee", "provincie": "Zuid-Holland" }, "geometry": { "type": "MultiPolygon", "coordinates": [ [ [ [ 4.147107149936486, 51.806198702169461 ], [ 4.175182965096304, 51.79173845211961 ], [ 4.184065934198315, 51.792660950883707 ], [ 4.192632095357011, 51.791113315871343 ], [ 4.195564387588251, 51.808942189113658 ], [ 4.212351600880623, 51.814025426753894 ], [ 4.21298051831548, 51.820581508376698 ], [ 4.219708153768773, 51.824559594878494 ], [ 4.217773986871047, 51.826113396176638 ], [ 4.220110208232917, 51.82616352987403 ], [ 4.221969591500878, 51.825018539172 ], [ 4.220254721379145, 51.828212877223599 ], [ 4.208798214499422, 51.835120655081091 ], [ 4.19714231503305, 51.834907679714966 ], [ 4.195609476833631, 51.839186710512386 ], [ 4.198244525657741, 51.839694710902897 ], [ 4.198528144086952, 51.843392942941314 ], [ 4.192734880570634, 51.84342951327816 ], [ 4.197609956374849, 51.847001693573169 ], [ 4.198257232454526, 51.849889278787622 ], [ 4.185272528060426, 51.849707621681944 ], [ 4.239383151529393, 51.872985914830601 ], [ 4.232969616667618, 51.877485803604849 ], [ 4.227692116321568, 51.887721887550732 ], [ 4.216270737246703, 51.898731132762315 ], [ 4.176474620504239, 51.917919677317457 ], [ 4.168186805242676, 51.919057021246644 ], [ 4.16619882515767, 51.924071546662091 ], [ 4.159786304428706, 51.927744739313312 ], [ 4.142398589625244, 51.931890351525333 ], [ 4.107723827186031, 51.936141611639556 ], [ 4.101719640398009, 51.927009282942727 ], [ 4.102002730936743, 51.923530161504047 ], [ 4.092893892837579, 51.932527944945562 ], [ 4.071943279134596, 51.933482021276234 ], [ 3.972617445403564, 51.910964959269151 ], [ 3.955580379007436, 51.857654034669615 ], [ 4.035202814322663, 51.858597902426773 ], [ 4.041217405433801, 51.840191369077502 ], [ 4.049502776769648, 51.831240309933087 ], [ 4.06265362122269, 51.821920274605418 ], [ 4.07257086823387, 51.818762313118199 ], [ 4.106742185392247, 51.812667682225005 ], [ 4.123432912573557, 51.806510115537634 ], [ 4.135862940697003, 51.807361858470856 ], [ 4.147107149936486, 51.806198702169461 ] ] ], [ [ [ 4.220084329269976, 51.825745636093934 ], [ 4.220126191353563, 51.826084134746132 ], [ 4.219790984592047, 51.82594218793696 ], [ 4.220084329269976, 51.825745636093934 ] ] ] ] } },
{ "type": "Feature", "properties": { "code": "0626", "gemeente": "Voorschoten", "provincie": "Zuid-Holland" }, "geometry": { "type": "Polygon", "coordinates": [ [ [ 4.427660736447958, 52.101597813267844 ], [ 4.446998898778332, 52.113719773254864 ], [ 4.46822217730629, 52.131438431174402 ], [ 4.469295984406394, 52.134042293470493 ], [ 4.465405525204833, 52.149442903459864 ], [ 4.459287266406511, 52.149696722202506 ], [ 4.44960500897974, 52.140984270025349 ], [ 4.443789483936756, 52.141013256591314 ], [ 4.442988533417531, 52.145345791511858 ], [ 4.401159065909139, 52.11186999856907 ], [ 4.427660736447958, 52.101597813267844 ] ] ] } },
{ "type": "Feature", "properties": { "code": "0285", "gemeente": "Voorst", "provincie": "Gelderland" }, "geometry": { "type": "Polygon", "coordinates": [ [ [ 6.168671380646595, 52.220699152168237 ], [ 6.163908992348271, 52.217496191386815 ], [ 6.163932945642071, 52.221924405182079 ], [ 6.161374929018685, 52.224760403568304 ], [ 6.147682497389576, 52.227690743110664 ], [ 6.142230864871819, 52.232771238680733 ], [ 6.142236674468931, 52.238455867813393 ], [ 6.153603873368462, 52.244017808667699 ], [ 6.153590059555613, 52.246902127813478 ], [ 6.150020315156693, 52.248315935801578 ], [ 6.143526309329445, 52.246404195634021 ], [ 6.135412343440423, 52.249614662114872 ], [ 6.123865476554469, 52.251481110602732 ], [ 6.125144958195691, 52.256825363071982 ], [ 6.130069094778357, 52.260691392250742 ], [ 6.124797223614541, 52.263410309280502 ], [ 6.121669942611166, 52.271440249336884 ], [ 6.112627289835676, 52.277927570245787 ], [ 6.111321617332775, 52.288210825691728 ], [ 6.105864463180208, 52.292407971387597 ], [ 6.101320381007906, 52.301224775089842 ], [ 6.090915901166774, 52.299987422876157 ], [ 6.084126415441022, 52.301567452610584 ], [ 6.082927740805958, 52.307120156687738 ], [ 6.084780444752053, 52.311740863379491 ], [ 6.08099010682857, 52.31190248119762 ], [ 6.079821656466814, 52.317594419629025 ], [ 6.066525113442858, 52.317809115892111 ], [ 6.066126114462214, 52.320300364518758 ], [ 6.071062223562897, 52.322503469511794 ], [ 6.073680633463555, 52.330569243595811 ], [ 6.052948024619079, 52.33090729005535 ], [ 6.052713779714763, 52.325820563144383 ], [ 6.034689163724822, 52.294509445812338 ], [ 6.043348447146274, 52.278726563076866 ], [ 6.041251747554817, 52.271906758275783 ], [ 6.043096224966505, 52.268891799793707 ], [ 6.036394658476909, 52.268530386818583 ], [ 6.034659342734553, 52.265905473719975 ], [ 6.037684362470185, 52.263606136302585 ], [ 6.037493479765612, 52.260920491709598 ], [ 6.035080085702504, 52.258283368343747 ], [ 6.03176939193121, 52.258550520639851 ], [ 6.028465760557531, 52.248657758229477 ], [ 6.024801561268466, 52.248936488093527 ], [ 6.028927269666356, 52.24439043211639 ], [ 6.026505716572808, 52.242904398495924 ], [ 6.028471824577181, 52.239043137456754 ], [ 6.036050794087116, 52.231996717775374 ], [ 6.033639151312442, 52.231514866068238 ], [ 6.03342453369761, 52.224079569968978 ], [ 6.040875522917307, 52.224159888062488 ], [ 6.04690921197342, 52.221367721733195 ], [ 6.047908008551946, 52.213004038592914 ], [ 6.053473595167613, 52.201212817190417 ], [ 6.058250903705347, 52.196171173529457 ], [ 6.053873812486655, 52.194999402617398 ], [ 6.049540088938115, 52.184286130982549 ], [ 6.060673387583135, 52.175152648949606 ], [ 6.065694091982515, 52.165221404249564 ], [ 6.064370497494632, 52.156990047878679 ], [ 6.074466985497471, 52.148482011173193 ], [ 6.076067285206243, 52.143938078196911 ], [ 6.106133119975219, 52.152191099956916 ], [ 6.142486177153618, 52.159194694446818 ], [ 6.153578151222118, 52.159622293343624 ], [ 6.16063462181324, 52.161873505972338 ], [ 6.184678543728058, 52.161222576722729 ], [ 6.19229852696403, 52.168652559393223 ], [ 6.193342246341928, 52.176814885749842 ], [ 6.189366802963946, 52.179536777270968 ], [ 6.181141252609346, 52.181365516004576 ], [ 6.169533123649369, 52.189089532911865 ], [ 6.159332040063541, 52.189931836912869 ], [ 6.156121494289884, 52.196252008240194 ], [ 6.160842543267859, 52.200936208762805 ], [ 6.173036371866898, 52.201341951280348 ], [ 6.185145911744692, 52.204780335704761 ], [ 6.19037276454022, 52.208600365807776 ], [ 6.19071719574812, 52.214362933882924 ], [ 6.18735832144176, 52.218726823417548 ], [ 6.16626884020346, 52.231013776272079 ], [ 6.163028012431273, 52.228522104369354 ], [ 6.167880611137072, 52.227551599616262 ], [ 6.167737907173231, 52.226221969203522 ], [ 6.162499487567229, 52.227889815845884 ], [ 6.168671380646595, 52.220699152168237 ] ] ] } },
{ "type": "Feature", "properties": { "code": "0865", "gemeente": "Vught", "provincie": "Noord-Brabant" }, "geometry": { "type": "Polygon", "coordinates": [ [ [ 5.255499565958775, 51.624928428734385 ], [ 5.271746588387898, 51.612836258850223 ], [ 5.271392338735096, 51.615455896163731 ], [ 5.275831050337547, 51.615761362094553 ], [ 5.280758789441933, 51.622727061480809 ], [ 5.294667103779853, 51.621334875553885 ], [ 5.297029014330525, 51.624983454332039 ], [ 5.304332683482018, 51.624923840349766 ], [ 5.308708970380335, 51.633401831470366 ], [ 5.315314517239346, 51.633815450332833 ], [ 5.320743690391625, 51.636001304372236 ], [ 5.319148573596205, 51.649980116890774 ], [ 5.31257377651608, 51.65394568670051 ], [ 5.311739019699906, 51.658128987986146 ], [ 5.303797222408527, 51.663993033927213 ], [ 5.308378162613384, 51.667700837434133 ], [ 5.318759109647837, 51.670870805937355 ], [ 5.298930743482791, 51.667123786887231 ], [ 5.294248066120094, 51.672198329982038 ], [ 5.291389724547871, 51.671983262546156 ], [ 5.288029181896924, 51.682237275857375 ], [ 5.265633812743288, 51.684725204746265 ], [ 5.246867636331408, 51.683168881359812 ], [ 5.234271732205078, 51.685499388024795 ], [ 5.231901758849669, 51.689257199405723 ], [ 5.226157763264584, 51.690030811232191 ], [ 5.223227613188729, 51.673781974996572 ], [ 5.207948399978346, 51.673955999298165 ], [ 5.202264401474906, 51.670610768684419 ], [ 5.204776632501908, 51.66982208917868 ], [ 5.166798145885825, 51.669047444647191 ], [ 5.161767293073519, 51.663447627070987 ], [ 5.157672728945038, 51.663274744957825 ], [ 5.154451889563481, 51.654919103602531 ], [ 5.160066934745552, 51.639532156526585 ], [ 5.174537898400947, 51.639158377549641 ], [ 5.178454005540154, 51.63969166803269 ], [ 5.178968093751001, 51.641661428730195 ], [ 5.17962740441964, 51.639883376451117 ], [ 5.184128421590972, 51.640883811645125 ], [ 5.19182127050624, 51.639477335058395 ], [ 5.19370187881805, 51.630560486638529 ], [ 5.20276811147528, 51.622621816691783 ], [ 5.207876387165784, 51.620404747689719 ], [ 5.21071137884269, 51.615588420801949 ], [ 5.222395312852496, 51.62184391257582 ], [ 5.222010223444206, 51.619748116771447 ], [ 5.225928673942621, 51.615958470029589 ], [ 5.238241235194032, 51.619141048115672 ], [ 5.242374577092378, 51.617988622166074 ], [ 5.246668940854653, 51.620834096724991 ], [ 5.246171412415412, 51.622654689405188 ], [ 5.250596951361076, 51.623782201411295 ], [ 5.250844789452996, 51.622594382194059 ], [ 5.255499565958775, 51.624928428734385 ] ] ] } },
{ "type": "Feature", "properties": { "code": "1949", "gemeente": "Waadhoeke", "provincie": "Fryslân" }, "geometry": { "type": "Polygon", "coordinates": [ [ [ 5.562604476680777, 53.130231710795726 ], [ 5.572585460904306, 53.1304251171278 ], [ 5.57531099010096, 53.134291701134195 ], [ 5.582455959251709, 53.133109952629646 ], [ 5.58403361457306, 53.133949277059671 ], [ 5.582860815319196, 53.132477274906179 ], [ 5.585919531319204, 53.130997288754685 ], [ 5.589950104255133, 53.131001548802217 ], [ 5.591231687129518, 53.128817767802097 ], [ 5.59442054269152, 53.129469847422619 ], [ 5.596331445887802, 53.125963580390859 ], [ 5.622215916983687, 53.13824792495231 ], [ 5.626236021409114, 53.132007714250491 ], [ 5.621893727315521, 53.12694563494081 ], [ 5.627268258595074, 53.128339710032186 ], [ 5.627423727628805, 53.126702996618576 ], [ 5.637347906646564, 53.124149100909861 ], [ 5.638371423499092, 53.127969024247435 ], [ 5.631993136894588, 53.133019570659371 ], [ 5.638213519635194, 53.136564468611283 ], [ 5.647075837955355, 53.137989004691889 ], [ 5.654182150482161, 53.141583380458322 ], [ 5.648532103783778, 53.147074937056324 ], [ 5.652051113509482, 53.148700735052735 ], [ 5.655479967334483, 53.147729856597216 ], [ 5.663320149375057, 53.149821259266659 ], [ 5.661934658425982, 53.154950011867243 ], [ 5.657736634635984, 53.154257883331297 ], [ 5.656658707707039, 53.155433637884485 ], [ 5.659453070208768, 53.157627305586935 ], [ 5.657502493920708, 53.158615060078546 ], [ 5.660676265452875, 53.16422265827152 ], [ 5.652840173895896, 53.166259190718897 ], [ 5.661260831087896, 53.1697583858559 ], [ 5.665959883243347, 53.175469762095965 ], [ 5.669006118401539, 53.173332835733888 ], [ 5.67458635536631, 53.177807895810915 ], [ 5.677291194243274, 53.176392681698481 ], [ 5.67939821889203, 53.179132859694462 ], [ 5.685809783840702, 53.181922153492629 ], [ 5.68709595525072, 53.18003892728261 ], [ 5.692742443422482, 53.179921683228407 ], [ 5.697333165063188, 53.17769633616399 ], [ 5.699148639098762, 53.173744018081337 ], [ 5.706098682276362, 53.173383067425505 ], [ 5.713244060795958, 53.175229641901588 ], [ 5.718443947528684, 53.16921520290235 ], [ 5.720127207814251, 53.170527265721752 ], [ 5.723791647733852, 53.170070125349881 ], [ 5.724924745953871, 53.166079006351829 ], [ 5.728333935736975, 53.167924560315527 ], [ 5.728216992513118, 53.169785240609421 ], [ 5.731422424779464, 53.170739404514116 ], [ 5.733306693404719, 53.169457552479081 ], [ 5.737786147368171, 53.172546703218536 ], [ 5.745409005024887, 53.185231284897519 ], [ 5.740342489109425, 53.185371899209933 ], [ 5.742388766301215, 53.19141128268307 ], [ 5.739971968048454, 53.191233464792063 ], [ 5.744574774100707, 53.197821474425389 ], [ 5.736090221037958, 53.206084745943222 ], [ 5.734740579821, 53.211219680457639 ], [ 5.74390503395639, 53.211379138976497 ], [ 5.747107203857241, 53.215144374555805 ], [ 5.734152430811498, 53.21589256041549 ], [ 5.732551827071802, 53.230322942892357 ], [ 5.738147651551811, 53.231283375192099 ], [ 5.729768821724621, 53.235254400213492 ], [ 5.743915890881429, 53.241098124769259 ], [ 5.733619601613752, 53.248513991115686 ], [ 5.736072126620695, 53.248672625257655 ], [ 5.735843268165535, 53.252280471682354 ], [ 5.729835788378049, 53.261235768030033 ], [ 5.735386798882979, 53.264713673397246 ], [ 5.723333553748963, 53.270674448005252 ], [ 5.720121022574818, 53.274995593191782 ], [ 5.725492606377882, 53.28913180967249 ], [ 5.727615910960579, 53.288952598709521 ], [ 5.730571518088928, 53.294468446753129 ], [ 5.735299474568079, 53.294398319765122 ], [ 5.739349222865962, 53.303939220600284 ], [ 5.749301101120079, 53.313555277828925 ], [ 5.729682161964702, 53.317452171871714 ], [ 5.721414549841745, 53.316033220391382 ], [ 5.722391246313005, 53.322313749570093 ], [ 5.718351725866339, 53.336933716298041 ], [ 5.702682731380549, 53.367958420718175 ], [ 5.6272408815069, 53.323183203236219 ], [ 5.567216980501399, 53.305341166836818 ], [ 5.537090527086043, 53.269441181820156 ], [ 5.477081283803572, 53.242544866028503 ], [ 5.432116351357225, 53.215613647910004 ], [ 5.437680878381826, 53.209624982200026 ], [ 5.456213065818829, 53.203031019888904 ], [ 5.458123748109117, 53.20002115028722 ], [ 5.461491445668848, 53.201151346423934 ], [ 5.467135576663579, 53.19934249649264 ], [ 5.489556183109714, 53.200738814720822 ], [ 5.490174926827487, 53.194069527561076 ], [ 5.485601615240469, 53.19086826447645 ], [ 5.479348802455676, 53.176600801192443 ], [ 5.496393516121316, 53.177852326893252 ], [ 5.493456783186559, 53.173040895852679 ], [ 5.486010591990563, 53.169679492763542 ], [ 5.484746857370757, 53.165798566674304 ], [ 5.486701340115865, 53.165042698686136 ], [ 5.476866946595753, 53.150516787227474 ], [ 5.474902000115336, 53.150886389191356 ], [ 5.472377388389873, 53.147840069195531 ], [ 5.472191844093195, 53.146614491057619 ], [ 5.478497484351015, 53.145291528185318 ], [ 5.477269468132874, 53.142942503271925 ], [ 5.487101669534637, 53.141000216223453 ], [ 5.480973278799497, 53.138616407118484 ], [ 5.484321672084893, 53.136988182111885 ], [ 5.492518630897449, 53.142012419176929 ], [ 5.50101072380118, 53.13902171070319 ], [ 5.502888244909459, 53.137848587590909 ], [ 5.501084430376903, 53.1362075728387 ], [ 5.504985544396651, 53.134727261804862 ], [ 5.512940393848166, 53.138580765348472 ], [ 5.510398028883741, 53.140080358419816 ], [ 5.512505454534696, 53.141871308761566 ], [ 5.510198760665113, 53.144540891876808 ], [ 5.511532905352949, 53.145742024051991 ], [ 5.524645638929544, 53.145544037655363 ], [ 5.531212327098731, 53.147888800241653 ], [ 5.550730716039681, 53.134124400185364 ], [ 5.554190788955919, 53.132938099441525 ], [ 5.555380739987251, 53.134603632350711 ], [ 5.559929455160072, 53.134636586586538 ], [ 5.563603084695604, 53.131242531224153 ], [ 5.562604476680777, 53.130231710795726 ] ] ] } },
{ "type": "Feature", "properties": { "code": "0866", "gemeente": "Waalre", "provincie": "Noord-Brabant" }, "geometry": { "type": "Polygon", "coordinates": [ [ [ 5.437496790244091, 51.366340654108335 ], [ 5.492479524634085, 51.374150630046962 ], [ 5.496477192530025, 51.373137367832783 ], [ 5.501660866513674, 51.374279974403905 ], [ 5.508479489970093, 51.372765750363811 ], [ 5.516417604225326, 51.378335517379192 ], [ 5.512003876305378, 51.383811315352041 ], [ 5.504873936388006, 51.400154822246797 ], [ 5.501545190600439, 51.403110389117359 ], [ 5.469321559615485, 51.405349648028178 ], [ 5.436188925174124, 51.40497635227878 ], [ 5.433618907694267, 51.402571564652341 ], [ 5.427581934178194, 51.402921835632938 ], [ 5.417439227962195, 51.389156174609177 ], [ 5.425588647396856, 51.379364443082096 ], [ 5.423172107113685, 51.374354470115911 ], [ 5.437496790244091, 51.366340654108335 ] ] ] } },
{ "type": "Feature", "properties": { "code": "0867", "gemeente": "Waalwijk", "provincie": "Noord-Brabant" }, "geometry": { "type": "Polygon", "coordinates": [ [ [ 5.06062149349137, 51.671113250935257 ], [ 5.080265008512695, 51.671389162651643 ], [ 5.089262699713653, 51.674830599583728 ], [ 5.09418291600268, 51.674452646044081 ], [ 5.106493213567781, 51.677327838638845 ], [ 5.103052797063343, 51.702483826297154 ], [ 5.111506129133635, 51.703576410760398 ], [ 5.106854715206095, 51.710861118489653 ], [ 5.093157064526182, 51.719204938203042 ], [ 5.08176024277841, 51.722344402167053 ], [ 5.060039248168466, 51.713168619723625 ], [ 5.035905916042332, 51.710813378382518 ], [ 5.006016464333119, 51.713308875737916 ], [ 4.956397419901195, 51.722794641392312 ], [ 4.940630390198542, 51.722834934530717 ], [ 4.917991153544833, 51.719959369882275 ], [ 4.933169422542226, 51.676749979416925 ], [ 4.944243687536174, 51.678915730617391 ], [ 4.95262703621791, 51.67209772776183 ], [ 4.958348455005235, 51.657586533309683 ], [ 4.957896726185247, 51.651531888157194 ], [ 4.987266911419383, 51.654608934889367 ], [ 4.992246271517951, 51.676250894871217 ], [ 5.045285708359843, 51.662693900219729 ], [ 5.047246620234372, 51.663250977504077 ], [ 5.049177544989031, 51.661623430694029 ], [ 5.058403634912961, 51.661726953483651 ], [ 5.057970463578202, 51.668316171389833 ], [ 5.061013494993896, 51.668290259320067 ], [ 5.06062149349137, 51.671113250935257 ] ] ] } },
{ "type": "Feature", "properties": { "code": "0627", "gemeente": "Waddinxveen", "provincie": "Zuid-Holland" }, "geometry": { "type": "Polygon", "coordinates": [ [ [ 4.664510070454428, 52.015699108956518 ], [ 4.666606553635837, 52.012970639762734 ], [ 4.681823105672254, 52.019307507439215 ], [ 4.667278996606685, 52.025078340781292 ], [ 4.68666712344385, 52.030356396179755 ], [ 4.706039290425558, 52.040119702757835 ], [ 4.687059423001293, 52.043836082216224 ], [ 4.677311485884112, 52.043971070881064 ], [ 4.679804044573608, 52.052072473670925 ], [ 4.669001407671442, 52.052341551794363 ], [ 4.669699911454857, 52.055504640270414 ], [ 4.666964658015465, 52.057627380244071 ], [ 4.664024091313377, 52.057705046246895 ], [ 4.659967731211804, 52.064104312124101 ], [ 4.638225122372804, 52.064823599147317 ], [ 4.636850896284097, 52.073737133232513 ], [ 4.625307180997198, 52.074447230438317 ], [ 4.625320377665846, 52.076443340513762 ], [ 4.606906814255578, 52.077049719040424 ], [ 4.608421576493462, 52.063138621168328 ], [ 4.605513035194435, 52.050545321140831 ], [ 4.610947409347606, 52.04871085695131 ], [ 4.610355690049344, 52.046720123490189 ], [ 4.60627271568445, 52.045949103388899 ], [ 4.607334558111368, 52.045312000094135 ], [ 4.591089428692047, 52.035087380038085 ], [ 4.624735699662132, 52.014722056812822 ], [ 4.636802564538538, 52.01167990506837 ], [ 4.648425254348138, 52.018986519173474 ], [ 4.648627969361721, 52.020571078798113 ], [ 4.655184802775443, 52.021015924887323 ], [ 4.66280027679896, 52.023984267998166 ], [ 4.663771186219649, 52.022007597103901 ], [ 4.667342670176258, 52.022698559502302 ], [ 4.66777953877642, 52.021438571643309 ], [ 4.664510070454428, 52.015699108956518 ] ] ] } },
{ "type": "Feature", "properties": { "code": "0289", "gemeente": "Wageningen", "provincie": "Gelderland" }, "geometry": { "type": "Polygon", "coordinates": [ [ [ 5.635671836960229, 51.936656176095532 ], [ 5.640270729868512, 51.938827811566149 ], [ 5.649621648432123, 51.950021186067673 ], [ 5.644038525583322, 51.952214368126256 ], [ 5.646381913077144, 51.953329644141647 ], [ 5.666408989528813, 51.9528467497476 ], [ 5.681918235914183, 51.959158848384291 ], [ 5.722605560550903, 51.964050773840789 ], [ 5.720886128959127, 51.966905215268135 ], [ 5.713608219969216, 51.968243030412211 ], [ 5.721319726097447, 51.980472150217871 ], [ 5.716639253876908, 51.98143670848048 ], [ 5.724362613946334, 52.000708334080819 ], [ 5.683093222419929, 51.99391147153765 ], [ 5.682750333028591, 51.992363925961776 ], [ 5.675368019038423, 51.990951460432086 ], [ 5.669601397682134, 51.99466844778852 ], [ 5.664337833814509, 51.993593460850782 ], [ 5.663200670458131, 51.995028288440587 ], [ 5.655417119329202, 51.993306696461623 ], [ 5.653934855520379, 51.995173681198921 ], [ 5.63722086283444, 51.991917293959887 ], [ 5.633217526347194, 51.995275736813511 ], [ 5.627432938333048, 51.992987538425211 ], [ 5.624945549593531, 51.995141562594064 ], [ 5.619307292329156, 51.992738420444248 ], [ 5.614491942967208, 51.999649602911127 ], [ 5.606832089915391, 51.997422417932718 ], [ 5.605833947865087, 51.994259170565918 ], [ 5.609972267242963, 51.993691537341235 ], [ 5.613905261226084, 51.990179812117645 ], [ 5.615083054858641, 51.982687104092754 ], [ 5.626159424668071, 51.97388807832381 ], [ 5.624855691017601, 51.970448368666112 ], [ 5.618329295629735, 51.966257601444717 ], [ 5.620258229606056, 51.966582329785766 ], [ 5.624978286893678, 51.960065055413537 ], [ 5.627314462943286, 51.952575295216214 ], [ 5.620162496494289, 51.951498115091276 ], [ 5.620445614179105, 51.948166428767216 ], [ 5.616427935524504, 51.949353548694333 ], [ 5.605939649115763, 51.943124788405932 ], [ 5.619061497171252, 51.941324956382296 ], [ 5.629110518306511, 51.936622106713521 ], [ 5.635671836960229, 51.936656176095532 ] ] ] } },
{ "type": "Feature", "properties": { "code": "0629", "gemeente": "Wassenaar", "provincie": "Zuid-Holland" }, "geometry": { "type": "Polygon", "coordinates": [ [ [ 4.327484459342835, 52.095567099831143 ], [ 4.337252930472784, 52.098769514979594 ], [ 4.338573373898094, 52.097434813021394 ], [ 4.342318093152446, 52.097481832257174 ], [ 4.35848925842442, 52.105761317231703 ], [ 4.372709297259285, 52.094772598397334 ], [ 4.400933544128767, 52.111615569198953 ], [ 4.443939312213404, 52.146041268268348 ], [ 4.438865157722431, 52.153264489511493 ], [ 4.440143914338559, 52.155846262438402 ], [ 4.425973997077504, 52.159229811979124 ], [ 4.419771532621176, 52.162344334962803 ], [ 4.417786313230977, 52.161477532703373 ], [ 4.411595085211234, 52.163479181789889 ], [ 4.409319179757926, 52.169342060371335 ], [ 4.404801793511007, 52.16750240944765 ], [ 4.37501571936526, 52.186612926547021 ], [ 4.360001774001343, 52.192677399651643 ], [ 4.332639617740712, 52.168436687439765 ], [ 4.290063187592509, 52.13503622543206 ], [ 4.30250579445719, 52.12861600203253 ], [ 4.333060414087713, 52.105730785884546 ], [ 4.330317365933293, 52.104342013773923 ], [ 4.33226427551944, 52.103040088688743 ], [ 4.323282025903335, 52.099216514751156 ], [ 4.327484459342835, 52.095567099831143 ] ] ] } },
{ "type": "Feature", "properties": { "code": "0852", "gemeente": "Waterland", "provincie": "Noord-Holland" }, "geometry": { "type": "Polygon", "coordinates": [ [ [ 5.021610886498195, 52.421222053293938 ], [ 5.028357308945505, 52.41941642929072 ], [ 5.030044793147905, 52.415643499958129 ], [ 5.035470171744685, 52.418273964246197 ], [ 5.049177134812214, 52.415129276715 ], [ 5.065412547417216, 52.417239452005241 ], [ 5.074261628427726, 52.413838463985321 ], [ 5.079162221016464, 52.3886541209122 ], [ 5.137331049573407, 52.415552765927572 ], [ 5.185490011105041, 52.415644501360525 ], [ 5.151023784138607, 52.466360035825581 ], [ 5.112987773264485, 52.497886066288224 ], [ 5.061008052393276, 52.4857745923415 ], [ 5.058645619803921, 52.485524856178678 ], [ 5.059094937018019, 52.490955671061847 ], [ 5.038611551462791, 52.488316685453903 ], [ 5.031903758867742, 52.48867173333889 ], [ 5.024633812539293, 52.484568405744078 ], [ 4.997964433638086, 52.494732770428982 ], [ 4.97401011247385, 52.470404373369064 ], [ 4.957994801699238, 52.47122728962632 ], [ 4.953617341194524, 52.475694027731578 ], [ 4.953997732870184, 52.482938691859488 ], [ 4.948316323227746, 52.484004832510855 ], [ 4.946877229922513, 52.468883111118828 ], [ 4.950660785748876, 52.458595224697106 ], [ 4.947982099014753, 52.452260030934518 ], [ 4.950879387692675, 52.436631766837451 ], [ 4.95068965849181, 52.42359613511141 ], [ 4.947788575475351, 52.421562245289849 ], [ 4.951481367206782, 52.421929748841308 ], [ 4.951332245982146, 52.423226171708613 ], [ 4.952769748035283, 52.423679409148555 ], [ 4.955949733658417, 52.421954407441454 ], [ 4.973319809817728, 52.42279733833864 ], [ 4.982636420832047, 52.426762296562195 ], [ 4.987101493225988, 52.422841702046597 ], [ 4.990445199019318, 52.425520784140858 ], [ 5.000156687504728, 52.425443123213654 ], [ 5.018205110573977, 52.419059553601379 ], [ 5.021610886498195, 52.421222053293938 ] ] ] } },
{ "type": "Feature", "properties": { "code": "0988", "gemeente": "Weert", "provincie": "Limburg" }, "geometry": { "type": "Polygon", "coordinates": [ [ [ 5.677297125540343, 51.182874641971786 ], [ 5.689411457050699, 51.185419644424293 ], [ 5.695294768357494, 51.182558952982248 ], [ 5.69643606172328, 51.183937053864661 ], [ 5.701611273397432, 51.183793001718783 ], [ 5.701288049363959, 51.182478360487551 ], [ 5.708003735982393, 51.182054699026999 ], [ 5.709339213197092, 51.180420697419329 ], [ 5.719676352307076, 51.184699647930373 ], [ 5.73823413042111, 51.186515535875792 ], [ 5.739740411840558, 51.184747721820017 ], [ 5.746546960112098, 51.190557571736974 ], [ 5.74581951778985, 51.193845657315073 ], [ 5.752284810600057, 51.200587957407137 ], [ 5.752909183786597, 51.205179205775401 ], [ 5.755856595794927, 51.206830060358364 ], [ 5.748886901856908, 51.208155058980743 ], [ 5.751776122683431, 51.213611068908037 ], [ 5.757170637106557, 51.216192021602971 ], [ 5.7740572864685, 51.215442773009293 ], [ 5.775588906087336, 51.218855128404002 ], [ 5.782139171229011, 51.220559535077435 ], [ 5.791770007654085, 51.237536973014905 ], [ 5.778272077306572, 51.250184612239181 ], [ 5.746238386177496, 51.263473710822943 ], [ 5.73300112449755, 51.280085939237843 ], [ 5.723565474888461, 51.282658259163306 ], [ 5.707592617357385, 51.283605044147272 ], [ 5.690829771295008, 51.281610420793285 ], [ 5.674511773824356, 51.277049293680449 ], [ 5.667800195082798, 51.277376125779504 ], [ 5.656958403995691, 51.279731618644746 ], [ 5.64399671029182, 51.290575493225262 ], [ 5.625972196979777, 51.27360160483984 ], [ 5.623474039181185, 51.249025609746823 ], [ 5.618781564554, 51.229425282035251 ], [ 5.594414377081029, 51.224180396839785 ], [ 5.594320584870578, 51.22607369328145 ], [ 5.566045275563708, 51.220909410300294 ], [ 5.646467592487442, 51.199944108676647 ], [ 5.652733750750141, 51.197660998084423 ], [ 5.654083144830434, 51.194241706761289 ], [ 5.649739958355233, 51.193617713432047 ], [ 5.658043654574914, 51.184745022848368 ], [ 5.664305802083558, 51.186284956986114 ], [ 5.671036819556814, 51.185768205238425 ], [ 5.676124701554079, 51.184703608193246 ], [ 5.677297125540343, 51.182874641971786 ] ] ] } },
{ "type": "Feature", "properties": { "code": "1960", "gemeente": "West Betuwe", "provincie": "Gelderland" }, "geometry": { "type": "Polygon", "coordinates": [ [ [ 5.354515209582454, 51.804256021120324 ], [ 5.361534320829694, 51.805880699059081 ], [ 5.36758651232577, 51.809290359407605 ], [ 5.385386063945489, 51.828185621954006 ], [ 5.405896596492084, 51.841156507677368 ], [ 5.415234179285195, 51.851801023373248 ], [ 5.407976757594397, 51.854411485245095 ], [ 5.399546525592111, 51.854618788392486 ], [ 5.395239160436652, 51.852933506365936 ], [ 5.391688173325107, 51.853923639171889 ], [ 5.378407739513721, 51.863399936569763 ], [ 5.360069658527728, 51.858362430408143 ], [ 5.348104943391386, 51.858841260186409 ], [ 5.342808037637734, 51.856711946905619 ], [ 5.338346868104645, 51.858726496384627 ], [ 5.328294338820314, 51.856975043337769 ], [ 5.328032602202567, 51.864796800968527 ], [ 5.336583101310306, 51.869966342988349 ], [ 5.33885668325135, 51.878983520601636 ], [ 5.335498658687166, 51.881638991160244 ], [ 5.327172715170923, 51.882578076784938 ], [ 5.315000186384819, 51.880703149945866 ], [ 5.316294047123341, 51.883323045522168 ], [ 5.323342805486434, 51.88683599249466 ], [ 5.323366425021367, 51.889010353676447 ], [ 5.3127667775705, 51.895803004588814 ], [ 5.306676657533225, 51.896154860657752 ], [ 5.297323516782961, 51.901579051960219 ], [ 5.294893407162079, 51.900052318870642 ], [ 5.273610754732062, 51.920074457651694 ], [ 5.285184914012422, 51.922577060821055 ], [ 5.286724104952979, 51.928510341444031 ], [ 5.280976663127155, 51.93316780328562 ], [ 5.267761263913595, 51.932756058597448 ], [ 5.255061881503336, 51.935482543431959 ], [ 5.243440228457772, 51.927620778756882 ], [ 5.233944218043784, 51.923865068073184 ], [ 5.211809915063208, 51.919645368819026 ], [ 5.207685620023224, 51.926213541993526 ], [ 5.158901657448359, 51.919645094646938 ], [ 5.166797053107214, 51.926020151475953 ], [ 5.158309296369575, 51.928450107765514 ], [ 5.149725954674485, 51.928110709180636 ], [ 5.142432876585925, 51.924936585495836 ], [ 5.135776159858545, 51.918334777463308 ], [ 5.136435754475764, 51.914508432052926 ], [ 5.132277547349157, 51.914881763228998 ], [ 5.119408864701088, 51.898605265675663 ], [ 5.116890474129455, 51.898032428819199 ], [ 5.117671296540634, 51.892569905931829 ], [ 5.112736807712244, 51.887776183770562 ], [ 5.090974558030428, 51.888976432009208 ], [ 5.08815941438896, 51.887094362144644 ], [ 5.086339591110816, 51.880768968815623 ], [ 5.080532405099625, 51.875524730758215 ], [ 5.073658696582095, 51.874039015796619 ], [ 5.062372757630563, 51.874317773568308 ], [ 5.054159662241139, 51.87234944628446 ], [ 5.052198841256332, 51.866643012675873 ], [ 5.063060282642606, 51.861860187312423 ], [ 5.061893366913571, 51.859152456501228 ], [ 5.053508542474092, 51.857363177801481 ], [ 5.043734657061762, 51.859229920859583 ], [ 5.01562810883131, 51.859178055939516 ], [ 5.006974841031037, 51.857860051611055 ], [ 4.995964977816292, 51.861848555788285 ], [ 4.993930680118656, 51.861150706814662 ], [ 4.998483117446905, 51.854452738777546 ], [ 4.999296320833254, 51.844599884650897 ], [ 5.031415002930533, 51.841084806233077 ], [ 5.026351768102118, 51.818856743717603 ], [ 5.028998836714785, 51.818288970119845 ], [ 5.047181349402157, 51.817913071369617 ], [ 5.074110310797859, 51.825820792691552 ], [ 5.08765353947497, 51.826798406986953 ], [ 5.100833948779997, 51.82450361775075 ], [ 5.130167199239718, 51.814658190440738 ], [ 5.140907451243979, 51.814119454571752 ], [ 5.170642983353265, 51.817032409991526 ], [ 5.197088665002402, 51.811108938245468 ], [ 5.211478672263471, 51.809997763796602 ], [ 5.224517331102389, 51.811620590838999 ], [ 5.251697191969866, 51.8179149867169 ], [ 5.273963629428486, 51.819840109793908 ], [ 5.292481377736238, 51.823654734387276 ], [ 5.304600302381395, 51.823963356979007 ], [ 5.319806269945272, 51.820563084071289 ], [ 5.341642360027309, 51.805472934655867 ], [ 5.354515209582454, 51.804256021120324 ] ] ] } },
{ "type": "Feature", "properties": { "code": "0668", "gemeente": "West Maas en Waal", "provincie": "Gelderland" }, "geometry": { "type": "Polygon", "coordinates": [ [ [ 5.436993486934456, 51.809910747664247 ], [ 5.453904781627236, 51.809971772436512 ], [ 5.469860031015749, 51.81249631674924 ], [ 5.47693154455918, 51.817183043532857 ], [ 5.481839804046363, 51.827066384814302 ], [ 5.490203181712469, 51.830510861452133 ], [ 5.503255130072457, 51.828763908739745 ], [ 5.517734243903369, 51.819283923514497 ], [ 5.539479227237253, 51.816219616274005 ], [ 5.546737523222455, 51.818196394435901 ], [ 5.552007842177606, 51.824850939021999 ], [ 5.557573134868738, 51.827412454320125 ], [ 5.58739771171419, 51.829702061072936 ], [ 5.602884360069387, 51.828235497277724 ], [ 5.608961903328643, 51.830988826831415 ], [ 5.607808196194065, 51.833103676542493 ], [ 5.609857531121255, 51.83393992960022 ], [ 5.606631285484645, 51.835689278898151 ], [ 5.609323758865559, 51.83615159716738 ], [ 5.60976955876319, 51.836353179257088 ], [ 5.598493643095111, 51.837851202395385 ], [ 5.59826940047701, 51.839544215182109 ], [ 5.585013289690332, 51.839106587358053 ], [ 5.581036894516513, 51.851146994854979 ], [ 5.585039372977448, 51.857129555899249 ], [ 5.578710753320125, 51.859204968194362 ], [ 5.577273266065351, 51.864584903709833 ], [ 5.553037973654757, 51.862536399405762 ], [ 5.553782343853512, 51.870373761156124 ], [ 5.559601266723909, 51.870507208526199 ], [ 5.56025585725185, 51.875047873880945 ], [ 5.568435464315467, 51.876545473041496 ], [ 5.569378185974231, 51.879726156839098 ], [ 5.566437474594162, 51.883948343998277 ], [ 5.569584620957833, 51.884924083984579 ], [ 5.571459826893951, 51.883911884128842 ], [ 5.576992866400099, 51.892436621131246 ], [ 5.545124465340884, 51.887967118320788 ], [ 5.539377517026007, 51.891875301385909 ], [ 5.530982973285407, 51.891393517557368 ], [ 5.531362562398078, 51.894753370636302 ], [ 5.506025992786475, 51.889513969663888 ], [ 5.45811135316825, 51.888369504065743 ], [ 5.440704952443575, 51.882009623633252 ], [ 5.426023098462137, 51.870115108103121 ], [ 5.412964740480227, 51.848276448564704 ], [ 5.400633217372508, 51.837658774296742 ], [ 5.405382547175371, 51.835035625119723 ], [ 5.409098353419062, 51.828525998573497 ], [ 5.41501545952824, 51.825017453057264 ], [ 5.414885450618328, 51.821290190237058 ], [ 5.422007271608098, 51.814749453562484 ], [ 5.427805438873811, 51.811799396033209 ], [ 5.436993486934456, 51.809910747664247 ] ] ] } },
{ "type": "Feature", "properties": { "code": "1969", "gemeente": "Westerkwartier", "provincie": "Groningen" }, "geometry": { "type": "Polygon", "coordinates": [ [ [ 6.244116498875623, 53.113534808904951 ], [ 6.261091502831928, 53.114340575437858 ], [ 6.272969239715752, 53.111528029154755 ], [ 6.283050307984068, 53.106863142511848 ], [ 6.290565603804635, 53.099829055332052 ], [ 6.344433415062564, 53.087134924525877 ], [ 6.356620479986226, 53.107084522385207 ], [ 6.363558463641081, 53.10755156999781 ], [ 6.365855004756216, 53.1222275243518 ], [ 6.382612274012096, 53.149570494273078 ], [ 6.381414286888682, 53.153505508743059 ], [ 6.395165337993457, 53.163576640878084 ], [ 6.402921513967992, 53.167205515889542 ], [ 6.406984952314623, 53.177654413122404 ], [ 6.429742361267048, 53.183158664194394 ], [ 6.4344371653777, 53.185748831509919 ], [ 6.438017909223695, 53.185651540624548 ], [ 6.444767751624039, 53.189499814666519 ], [ 6.447712077493589, 53.196440589621865 ], [ 6.463461423639393, 53.200058235516096 ], [ 6.462745618486704, 53.20197879132435 ], [ 6.46689965095567, 53.204302452696226 ], [ 6.464473613471998, 53.207614322596648 ], [ 6.480920743863521, 53.250185292764421 ], [ 6.488601662545446, 53.249016357022228 ], [ 6.491985482626975, 53.245554701503089 ], [ 6.495988502552461, 53.24561141252871 ], [ 6.499236332875614, 53.248383270670999 ], [ 6.502635893301354, 53.247500998045858 ], [ 6.511442425226897, 53.254114244754994 ], [ 6.508381167906883, 53.256092265451322 ], [ 6.506857213499588, 53.270620737621513 ], [ 6.501833584403408, 53.280259380258087 ], [ 6.504521178937269, 53.285736353644964 ], [ 6.504303538573826, 53.295581306123253 ], [ 6.482001236750084, 53.316819209966013 ], [ 6.483592880453005, 53.319927407771431 ], [ 6.480667635848069, 53.322694962684295 ], [ 6.474954145666148, 53.323900068617547 ], [ 6.471808425048481, 53.321050529669961 ], [ 6.464278171106455, 53.321281806306352 ], [ 6.461004428799561, 53.322585922941435 ], [ 6.462603970032482, 53.325598514671569 ], [ 6.460999030358522, 53.327661849432658 ], [ 6.452935655293555, 53.328801940926553 ], [ 6.44680929950762, 53.326144971968503 ], [ 6.450237422027258, 53.321914635193764 ], [ 6.439691328246115, 53.316649457493639 ], [ 6.431096748827725, 53.328206406966743 ], [ 6.423631608711847, 53.327070579798651 ], [ 6.415560410959407, 53.328307790109676 ], [ 6.409087946698733, 53.321390733502241 ], [ 6.401707090442847, 53.319205228465016 ], [ 6.367590877332967, 53.32162252747073 ], [ 6.357127500472951, 53.313883449858025 ], [ 6.344743977433421, 53.319057710759047 ], [ 6.332311607169856, 53.315439053149241 ], [ 6.326912718591965, 53.315293315337584 ], [ 6.317723327869091, 53.318171754714605 ], [ 6.315334966500933, 53.32640170764855 ], [ 6.312302976005778, 53.329441050699387 ], [ 6.286980746980358, 53.341381757863225 ], [ 6.280503419318782, 53.312581489324714 ], [ 6.290411576745051, 53.311130391930114 ], [ 6.294361130961263, 53.308172666746444 ], [ 6.289650578180311, 53.30507309762779 ], [ 6.278427888853471, 53.302829661298254 ], [ 6.268716775054989, 53.289773360153127 ], [ 6.26562914225611, 53.291217125471981 ], [ 6.259903658998636, 53.291075714492223 ], [ 6.253227616419725, 53.28792793558744 ], [ 6.25140872675219, 53.27725497357946 ], [ 6.255529484829386, 53.268982634803692 ], [ 6.249977292311162, 53.267220001881824 ], [ 6.24663191026661, 53.26822707777719 ], [ 6.238910228037623, 53.262865749053169 ], [ 6.237803320354322, 53.257733110336105 ], [ 6.231769061124284, 53.25602934169568 ], [ 6.235100681957769, 53.253354848274668 ], [ 6.233704723093148, 53.250799815243312 ], [ 6.229480783044765, 53.249825577043843 ], [ 6.231947743327157, 53.247198023444831 ], [ 6.231094868259149, 53.245105366953027 ], [ 6.219067256747159, 53.242684862213679 ], [ 6.217978240683567, 53.24193213508368 ], [ 6.224972059256153, 53.238592843693446 ], [ 6.214791169965942, 53.235991478365221 ], [ 6.216753399367729, 53.234341652002257 ], [ 6.214583938564448, 53.233710701990702 ], [ 6.224788460638024, 53.229907273679665 ], [ 6.225339460043724, 53.225455386131308 ], [ 6.230173322961223, 53.222440436129141 ], [ 6.229945069533493, 53.217714251983736 ], [ 6.224750139540674, 53.214578577919191 ], [ 6.224802906381227, 53.211947563054807 ], [ 6.219057590746456, 53.205993521684704 ], [ 6.209426175971873, 53.199884474806524 ], [ 6.199621424123146, 53.198355324303243 ], [ 6.19943203428309, 53.193253587488101 ], [ 6.192854390089151, 53.189068306202365 ], [ 6.177192742271941, 53.166541560312773 ], [ 6.175677578802409, 53.135076381226334 ], [ 6.205048277499195, 53.11548416037931 ], [ 6.244116498875623, 53.113534808904951 ] ] ] } },
{ "type": "Feature", "properties": { "code": "1701", "gemeente": "Westerveld", "provincie": "Drenthe" }, "geometry": { "type": "Polygon", "coordinates": [ [ [ 6.201625512090653, 52.729538307150328 ], [ 6.218555851512641, 52.748300391402104 ], [ 6.231438773837171, 52.741708587713262 ], [ 6.236637971387035, 52.74390322305031 ], [ 6.241743390215658, 52.750840217068721 ], [ 6.252027526387502, 52.758310599722542 ], [ 6.268555723942796, 52.758405953463388 ], [ 6.280511533201417, 52.76269575153632 ], [ 6.298723039945093, 52.766415166886766 ], [ 6.293207745237831, 52.778993905720803 ], [ 6.298394781505981, 52.781953588839421 ], [ 6.299552894856319, 52.787119555568729 ], [ 6.30257369763769, 52.78915044349862 ], [ 6.301003695126449, 52.790964562184136 ], [ 6.305159177705655, 52.791474231305372 ], [ 6.309753297120314, 52.795437912629829 ], [ 6.321480230681521, 52.795418885235001 ], [ 6.340194040118348, 52.798970357879277 ], [ 6.353656157614126, 52.798919567453183 ], [ 6.354596499246922, 52.795198474505106 ], [ 6.350439361309931, 52.791839480288097 ], [ 6.342956759760591, 52.789692734207129 ], [ 6.352081799448607, 52.787841235410276 ], [ 6.353345439601632, 52.785410456443195 ], [ 6.349477764631182, 52.783405085084809 ], [ 6.353734110553141, 52.782489048998528 ], [ 6.355499526243012, 52.779515922008258 ], [ 6.360900347838627, 52.783233164459944 ], [ 6.37206784668385, 52.780001958518447 ], [ 6.377916496858674, 52.785203623293235 ], [ 6.387367241673241, 52.779031529259065 ], [ 6.3915281324554, 52.779573776383863 ], [ 6.394041751573134, 52.777448534428224 ], [ 6.412995818678831, 52.788319477076016 ], [ 6.416376416551574, 52.786387335095057 ], [ 6.416653474778398, 52.781729292116104 ], [ 6.421635887816343, 52.781080797154864 ], [ 6.423165295020302, 52.782716389421111 ], [ 6.427530403582431, 52.782501370393163 ], [ 6.432038824869248, 52.784545022068102 ], [ 6.432566418201388, 52.786468505367793 ], [ 6.429573304450534, 52.788705115637974 ], [ 6.436982393196558, 52.791996711879442 ], [ 6.446920326890241, 52.785889293125024 ], [ 6.457532929997581, 52.804531883231064 ], [ 6.459382928973702, 52.815420384826837 ], [ 6.461338765553082, 52.815346092111831 ], [ 6.467341610425223, 52.821460428635056 ], [ 6.480026132522087, 52.836944366650251 ], [ 6.462667249218456, 52.838676863736005 ], [ 6.461152870830633, 52.845104369237546 ], [ 6.463150125349571, 52.848892159777648 ], [ 6.460715920386684, 52.853066145677175 ], [ 6.451273120970333, 52.850015457801412 ], [ 6.43088805562121, 52.850385425476638 ], [ 6.429210798615588, 52.856440426970856 ], [ 6.434345007370134, 52.856993244623098 ], [ 6.431448475483131, 52.86994596982305 ], [ 6.429296737161947, 52.873114500809393 ], [ 6.4276980276849, 52.872531528613827 ], [ 6.420205656804904, 52.877915487306829 ], [ 6.422263475340577, 52.880313857675318 ], [ 6.419992849124946, 52.882321877157381 ], [ 6.381472141830514, 52.889595738693643 ], [ 6.372084555290586, 52.881363663326376 ], [ 6.372636136098112, 52.87590741641435 ], [ 6.36883252949667, 52.876717940497976 ], [ 6.366554262653056, 52.881663929426146 ], [ 6.373265585357763, 52.890274409374719 ], [ 6.359556744241865, 52.894530175029168 ], [ 6.367221041211812, 52.903395440805667 ], [ 6.370496013144178, 52.903227384420696 ], [ 6.377880826518002, 52.906865288506523 ], [ 6.380991809450856, 52.912151117865179 ], [ 6.38343905747034, 52.911650554873212 ], [ 6.385590174623644, 52.913676216198994 ], [ 6.385550082578432, 52.91554733568514 ], [ 6.369026189735853, 52.921975630599356 ], [ 6.33328054718519, 52.90635606961952 ], [ 6.30298525778355, 52.924972371172963 ], [ 6.256593066011717, 52.927641237363979 ], [ 6.247552949195986, 52.923691690588868 ], [ 6.244829595396383, 52.919587003773508 ], [ 6.232291055878911, 52.913438184307175 ], [ 6.206900009588955, 52.890743865599902 ], [ 6.165993080559656, 52.875026605647953 ], [ 6.119819892280201, 52.854214947607105 ], [ 6.128694395712844, 52.847807374706228 ], [ 6.130311519147278, 52.843930387385605 ], [ 6.151962157766132, 52.828829690558557 ], [ 6.149198959403664, 52.828402422765969 ], [ 6.157643906798454, 52.825035553255638 ], [ 6.171681875429972, 52.815060238850094 ], [ 6.177229785126165, 52.813851095937665 ], [ 6.201730744796174, 52.793696099174504 ], [ 6.19380786725661, 52.786402810699343 ], [ 6.172905976523514, 52.773054259890273 ], [ 6.201625512090653, 52.729538307150328 ] ] ] } },
{ "type": "Feature", "properties": { "code": "0293", "gemeente": "Westervoort", "provincie": "Gelderland" }, "geometry": { "type": "Polygon", "coordinates": [ [ [ 5.984488100020792, 51.946806812471237 ], [ 5.98757648289358, 51.950441099005779 ], [ 5.984830470328914, 51.952136376849225 ], [ 5.987766710612129, 51.963063255036076 ], [ 5.985264287976285, 51.963959544718207 ], [ 5.986636358986391, 51.968500088179695 ], [ 5.983993370981501, 51.972386930138171 ], [ 5.990347149784677, 51.972297200919407 ], [ 5.998394940640708, 51.974864691729287 ], [ 6.0015955693953, 51.977164207443813 ], [ 6.001965205867108, 51.980650008664625 ], [ 5.998682816899055, 51.97728752879982 ], [ 5.991217284113883, 51.97460057794774 ], [ 5.962385221391054, 51.970716127509029 ], [ 5.950488226647884, 51.962050400794212 ], [ 5.950109487801948, 51.95422889948167 ], [ 5.959162759432413, 51.945391534234922 ], [ 5.96179424483373, 51.938792624445497 ], [ 5.969786073606069, 51.939154531897216 ], [ 5.975241121119881, 51.941722593356481 ], [ 5.984363845084774, 51.943020887672738 ], [ 5.986168107485776, 51.946363852577768 ], [ 5.984488100020792, 51.946806812471237 ] ] ] } },
{ "type": "Feature", "properties": { "code": "1950", "gemeente": "Westerwolde", "provincie": "Groningen" }, "geometry": { "type": "Polygon", "coordinates": [ [ [ 7.072147898293804, 52.838405099394045 ], [ 7.092739668948622, 52.838196140034583 ], [ 7.087257918198748, 52.849887145232124 ], [ 7.104385431586501, 52.863943316730371 ], [ 7.1815154950213, 52.941584244963721 ], [ 7.2095623377879, 53.000506677460493 ], [ 7.217445360264032, 53.007037145008411 ], [ 7.212968112991925, 53.010877484594687 ], [ 7.199219326798118, 53.081386188856477 ], [ 7.202793508649698, 53.113410577949722 ], [ 7.182898700524046, 53.121764935319909 ], [ 7.185872818295046, 53.124225751109797 ], [ 7.181363869156772, 53.12718863798758 ], [ 7.179749068234173, 53.132796189432845 ], [ 7.178961568293869, 53.138545493962958 ], [ 7.183168732295123, 53.140189332682105 ], [ 7.189625355792, 53.148012436824771 ], [ 7.18924422667815, 53.154882964539105 ], [ 7.183172715248499, 53.154754261091419 ], [ 7.17699534065441, 53.152582482468929 ], [ 7.173959306134671, 53.147931256497046 ], [ 7.145308072489579, 53.160773674655509 ], [ 7.139555531051368, 53.154330130412312 ], [ 7.125629508265455, 53.15137018719814 ], [ 7.105650528497465, 53.14393869389756 ], [ 7.099543364152868, 53.14322853634134 ], [ 7.088593594503184, 53.145238803317348 ], [ 7.081239909939979, 53.144013516013153 ], [ 7.051180027282379, 53.130218027478456 ], [ 7.035682970462298, 53.119640305219761 ], [ 7.033756922788073, 53.116115336214612 ], [ 7.025904469557567, 53.112455571191546 ], [ 7.029885653260851, 53.108315630405507 ], [ 7.042632706399244, 53.101686568591582 ], [ 7.015445872946292, 53.071774140023223 ], [ 7.02974905777927, 53.066527153496644 ], [ 7.032809634132719, 53.066825766994924 ], [ 7.034246112375916, 53.064641703663384 ], [ 7.060163483073814, 53.065808267162062 ], [ 7.065946724064858, 53.067278999737447 ], [ 7.077142543745904, 53.063537721342335 ], [ 7.080351477039544, 53.059427712511088 ], [ 7.076851112093494, 53.051317069000483 ], [ 7.074541106503898, 53.049946895440812 ], [ 7.068328496004152, 53.050784242416469 ], [ 7.068010530137141, 53.043563546028288 ], [ 7.070108349091839, 53.042770992260905 ], [ 7.081502980570874, 53.044474797470968 ], [ 7.086119369576665, 53.042346916790443 ], [ 7.086610545425915, 53.040258220709752 ], [ 7.083047321463642, 53.039215259232527 ], [ 7.080946131809569, 53.027827294993976 ], [ 7.083027347727795, 53.0254202327421 ], [ 7.088447641718959, 53.026341658428173 ], [ 7.091959476676363, 53.022846146119498 ], [ 7.097908726877973, 53.021261869410317 ], [ 7.099663788176442, 53.018611351604541 ], [ 7.100013475785397, 53.016444448608695 ], [ 7.072058186308186, 53.003786688001597 ], [ 7.069930444293894, 52.953003946951355 ], [ 7.064675478414901, 52.951184608633554 ], [ 7.06353873320854, 52.930977513368894 ], [ 7.036299781634284, 52.929265985041461 ], [ 7.029181152860172, 52.923493914564283 ], [ 7.026854378771776, 52.91903701580739 ], [ 7.045571015449441, 52.915908828708965 ], [ 7.014799278210455, 52.872986583092725 ], [ 7.040241905523352, 52.872903247230219 ], [ 7.043486227072121, 52.865218582449685 ], [ 7.046433021374287, 52.865855606147406 ], [ 7.062747306719773, 52.851447555154088 ], [ 7.065917308078628, 52.851641971228567 ], [ 7.069557408466681, 52.847747654738711 ], [ 7.076260275880155, 52.850030658945656 ], [ 7.072192960546079, 52.845210939008169 ], [ 7.072147898293804, 52.838405099394045 ] ] ] } },
{ "type": "Feature", "properties": { "code": "1783", "gemeente": "Westland", "provincie": "Zuid-Holland" }, "geometry": { "type": "Polygon", "coordinates": [ [ [ 4.241102386442251, 51.943248736873954 ], [ 4.234498109545321, 51.949120403700775 ], [ 4.2339573866891, 51.95333139132476 ], [ 4.253629040090369, 51.958866751833959 ], [ 4.263448572835098, 51.960093599399499 ], [ 4.276537430237628, 51.965053981012545 ], [ 4.271455776432083, 51.969859905115271 ], [ 4.273224691373252, 51.973643028726677 ], [ 4.278161062593952, 51.970433178587371 ], [ 4.280315034436436, 51.971451407792159 ], [ 4.285091555929844, 51.969889581444008 ], [ 4.289350873281043, 51.971871015398371 ], [ 4.287553461419366, 51.973355372334467 ], [ 4.303143265955528, 51.979900155810995 ], [ 4.298766417492297, 51.982106961414225 ], [ 4.296324599108909, 51.981764781578569 ], [ 4.295629463605882, 51.983597125519324 ], [ 4.291914333298745, 51.982969753687783 ], [ 4.288683786308256, 51.988825265710588 ], [ 4.284089976312471, 51.985640985127489 ], [ 4.280321641218479, 51.990347466264112 ], [ 4.266881988458375, 51.993325807663531 ], [ 4.265245175591585, 51.995836192197075 ], [ 4.309819262190675, 52.015634042930728 ], [ 4.307638585447274, 52.018151363570844 ], [ 4.302664062132372, 52.016488053138005 ], [ 4.301075365238693, 52.017868955881823 ], [ 4.295512149142484, 52.014848436654638 ], [ 4.289736089014387, 52.017647818364161 ], [ 4.294344584618382, 52.019358653021499 ], [ 4.286733718543717, 52.022984588246636 ], [ 4.288254549704481, 52.023757632467522 ], [ 4.285249861231249, 52.027422329417561 ], [ 4.281710779096819, 52.027430993573162 ], [ 4.272662683006528, 52.035917129800268 ], [ 4.248217103062684, 52.02522579872187 ], [ 4.235014721699172, 52.039294994089268 ], [ 4.228326255775513, 52.034642099439779 ], [ 4.219226713610123, 52.033736783083732 ], [ 4.212292221091473, 52.030711628327602 ], [ 4.209584526712712, 52.033654697698829 ], [ 4.212434346528366, 52.034033060582438 ], [ 4.198853544577202, 52.050002364140923 ], [ 4.196328766294654, 52.055676958841282 ], [ 4.184998420321056, 52.061450722866056 ], [ 4.143633541594531, 52.031762065574405 ], [ 4.119965276106475, 52.010655039182573 ], [ 4.11016407637936, 52.004436507496067 ], [ 4.118589081338677, 52.004527630460643 ], [ 4.13251763255194, 51.998542600418212 ], [ 4.130987263267619, 51.997179321116278 ], [ 4.135688022794849, 51.992635531519745 ], [ 4.150971687221698, 51.987636202495381 ], [ 4.147280705213922, 51.981393287753214 ], [ 4.155348666716908, 51.979707468683138 ], [ 4.155062571849479, 51.977838061761709 ], [ 4.175898189624804, 51.971693793045894 ], [ 4.187492797009703, 51.966837018959637 ], [ 4.187163941880095, 51.965658121740447 ], [ 4.190608816413032, 51.965981624567952 ], [ 4.186723852735834, 51.962675918489467 ], [ 4.192396037874324, 51.954805943295007 ], [ 4.217823718135371, 51.941636676296717 ], [ 4.219802892571503, 51.94138346494934 ], [ 4.228292031206167, 51.947991506113574 ], [ 4.231767021941003, 51.942922357107093 ], [ 4.241102386442251, 51.943248736873954 ] ] ] } },
{ "type": "Feature", "properties": { "code": "0098", "gemeente": "Weststellingwerf", "provincie": "Fryslân" }, "geometry": { "type": "Polygon", "coordinates": [ [ [ 5.898722506936921, 52.808644899818624 ], [ 5.900657175777219, 52.811824869849964 ], [ 5.909370089271711, 52.814059232901236 ], [ 5.914594242717362, 52.81919700936686 ], [ 5.924320992597857, 52.823684358509141 ], [ 5.922869182249184, 52.82737559420103 ], [ 5.926407425201272, 52.828349543537342 ], [ 5.922840949670863, 52.83079184157355 ], [ 5.930688880315548, 52.831938448826605 ], [ 5.927078917922038, 52.833826829207808 ], [ 5.94593286367176, 52.837452192451934 ], [ 5.955783676082033, 52.833234573489335 ], [ 5.955764177905015, 52.837373721386435 ], [ 5.958097642289516, 52.839394855696014 ], [ 5.969976270535325, 52.842375327479992 ], [ 5.973127797640343, 52.842469718794391 ], [ 5.976174986993284, 52.834748176398897 ], [ 5.986479005860229, 52.821693345452388 ], [ 5.99057465774534, 52.821596565197524 ], [ 5.996507858901852, 52.816561514056126 ], [ 6.007483400205372, 52.820046473283142 ], [ 6.02455896491813, 52.822544667014604 ], [ 6.031168382021489, 52.814990713066251 ], [ 6.059951036131378, 52.826118541070734 ], [ 6.052607350406423, 52.837339124075172 ], [ 6.061500366066785, 52.839296552774769 ], [ 6.082607814983858, 52.839150728313697 ], [ 6.087480422416818, 52.843113867076831 ], [ 6.121250492726161, 52.854743663881152 ], [ 6.165993080559656, 52.875026605647953 ], [ 6.206900009588955, 52.890743865599902 ], [ 6.232291055878911, 52.913438184307175 ], [ 6.244829595396383, 52.919587003773508 ], [ 6.24725869214307, 52.923347450092535 ], [ 6.213630101726523, 52.925794500290962 ], [ 6.209184443152053, 52.93369574482697 ], [ 6.200835867727684, 52.939033362020169 ], [ 6.202524720746987, 52.941499230382007 ], [ 6.200561238181646, 52.943013658492852 ], [ 6.144828307340473, 52.928146051003274 ], [ 6.139260870253641, 52.924021386956639 ], [ 6.110544747723334, 52.913244153545619 ], [ 6.086303411374012, 52.936446855096079 ], [ 6.07774109031124, 52.931220763255851 ], [ 6.041126165449767, 52.917722725229275 ], [ 6.037312235351648, 52.91821934244377 ], [ 6.002687625784799, 52.93398213959609 ], [ 5.980288782738838, 52.927167502495635 ], [ 5.968173700353913, 52.928407555733976 ], [ 5.957494973788364, 52.927049326792257 ], [ 5.952626193712443, 52.924892877392097 ], [ 5.932819354918679, 52.907201507251287 ], [ 5.911216197534085, 52.897841579688958 ], [ 5.886119065311094, 52.894324387077297 ], [ 5.884609764787596, 52.889425846109823 ], [ 5.876971393959853, 52.886828038756697 ], [ 5.85676768462031, 52.870790677710346 ], [ 5.855109496620167, 52.866114892223038 ], [ 5.843927550532579, 52.854873801500297 ], [ 5.840016985142876, 52.842996210965609 ], [ 5.835879481432672, 52.841040786346333 ], [ 5.825854743617963, 52.830325120853438 ], [ 5.827652868387634, 52.827599328384842 ], [ 5.818127789910826, 52.821668485607617 ], [ 5.820143256881996, 52.816053400204957 ], [ 5.824198138791934, 52.813276993176387 ], [ 5.833629385631933, 52.811655775223727 ], [ 5.837365348039207, 52.808261818876524 ], [ 5.836570169555955, 52.805768638263459 ], [ 5.842201970252107, 52.807584269756511 ], [ 5.843593645553108, 52.805032546077008 ], [ 5.854667407153306, 52.805506841744233 ], [ 5.857026773885436, 52.807228865233043 ], [ 5.859639959971885, 52.804536248773566 ], [ 5.865636140850325, 52.804650459693896 ], [ 5.87775626925806, 52.800718414213264 ], [ 5.882577949133359, 52.803919605056208 ], [ 5.898722506936921, 52.808644899818624 ] ] ] } },
{ "type": "Feature", "properties": { "code": "0189", "gemeente": "Wierden", "provincie": "Overijssel" }, "geometry": { "type": "Polygon", "coordinates": [ [ [ 6.626066254974344, 52.289973951632142 ], [ 6.631782333939372, 52.301779913726619 ], [ 6.618747463287221, 52.306175493233681 ], [ 6.607915102399454, 52.307541330304403 ], [ 6.616782018188424, 52.309101808776582 ], [ 6.613915127821371, 52.309658996566128 ], [ 6.614739910998292, 52.311422281296281 ], [ 6.611427344846279, 52.313123676273797 ], [ 6.604762772404268, 52.31222533903091 ], [ 6.619020268412858, 52.326145140477834 ], [ 6.616558981588719, 52.329158043858868 ], [ 6.603422505973644, 52.335955636046798 ], [ 6.597704801700184, 52.342899989424197 ], [ 6.604673382587447, 52.344897747656695 ], [ 6.61031805986516, 52.354457660346135 ], [ 6.614276985195567, 52.356434869331082 ], [ 6.615309115287269, 52.363033926867473 ], [ 6.60851519621861, 52.367211305225261 ], [ 6.575951938472085, 52.41751350231911 ], [ 6.515982364280683, 52.406122269910824 ], [ 6.508538773695638, 52.392152244226288 ], [ 6.514108258331994, 52.381665110246466 ], [ 6.495516285339762, 52.376180356143493 ], [ 6.496077864167029, 52.367942899607307 ], [ 6.499058631379261, 52.363561932966682 ], [ 6.520792792770114, 52.361414896217624 ], [ 6.518872560891738, 52.355161140050242 ], [ 6.506663209373433, 52.355276390556135 ], [ 6.505839393139277, 52.35245014821475 ], [ 6.501347179150364, 52.352916124722356 ], [ 6.495977865763209, 52.349954505538406 ], [ 6.490795114331894, 52.349355359141548 ], [ 6.489133618882859, 52.345954749876746 ], [ 6.486608700371925, 52.345208671452916 ], [ 6.488446846176024, 52.343785356179737 ], [ 6.468189491133376, 52.326462249641125 ], [ 6.499327280201099, 52.323521666248993 ], [ 6.517908495809039, 52.325174438827794 ], [ 6.523137633098133, 52.3238335852731 ], [ 6.524877577047262, 52.325676940283422 ], [ 6.535841020378688, 52.315640565337894 ], [ 6.545089039670277, 52.318375271255583 ], [ 6.550448105016262, 52.310181419358592 ], [ 6.553244534354943, 52.29918884825382 ], [ 6.549962794585638, 52.287801973738183 ], [ 6.568191365772253, 52.270143698125729 ], [ 6.575326455665009, 52.269116179652691 ], [ 6.595148418842076, 52.271198555115056 ], [ 6.605363055906346, 52.270688858876305 ], [ 6.626066254974344, 52.289973951632142 ] ] ] } },
{ "type": "Feature", "properties": { "code": "0296", "gemeente": "Wijchen", "provincie": "Gelderland" }, "geometry": { "type": "Polygon", "coordinates": [ [ [ 5.720051479516516, 51.774970162189881 ], [ 5.729745377170273, 51.772851051980702 ], [ 5.733980645350669, 51.77993997340365 ], [ 5.740193313231841, 51.777852630767811 ], [ 5.740590399820737, 51.778867024811319 ], [ 5.76877944804343, 51.782604977551934 ], [ 5.769473257342461, 51.785189316457625 ], [ 5.774946124749301, 51.783727368155155 ], [ 5.780658842129652, 51.784203985808574 ], [ 5.800948666907034, 51.795151440145432 ], [ 5.796075712243954, 51.798135643230331 ], [ 5.793112602113981, 51.798146765265749 ], [ 5.782006643400602, 51.80849287492078 ], [ 5.773922884758385, 51.821551151591649 ], [ 5.771334177138899, 51.823062886222417 ], [ 5.757620558992347, 51.823989947654169 ], [ 5.764731542877978, 51.832291299401319 ], [ 5.728630153017966, 51.838613523794848 ], [ 5.678110573896796, 51.843146823654351 ], [ 5.677404328522157, 51.846258159253118 ], [ 5.681733929020429, 51.846259845961953 ], [ 5.681357041773807, 51.848677525665558 ], [ 5.684820448106469, 51.848780822731776 ], [ 5.68049797759958, 51.853869810120237 ], [ 5.681663071615821, 51.856867553825303 ], [ 5.678258109207301, 51.858574159172839 ], [ 5.679571100595311, 51.86052548845592 ], [ 5.672317701504291, 51.861985393305424 ], [ 5.670519941276967, 51.864774450361097 ], [ 5.66622686246691, 51.866334041754186 ], [ 5.636177355523617, 51.867361650798586 ], [ 5.640120034510018, 51.85603258287496 ], [ 5.634701497336556, 51.851088808013508 ], [ 5.637861398420021, 51.848770668478934 ], [ 5.635931299254291, 51.847457530764089 ], [ 5.643200209232831, 51.844988283812206 ], [ 5.606631285484645, 51.835689278898151 ], [ 5.609857531121255, 51.83393992960022 ], [ 5.607808196194065, 51.833103676542493 ], [ 5.608961903328643, 51.830988826831415 ], [ 5.603069784428208, 51.828281428291326 ], [ 5.599544566048715, 51.829118615731467 ], [ 5.597976617126611, 51.828049445088546 ], [ 5.619261078307698, 51.819630270017583 ], [ 5.633764973160674, 51.819663588813441 ], [ 5.641007683347767, 51.818039212259769 ], [ 5.645887921500282, 51.814235439701548 ], [ 5.652562426386666, 51.802535581037375 ], [ 5.662620964842453, 51.794890192802754 ], [ 5.668406964194879, 51.792916976517283 ], [ 5.688682641013858, 51.790295889471551 ], [ 5.69569919658024, 51.786250806812831 ], [ 5.70453189029358, 51.776870236917283 ], [ 5.711763168875101, 51.774962855844755 ], [ 5.720051479516516, 51.774970162189881 ] ] ] } },
{ "type": "Feature", "properties": { "code": "1696", "gemeente": "Wijdemeren", "provincie": "Noord-Holland" }, "geometry": { "type": "Polygon", "coordinates": [ [ [ 5.046660867745747, 52.165981500299296 ], [ 5.082452224977131, 52.173842151333723 ], [ 5.12411058931314, 52.180827395964059 ], [ 5.121939004412123, 52.185580278150745 ], [ 5.136496327250624, 52.190601963288685 ], [ 5.145718283855032, 52.19792469377105 ], [ 5.140526789883031, 52.207272687014992 ], [ 5.142512040798612, 52.207803613357868 ], [ 5.14243602444365, 52.208706962519287 ], [ 5.139828259419734, 52.207980316308074 ], [ 5.133943144762753, 52.214294836057441 ], [ 5.122526758830553, 52.218825099494929 ], [ 5.123309838337292, 52.221388851490019 ], [ 5.130008319497716, 52.221491028915644 ], [ 5.127944696376684, 52.224403825812487 ], [ 5.14179130506913, 52.225493475553243 ], [ 5.142277249206074, 52.243316844546456 ], [ 5.140047963561734, 52.24577423828709 ], [ 5.139604522530005, 52.25401479323358 ], [ 5.136801242760589, 52.253950558108997 ], [ 5.136470566834784, 52.259816078960156 ], [ 5.126026248287052, 52.259927773158637 ], [ 5.119304256706543, 52.273451671703683 ], [ 5.103496122522926, 52.277364922804537 ], [ 5.102065808012513, 52.279890840821288 ], [ 5.087704174584911, 52.281684929284459 ], [ 5.084615518564786, 52.279407508696337 ], [ 5.077081954003351, 52.277976613217554 ], [ 5.064627930172053, 52.27826362968375 ], [ 5.061159070232223, 52.285213161312228 ], [ 5.050790288163638, 52.281842362050007 ], [ 5.048601724693415, 52.277029613564771 ], [ 5.0421098704662, 52.277869656818076 ], [ 5.033328027345994, 52.275436955372115 ], [ 5.03057925460582, 52.272247775118231 ], [ 5.022886888280239, 52.272483441188207 ], [ 5.027750280168867, 52.267573837596288 ], [ 5.026582061665217, 52.264148056793147 ], [ 5.032489031454804, 52.260165741369349 ], [ 5.031859536739088, 52.255116963548517 ], [ 5.03573299099787, 52.25265420037946 ], [ 5.040062299649423, 52.256498888573141 ], [ 5.042943403498616, 52.255976933371549 ], [ 5.046634026058073, 52.24854112563257 ], [ 5.045854211322381, 52.243381628326773 ], [ 5.057729909436529, 52.235352783082639 ], [ 5.041585571892408, 52.230888227018212 ], [ 5.040517640271482, 52.229833822021703 ], [ 5.042484456280895, 52.228779887442883 ], [ 5.037101784687222, 52.225341652921415 ], [ 5.042795658970248, 52.224039514521991 ], [ 5.036665605127824, 52.224360158197619 ], [ 5.037144909725027, 52.216202994743071 ], [ 5.035329563697188, 52.214462270166742 ], [ 5.037290337785751, 52.214215183945349 ], [ 5.033787957565437, 52.213713999332221 ], [ 5.033400588234977, 52.209836235910764 ], [ 5.036444713391115, 52.209567956883603 ], [ 5.036649900454547, 52.202137990819949 ], [ 5.022621037271883, 52.203941466943292 ], [ 5.023006282866662, 52.201746103858092 ], [ 5.021292961299363, 52.201885747289232 ], [ 5.037201070985889, 52.197949065915275 ], [ 5.038134079736744, 52.195163176630651 ], [ 5.032503228596427, 52.184113411937624 ], [ 5.042049310840188, 52.183370016404503 ], [ 5.046660867745747, 52.165981500299296 ] ] ] } },
{ "type": "Feature", "properties": { "code": "0352", "gemeente": "Wijk bij Duurstede", "provincie": "Utrecht" }, "geometry": { "type": "Polygon", "coordinates": [ [ [ 5.347094760275655, 51.966997492795066 ], [ 5.358770554126055, 51.970825056622033 ], [ 5.37871384407658, 51.969110174654944 ], [ 5.390976069633946, 51.970730200597458 ], [ 5.392009635064007, 51.973402582553504 ], [ 5.394950932144686, 51.97444163514556 ], [ 5.394164746683258, 51.975934271733891 ], [ 5.387590708887177, 51.976308915904468 ], [ 5.378394149570405, 51.986119424384164 ], [ 5.399422290492172, 51.987948127966249 ], [ 5.415277266137366, 51.996701691393568 ], [ 5.398905598772825, 52.002922806530698 ], [ 5.381600598683735, 52.002151682944607 ], [ 5.350259971582187, 52.016037461266073 ], [ 5.344291573631569, 52.020193693443716 ], [ 5.323985487513501, 52.022825448818374 ], [ 5.314649240605733, 52.027001476227582 ], [ 5.29121999101221, 52.008353817303259 ], [ 5.279909911545398, 52.010721591041516 ], [ 5.280153233818995, 52.008911267835551 ], [ 5.275701641528488, 52.005720285588765 ], [ 5.277543319542016, 52.000142923867152 ], [ 5.274583460295469, 51.998457414660805 ], [ 5.271575348220475, 51.997779041263122 ], [ 5.267366582465439, 51.999079773020561 ], [ 5.264736236378839, 52.003220132084635 ], [ 5.259562567661908, 52.000999222877141 ], [ 5.242355107644901, 51.998661978338241 ], [ 5.245385268189625, 51.995983722788729 ], [ 5.256204246721441, 51.993725291100333 ], [ 5.253325332482953, 51.992335027466851 ], [ 5.254141132746108, 51.986070691647214 ], [ 5.271446599066508, 51.981133533375093 ], [ 5.26604752443295, 51.975807026638449 ], [ 5.256266299650421, 51.970939204556061 ], [ 5.268922023644564, 51.965862254579392 ], [ 5.300894138701364, 51.961568563901416 ], [ 5.314856947116786, 51.955619996183842 ], [ 5.321611260756271, 51.954919173781256 ], [ 5.335220687040583, 51.958044102148691 ], [ 5.347094760275655, 51.966997492795066 ] ] ] } },
{ "type": "Feature", "properties": { "code": "0294", "gemeente": "Winterswijk", "provincie": "Gelderland" }, "geometry": { "type": "Polygon", "coordinates": [ [ [ 6.669507705832376, 51.914126761759981 ], [ 6.684092682921782, 51.917584858834509 ], [ 6.684248592447877, 51.916096963206599 ], [ 6.689635155837308, 51.914956145595553 ], [ 6.695346146131099, 51.915868238483547 ], [ 6.697667210044699, 51.909870123109137 ], [ 6.703327106806978, 51.909705577242327 ], [ 6.703220999296389, 51.906395471536932 ], [ 6.721969501396772, 51.896063340495729 ], [ 6.732451504805301, 51.898700047157121 ], [ 6.737132447636213, 51.904681243393362 ], [ 6.751264284090721, 51.907239872689004 ], [ 6.754625242232692, 51.913091395839068 ], [ 6.770035748551224, 51.916198885358625 ], [ 6.788944677957286, 51.92965659687335 ], [ 6.78597718440876, 51.931189320455907 ], [ 6.793990759029925, 51.935293512688609 ], [ 6.797270828267365, 51.942552520690562 ], [ 6.798872772223139, 51.95874404248061 ], [ 6.812460968922943, 51.961833272383835 ], [ 6.81383729186961, 51.963633068488711 ], [ 6.82852888704226, 51.964105438325802 ], [ 6.832426961371393, 51.970044278255585 ], [ 6.829599455036287, 51.979429965197816 ], [ 6.830351762350618, 51.986192275355975 ], [ 6.826607412629866, 51.993527385832905 ], [ 6.807798673807371, 51.994967444372477 ], [ 6.811410513921334, 51.998096473677059 ], [ 6.772149535914793, 52.017894311663945 ], [ 6.76630713286376, 52.018782207551901 ], [ 6.76408827469443, 52.022310904028991 ], [ 6.752977242770704, 52.028405570728729 ], [ 6.714134236253116, 52.040064713021039 ], [ 6.687852923871714, 52.039856156266517 ], [ 6.683569367252931, 52.028202070199363 ], [ 6.677733493651639, 52.028375135070718 ], [ 6.661791356761642, 52.015559077229454 ], [ 6.655617709672391, 52.014072355656737 ], [ 6.658492972797537, 52.011477188675286 ], [ 6.652641263697536, 51.997542847651481 ], [ 6.655174707116923, 51.979274123814051 ], [ 6.657056089956901, 51.97755206485585 ], [ 6.642420280092848, 51.965744392971274 ], [ 6.637584791037052, 51.964950172750925 ], [ 6.63946366147714, 51.959770454536901 ], [ 6.629071274664041, 51.950092029072557 ], [ 6.634487339774569, 51.944697251534556 ], [ 6.63200792442634, 51.93781689946627 ], [ 6.634275513708394, 51.937420458133118 ], [ 6.634152707444088, 51.935299890165197 ], [ 6.643557337201745, 51.930094708964411 ], [ 6.651292622554618, 51.928542285535102 ], [ 6.653653153825613, 51.930266956401731 ], [ 6.65897210111241, 51.929043804485424 ], [ 6.658030598043672, 51.924331793696929 ], [ 6.663126573667677, 51.919793686049914 ], [ 6.660766761875588, 51.918368843070439 ], [ 6.661009811599279, 51.915603382489465 ], [ 6.664375885130214, 51.916579726717146 ], [ 6.669507705832376, 51.914126761759981 ] ] ] } },
{ "type": "Feature", "properties": { "code": "0873", "gemeente": "Woensdrecht", "provincie": "Noord-Brabant" }, "geometry": { "type": "Polygon", "coordinates": [ [ [ 4.394779964257357, 51.355875078184766 ], [ 4.421853722251735, 51.365230534885484 ], [ 4.431351612523417, 51.36385308602042 ], [ 4.425080933400434, 51.371289540418708 ], [ 4.431691672467879, 51.3750490198465 ], [ 4.391611246252165, 51.408171400035393 ], [ 4.383659997677761, 51.421076470476123 ], [ 4.39052690077553, 51.424266787857668 ], [ 4.391330461719986, 51.427352734029768 ], [ 4.39520143785437, 51.426902527128192 ], [ 4.394665399363392, 51.431538185292695 ], [ 4.392330310859238, 51.431446047829937 ], [ 4.392562394290593, 51.432800127956405 ], [ 4.397205526455973, 51.4315978390377 ], [ 4.398818240682699, 51.435243656045628 ], [ 4.395415196742808, 51.435512670204744 ], [ 4.39697005569847, 51.441313003391933 ], [ 4.392034206143736, 51.446376299828067 ], [ 4.386640060063179, 51.445243269269703 ], [ 4.379328223072485, 51.446788932295128 ], [ 4.382709313845651, 51.450232388708415 ], [ 4.384838616517668, 51.449315942120194 ], [ 4.391083220463287, 51.451487266027279 ], [ 4.38341242038948, 51.455115263461309 ], [ 4.346115798218423, 51.460262989907328 ], [ 4.34039011425238, 51.462703373720451 ], [ 4.336514710076026, 51.459800636695697 ], [ 4.32796114944049, 51.464241616320145 ], [ 4.322477302538213, 51.460299906668936 ], [ 4.311166562614464, 51.460173289957943 ], [ 4.307358846695005, 51.466216857298164 ], [ 4.299100136510659, 51.466800899806245 ], [ 4.297462229559206, 51.450112759820257 ], [ 4.293706158164385, 51.445306145016403 ], [ 4.287133369311428, 51.443969782716529 ], [ 4.283173290787263, 51.439666986308673 ], [ 4.265431752462597, 51.439680681388523 ], [ 4.275851638757751, 51.425049412549576 ], [ 4.266446871636733, 51.419979485261265 ], [ 4.263732257681852, 51.41644911095473 ], [ 4.269061035958709, 51.400347393164616 ], [ 4.268633596742744, 51.388126453021393 ], [ 4.266349022617672, 51.386540635533493 ], [ 4.268382050379595, 51.383545891686367 ], [ 4.273697688269005, 51.38314988996936 ], [ 4.277424578490672, 51.376035243616208 ], [ 4.334505127947692, 51.377641249160995 ], [ 4.341353767530434, 51.357563252700949 ], [ 4.350889620052406, 51.358682827133372 ], [ 4.384543340961733, 51.354351896338869 ], [ 4.394779964257357, 51.355875078184766 ] ] ] } },
{ "type": "Feature", "properties": { "code": "0632", "gemeente": "Woerden", "provincie": "Utrecht" }, "geometry": { "type": "Polygon", "coordinates": [ [ [ 4.842203786964498, 52.069005591933958 ], [ 4.905083265678664, 52.070014780883128 ], [ 4.924661046873363, 52.077590576255403 ], [ 4.936142505860885, 52.07992033515405 ], [ 4.956333252701205, 52.070299363308706 ], [ 4.956773344703056, 52.065932893920177 ], [ 4.970500847493395, 52.067560126272191 ], [ 4.982591046982005, 52.064950464395942 ], [ 4.99584525974136, 52.067334268184709 ], [ 4.999498258417035, 52.066131451103359 ], [ 5.005011261519886, 52.088485302250838 ], [ 4.994216723463202, 52.090366500340402 ], [ 4.989327150993463, 52.100755310883137 ], [ 4.975659728804645, 52.099789588093437 ], [ 4.973276936114368, 52.101374083840938 ], [ 4.976096948262295, 52.107822856733598 ], [ 4.979624917983597, 52.108722435585186 ], [ 4.980224632640693, 52.112256144300922 ], [ 4.960992107580071, 52.133367615505563 ], [ 4.94398449501239, 52.127495528630135 ], [ 4.934697161842117, 52.138604839676447 ], [ 4.923601714468972, 52.147318883611781 ], [ 4.911777576338983, 52.144254479203788 ], [ 4.909637962609869, 52.161870896428006 ], [ 4.892178257350766, 52.161797924353806 ], [ 4.873623465538278, 52.156082513365405 ], [ 4.874518482020051, 52.138831419262054 ], [ 4.855238668050999, 52.137209622487724 ], [ 4.851478613242464, 52.139674406619179 ], [ 4.842871911978193, 52.139459558033522 ], [ 4.840276082110099, 52.141560750013547 ], [ 4.837366435385581, 52.140649597886487 ], [ 4.836704643281617, 52.142879926431746 ], [ 4.834128195797166, 52.142876495111317 ], [ 4.832857875636414, 52.144762362726489 ], [ 4.826471852682455, 52.142176335215339 ], [ 4.820494631384648, 52.142216361017638 ], [ 4.816665725520651, 52.139386935293459 ], [ 4.813111095705819, 52.14017324765711 ], [ 4.807485526074184, 52.135021588956022 ], [ 4.80888216650746, 52.131887748376322 ], [ 4.806415838392047, 52.127421867312691 ], [ 4.802096797610342, 52.124888603030371 ], [ 4.798341617958883, 52.125298729709591 ], [ 4.792212360178884, 52.122932116849917 ], [ 4.825379802160048, 52.107087191793859 ], [ 4.823055887288127, 52.105192808654479 ], [ 4.823347904328966, 52.093368530142797 ], [ 4.826275688820667, 52.074643579540542 ], [ 4.833045260724392, 52.074826933796878 ], [ 4.834035389702842, 52.072735854255015 ], [ 4.829807904343658, 52.066823406800253 ], [ 4.842203786964498, 52.069005591933958 ] ] ] } },
{ "type": "Feature", "properties": { "code": "0880", "gemeente": "Wormerland", "provincie": "Noord-Holland" }, "geometry": { "type": "Polygon", "coordinates": [ [ [ 4.842555504900408, 52.472004334326456 ], [ 4.862842377741349, 52.468543496941898 ], [ 4.882437861867489, 52.474801841958829 ], [ 4.890532452479831, 52.478959191209199 ], [ 4.895630965668149, 52.47822751224512 ], [ 4.906469643370061, 52.479826479160579 ], [ 4.908220901468303, 52.483096878241774 ], [ 4.916126956331084, 52.486545212174697 ], [ 4.922938526612325, 52.49189720536512 ], [ 4.926227462148813, 52.500242093283816 ], [ 4.925116266620265, 52.505530376637076 ], [ 4.934724216099653, 52.510279599977636 ], [ 4.934352057345138, 52.511640610465577 ], [ 4.92260096213132, 52.511412194228974 ], [ 4.909367271665834, 52.51703941326015 ], [ 4.874911492215314, 52.520013948549355 ], [ 4.859381783803844, 52.525034085755181 ], [ 4.847956530332714, 52.5253052605905 ], [ 4.837564521922507, 52.530545256655024 ], [ 4.833910386347743, 52.538960353120999 ], [ 4.82446171445791, 52.542689312121247 ], [ 4.816992995739453, 52.535648212572731 ], [ 4.824451328902357, 52.533834565767116 ], [ 4.820186921669007, 52.531231801975416 ], [ 4.811626573477623, 52.530190504864223 ], [ 4.805044423754355, 52.525493136923593 ], [ 4.798221411444035, 52.524334422284433 ], [ 4.789235425481705, 52.518641363396121 ], [ 4.788708475802474, 52.511241478408969 ], [ 4.793557861106956, 52.506637017163676 ], [ 4.795099121981937, 52.496576926758301 ], [ 4.791647273896462, 52.491846202740255 ], [ 4.804302792323647, 52.489132399163516 ], [ 4.816586954010521, 52.482612176180211 ], [ 4.837080528972381, 52.479860361490701 ], [ 4.842555504900408, 52.472004334326456 ] ] ] } },
{ "type": "Feature", "properties": { "code": "0351", "gemeente": "Woudenberg", "provincie": "Utrecht" }, "geometry": { "type": "Polygon", "coordinates": [ [ [ 5.448529760886276, 52.043123226210106 ], [ 5.453524673050397, 52.049979996204591 ], [ 5.461138084118589, 52.047259063451854 ], [ 5.460877295539629, 52.048637954871097 ], [ 5.465702464592522, 52.050814441178872 ], [ 5.477194759857371, 52.052854920707915 ], [ 5.484032185622778, 52.055961817561133 ], [ 5.497875964583378, 52.057018213697752 ], [ 5.496136148131971, 52.071674487450437 ], [ 5.483897460889811, 52.069656401439779 ], [ 5.467008828310898, 52.075627230364418 ], [ 5.465434769309967, 52.078429125408327 ], [ 5.459242924252466, 52.080225756888879 ], [ 5.459678100345003, 52.082003413633728 ], [ 5.464053568219306, 52.083056181147427 ], [ 5.471885807343311, 52.089381433337664 ], [ 5.486082698251901, 52.093656773405726 ], [ 5.484301744564329, 52.105542121693915 ], [ 5.493861743083361, 52.111097267184796 ], [ 5.491830901909744, 52.114507896028016 ], [ 5.479079033102059, 52.117426184169339 ], [ 5.475825487779249, 52.11207110761309 ], [ 5.476037135801604, 52.105012157668781 ], [ 5.473707065811698, 52.104759632282764 ], [ 5.471987320467123, 52.101455687559529 ], [ 5.467516497237666, 52.100400261988298 ], [ 5.45786596400656, 52.105369257471303 ], [ 5.443806669664041, 52.107074566169665 ], [ 5.437937946801872, 52.099744003997792 ], [ 5.429401973758731, 52.095914856193197 ], [ 5.421040523678959, 52.096901231668802 ], [ 5.410158514777305, 52.103263263475114 ], [ 5.404520868224581, 52.104106401563605 ], [ 5.401332096165816, 52.089333537209434 ], [ 5.378009911485002, 52.09047160956861 ], [ 5.340567718035106, 52.095031547653477 ], [ 5.334297457497581, 52.096333249451462 ], [ 5.322462382685931, 52.101900924809577 ], [ 5.298300712264519, 52.096445402285582 ], [ 5.332250886367324, 52.084163382809074 ], [ 5.384527217250068, 52.078268409693131 ], [ 5.388340819080537, 52.074931941669085 ], [ 5.405893847048049, 52.075220484237967 ], [ 5.407061228444888, 52.072576825924259 ], [ 5.399536892962841, 52.069210589776731 ], [ 5.400815951493764, 52.06783136489247 ], [ 5.398956349767078, 52.06693827172078 ], [ 5.401896331229732, 52.064298576019077 ], [ 5.410046582235915, 52.06940759696311 ], [ 5.422057851101171, 52.072957840296645 ], [ 5.435581263285495, 52.072877229947707 ], [ 5.438315840826426, 52.070351893812273 ], [ 5.43657020284067, 52.061943331081558 ], [ 5.435267298709137, 52.05959755478144 ], [ 5.430622962936855, 52.059047650298744 ], [ 5.428714927424626, 52.057341065888934 ], [ 5.429867866829329, 52.052867026730688 ], [ 5.435187483584492, 52.047849829083589 ], [ 5.445702715946532, 52.045258881805928 ], [ 5.448529760886276, 52.043123226210106 ] ] ] } },
{ "type": "Feature", "properties": { "code": "0479", "gemeente": "Zaanstad", "provincie": "Noord-Holland" }, "geometry": { "type": "Polygon", "coordinates": [ [ [ 4.718303369348599, 52.434020843406898 ], [ 4.856078012038456, 52.416662171473746 ], [ 4.859514293550806, 52.419812873994985 ], [ 4.85787827667771, 52.42453252662348 ], [ 4.862805017920136, 52.429622571455205 ], [ 4.853572085293405, 52.442274314552243 ], [ 4.842950948672653, 52.452260832085017 ], [ 4.84915345218338, 52.460677161510084 ], [ 4.852504939042498, 52.470367070419613 ], [ 4.842555504900408, 52.472004334326456 ], [ 4.837080528972381, 52.479860361490701 ], [ 4.816586954010521, 52.482612176180211 ], [ 4.79884286767154, 52.491105262515326 ], [ 4.79207677265075, 52.491334764778479 ], [ 4.795099121981937, 52.496576926758301 ], [ 4.793557861106956, 52.506637017163676 ], [ 4.788708475802474, 52.511241478408969 ], [ 4.789860920848672, 52.519235890636068 ], [ 4.763619449484017, 52.519707185723711 ], [ 4.761227658151746, 52.518553808484356 ], [ 4.752428078072881, 52.52123270325373 ], [ 4.748142526661696, 52.517054994932252 ], [ 4.752767808924429, 52.510591882976186 ], [ 4.750674067704749, 52.508290931174507 ], [ 4.731577195907965, 52.496331447997271 ], [ 4.720667309720988, 52.495039017886185 ], [ 4.713865687521547, 52.492683413012493 ], [ 4.708445038319307, 52.488625681772817 ], [ 4.705541208700995, 52.481921398355524 ], [ 4.700728961805329, 52.480236770718953 ], [ 4.695296369713923, 52.468587341333453 ], [ 4.684266302927449, 52.463521035657237 ], [ 4.68506935334401, 52.462556795382881 ], [ 4.674848022102081, 52.455520411971683 ], [ 4.709402575592378, 52.436918135538072 ], [ 4.718303369348599, 52.434020843406898 ] ] ] } },
{ "type": "Feature", "properties": { "code": "0297", "gemeente": "Zaltbommel", "provincie": "Gelderland" }, "geometry": { "type": "Polygon", "coordinates": [ [ [ 5.128054700924634, 51.737607146093879 ], [ 5.167120133189772, 51.743010775582022 ], [ 5.185699796858049, 51.741917559961351 ], [ 5.184820658744109, 51.75388406750708 ], [ 5.18056769015022, 51.758622441289695 ], [ 5.174565362217991, 51.761072763695047 ], [ 5.17367236138765, 51.764019560473315 ], [ 5.180651657820561, 51.766555174104148 ], [ 5.189199794634197, 51.765562323148757 ], [ 5.191928673600034, 51.767451493874823 ], [ 5.207793004642417, 51.769280763556473 ], [ 5.219495732745615, 51.769015931935563 ], [ 5.237444079499959, 51.771964635510933 ], [ 5.248865046885585, 51.771236224066385 ], [ 5.262521788196218, 51.774646431206861 ], [ 5.269947791979869, 51.774325213252745 ], [ 5.266452543798944, 51.793121894646184 ], [ 5.288436673777679, 51.799574306381231 ], [ 5.281007284959446, 51.801917266055092 ], [ 5.283693643648665, 51.803232660303877 ], [ 5.284480182633915, 51.806540267921882 ], [ 5.280852678342952, 51.810400652396396 ], [ 5.284695390789737, 51.817433508532453 ], [ 5.281717974937324, 51.821207517983161 ], [ 5.251697191969866, 51.8179149867169 ], [ 5.220787402580811, 51.810916095116447 ], [ 5.207885691385172, 51.809993123378447 ], [ 5.170642983353265, 51.817032409991526 ], [ 5.140907451243979, 51.814119454571752 ], [ 5.130167199239718, 51.814658190440738 ], [ 5.100833948779997, 51.82450361775075 ], [ 5.08765353947497, 51.826798406986953 ], [ 5.074110310797859, 51.825820792691552 ], [ 5.052335465421774, 51.818945143287728 ], [ 5.042106779204511, 51.817355443023537 ], [ 5.00036390896183, 51.820933386575831 ], [ 5.009324919633174, 51.817511979245744 ], [ 5.010941338203422, 51.812104621440369 ], [ 5.016001029761322, 51.80820704970143 ], [ 5.050836325399993, 51.796617616325335 ], [ 5.061912674900396, 51.784413940162125 ], [ 5.068411908162924, 51.779922157507364 ], [ 5.079994421733161, 51.779943465029525 ], [ 5.088594128916548, 51.785805402976457 ], [ 5.097312751012779, 51.787587302441935 ], [ 5.105342219970002, 51.785506748236173 ], [ 5.117681797438203, 51.778155395572021 ], [ 5.137580796600268, 51.772905263739894 ], [ 5.139598915271907, 51.769310995270096 ], [ 5.135890660232552, 51.760319748469165 ], [ 5.142713818515569, 51.755210230182534 ], [ 5.138112604714786, 51.750726296222382 ], [ 5.126335923397741, 51.745021486865319 ], [ 5.125984491665287, 51.739629196179202 ], [ 5.128054700924634, 51.737607146093879 ] ] ] } },
{ "type": "Feature", "properties": { "code": "0473", "gemeente": "Zandvoort", "provincie": "Noord-Holland" }, "geometry": { "type": "Polygon", "coordinates": [ [ [ 4.547322261153651, 52.31399660229647 ], [ 4.591658967001998, 52.391715698794407 ], [ 4.526045099457294, 52.405167374386735 ], [ 4.477649435964445, 52.332510951686452 ], [ 4.547322261153651, 52.31399660229647 ] ] ] } },
{ "type": "Feature", "properties": { "code": "0050", "gemeente": "Zeewolde", "provincie": "Flevoland" }, "geometry": { "type": "Polygon", "coordinates": [ [ [ 5.402896767344655, 52.249527072672421 ], [ 5.463376344264969, 52.260003248866148 ], [ 5.464459311298941, 52.261827877735321 ], [ 5.469054801538123, 52.263151631266545 ], [ 5.476121524131189, 52.26392405494186 ], [ 5.476849118599407, 52.2623998093651 ], [ 5.533281106269473, 52.272740841617271 ], [ 5.575604008071911, 52.350760388817882 ], [ 5.591157213421762, 52.362916216640656 ], [ 5.606300993978768, 52.363247015864658 ], [ 5.611637697762309, 52.359500318347393 ], [ 5.614039236636347, 52.362256506836772 ], [ 5.62073737163037, 52.364129601243476 ], [ 5.611827659439848, 52.374448409130437 ], [ 5.617187653596552, 52.384782626946176 ], [ 5.623021182932445, 52.408871720997652 ], [ 5.580508838005097, 52.410883178824712 ], [ 5.537297921259373, 52.385000095599629 ], [ 5.533006444790743, 52.384377414177138 ], [ 5.508495683427208, 52.39796526880648 ], [ 5.438705387000216, 52.442656258598333 ], [ 5.42377516900619, 52.432563906069959 ], [ 5.384988157078118, 52.414068690753588 ], [ 5.350496757520351, 52.400102967860491 ], [ 5.346371310164612, 52.396113601127674 ], [ 5.338610403576234, 52.395581046762238 ], [ 5.30124450085733, 52.381986440656561 ], [ 5.379211050079881, 52.313994835402539 ], [ 5.348617123041166, 52.309165249977148 ], [ 5.333504828745339, 52.314273719435207 ], [ 5.315179087203822, 52.302392176786505 ], [ 5.402896767344655, 52.249527072672421 ] ] ] } },
{ "type": "Feature", "properties": { "code": "0355", "gemeente": "Zeist", "provincie": "Utrecht" }, "geometry": { "type": "Polygon", "coordinates": [ [ [ 5.246979361966686, 52.058545361726438 ], [ 5.256420213208264, 52.063003779597658 ], [ 5.257889767654353, 52.065882319666891 ], [ 5.2907601432935, 52.086567725771907 ], [ 5.320422763975381, 52.07032690774686 ], [ 5.332609277255208, 52.078742782085037 ], [ 5.332250886367324, 52.084163382809074 ], [ 5.298300712264519, 52.096445402285582 ], [ 5.322462382685931, 52.101900924809577 ], [ 5.307864575553833, 52.109694842437932 ], [ 5.291823459436433, 52.114542759842116 ], [ 5.282138309690537, 52.112062930057633 ], [ 5.27193611189682, 52.127045537127856 ], [ 5.26410182272398, 52.125080073801293 ], [ 5.255915566480483, 52.136724063900779 ], [ 5.25492394686565, 52.149152312229006 ], [ 5.24516505905763, 52.166787691689045 ], [ 5.243065069200797, 52.17027726895126 ], [ 5.238359806215932, 52.167774715456275 ], [ 5.237900722889122, 52.171250914621318 ], [ 5.235985403675406, 52.171099332654883 ], [ 5.236315790283606, 52.167458254736466 ], [ 5.224998822481603, 52.165699615016933 ], [ 5.230930387533702, 52.116788889403722 ], [ 5.218219182294519, 52.113672667535461 ], [ 5.22232888669242, 52.103893249495819 ], [ 5.210814685164235, 52.100727075830214 ], [ 5.212727198663288, 52.097674331597283 ], [ 5.208608754481101, 52.093618914627541 ], [ 5.210587637895792, 52.090314430348123 ], [ 5.207229760522844, 52.086439272705974 ], [ 5.205517204423298, 52.086829550511752 ], [ 5.205524616947607, 52.084895594259855 ], [ 5.192752059063872, 52.086076452475886 ], [ 5.195154971679589, 52.077346289518523 ], [ 5.200548154601522, 52.076812178662692 ], [ 5.22502198708705, 52.06492174176212 ], [ 5.219131937867572, 52.059752456419126 ], [ 5.246979361966686, 52.058545361726438 ] ] ] } },
{ "type": "Feature", "properties": { "code": "0299", "gemeente": "Zevenaar", "provincie": "Gelderland" }, "geometry": { "type": "Polygon", "coordinates": [ [ [ 6.144539098821811, 51.86974451459389 ], [ 6.143610001136413, 51.876251181192899 ], [ 6.137127117195575, 51.885802735050135 ], [ 6.118224193940213, 51.89201260520251 ], [ 6.103447961217462, 51.892474222173355 ], [ 6.11017598021416, 51.894942864033084 ], [ 6.111855020032883, 51.898836682756254 ], [ 6.114821222722282, 51.897720469833736 ], [ 6.117889419738939, 51.901659143653042 ], [ 6.125672610944999, 51.898201337153324 ], [ 6.15622531452911, 51.905244859694918 ], [ 6.165632883093801, 51.898596476445569 ], [ 6.167913044718503, 51.900974117346635 ], [ 6.157558883570896, 51.906871600752481 ], [ 6.156643676643514, 51.911279233026654 ], [ 6.152569592971293, 51.9088685397641 ], [ 6.143328407276812, 51.913627506525152 ], [ 6.143061126078867, 51.918501834733867 ], [ 6.141198303337668, 51.915772284066371 ], [ 6.138432549914498, 51.915529332114978 ], [ 6.094688725252379, 51.936720135521071 ], [ 6.094148637702189, 51.938827832746732 ], [ 6.091427159845746, 51.938721055420672 ], [ 6.091443895782818, 51.963033712349812 ], [ 6.089514440198009, 51.963509176466189 ], [ 6.090393683489077, 51.967844290347536 ], [ 6.105458418514788, 51.966726376793794 ], [ 6.122334652764465, 51.971483995393776 ], [ 6.121090320457196, 51.973398130760188 ], [ 6.129371215963534, 51.978264480909168 ], [ 6.145278930820507, 51.980602964596542 ], [ 6.160673612730711, 51.981050387113704 ], [ 6.161975378394106, 51.992795703967147 ], [ 6.159884222148056, 51.997690641743397 ], [ 6.164309390369596, 51.999003225510883 ], [ 6.149830996390486, 52.001868911961907 ], [ 6.139497980137791, 51.996977024100985 ], [ 6.10959053518619, 51.996436714087316 ], [ 6.090692013298544, 51.992893455148653 ], [ 6.084707818049147, 51.994742025663477 ], [ 6.078333742978705, 52.000826609227389 ], [ 6.078788594644935, 52.007469313882645 ], [ 6.076473106735412, 52.010650015997363 ], [ 6.06649956082447, 52.0146431886808 ], [ 6.059203820323114, 52.014540853205155 ], [ 6.048030269902524, 52.009776155657569 ], [ 6.042935614550348, 52.002106700755888 ], [ 6.032500827381122, 51.996900921450788 ], [ 6.0264495952065, 51.995825134371287 ], [ 6.016649848906773, 51.997056934190823 ], [ 6.01067522576538, 51.994894543794203 ], [ 6.006302531759763, 51.9909071745208 ], [ 6.001965205867108, 51.980650008664625 ], [ 6.001732848694987, 51.977551708208551 ], [ 6.005826707611237, 51.979106180363431 ], [ 6.021818176740096, 51.978202648130576 ], [ 6.026889252934891, 51.970893093111002 ], [ 6.034305612793807, 51.971353123757318 ], [ 6.045811981201035, 51.980369484175881 ], [ 6.06077226387607, 51.981859319810269 ], [ 6.062393151369173, 51.980567041867786 ], [ 6.068852489122953, 51.980400867820201 ], [ 6.067371401788641, 51.97498177529836 ], [ 6.060838846098485, 51.974483244235891 ], [ 6.05846149041, 51.958309387824251 ], [ 6.052665234337198, 51.952697788758869 ], [ 6.063447030210321, 51.949286494228772 ], [ 6.054805364355857, 51.93993584352495 ], [ 6.053026974056827, 51.940328454932796 ], [ 6.051560651614177, 51.930972523592651 ], [ 6.04850555517316, 51.931613862996478 ], [ 6.042357662836591, 51.927771787081156 ], [ 6.046275858663392, 51.926905954898785 ], [ 6.046995237602364, 51.925327689837026 ], [ 6.043075545798162, 51.916831220564973 ], [ 6.03884291721753, 51.916340199131014 ], [ 6.037456559996865, 51.913962169152896 ], [ 6.027044637542535, 51.916511910760534 ], [ 6.015441238865922, 51.91695573320758 ], [ 6.000075575023775, 51.913203793541804 ], [ 5.992755431576904, 51.912333962822473 ], [ 5.988921023596921, 51.913965244532982 ], [ 5.987062572607188, 51.913313835387392 ], [ 5.996958068483985, 51.907305208415735 ], [ 6.01986212145546, 51.898139767386922 ], [ 6.029448758443771, 51.881526550832319 ], [ 6.037154823745874, 51.875418415686298 ], [ 6.046284695808447, 51.870913211555468 ], [ 6.06564693764297, 51.86465029594541 ], [ 6.089555818111879, 51.852597003668237 ], [ 6.102428389183615, 51.84875492704456 ], [ 6.135771096934607, 51.847169413313956 ], [ 6.166559807357048, 51.840721644551408 ], [ 6.163597353362715, 51.853679872469172 ], [ 6.167000284853444, 51.861621645739994 ], [ 6.149876688794494, 51.86650119197725 ], [ 6.144539098821811, 51.86974451459389 ] ] ] } },
{ "type": "Feature", "properties": { "code": "0637", "gemeente": "Zoetermeer", "provincie": "Zuid-Holland" }, "geometry": { "type": "Polygon", "coordinates": [ [ [ 4.477027886667864, 52.031280580059715 ], [ 4.506927593545083, 52.032747045706031 ], [ 4.51529151355863, 52.039216000844981 ], [ 4.534665621829102, 52.049563257483655 ], [ 4.545335362811261, 52.048936295350558 ], [ 4.550565546755768, 52.056337349976211 ], [ 4.557686358631583, 52.060952535639736 ], [ 4.53369495772883, 52.073051135067779 ], [ 4.536047380019448, 52.076928100474987 ], [ 4.530579976306802, 52.080498036145528 ], [ 4.504449610751061, 52.093290335724006 ], [ 4.499967036058125, 52.091655206836784 ], [ 4.49780589567854, 52.087837566662344 ], [ 4.492218926699507, 52.090009767350125 ], [ 4.493018074574787, 52.087751917647495 ], [ 4.4742747277599, 52.085260669620695 ], [ 4.475659860987344, 52.081296305586633 ], [ 4.455462471884099, 52.078313115202263 ], [ 4.421404200219778, 52.063303460502993 ], [ 4.422489655046307, 52.057194044377873 ], [ 4.415230887342235, 52.05701290739453 ], [ 4.422072404318316, 52.051673092176543 ], [ 4.450564138426663, 52.049210211336316 ], [ 4.457643806888488, 52.038618663553052 ], [ 4.470743679216673, 52.040477714078541 ], [ 4.477027886667864, 52.031280580059715 ] ] ] } },
{ "type": "Feature", "properties": { "code": "0638", "gemeente": "Zoeterwoude", "provincie": "Zuid-Holland" }, "geometry": { "type": "Polygon", "coordinates": [ [ [ 4.531350018526155, 52.081111225223722 ], [ 4.537134665602345, 52.083945983048821 ], [ 4.535322768727996, 52.120432481905453 ], [ 4.54190529946697, 52.118660206045931 ], [ 4.541393557675375, 52.123480738568823 ], [ 4.547620538652297, 52.13231004907081 ], [ 4.546307161471615, 52.134021202785469 ], [ 4.550733049189853, 52.138380289860905 ], [ 4.543948746746091, 52.140843494202052 ], [ 4.530108315416256, 52.142083569315112 ], [ 4.524037681930545, 52.147397871569552 ], [ 4.515544987655191, 52.144463612257169 ], [ 4.51067658084505, 52.140865880891113 ], [ 4.513212768724825, 52.139974148686726 ], [ 4.470825787240932, 52.11770810745908 ], [ 4.490413658845299, 52.09785838994771 ], [ 4.491814084879435, 52.090031626384025 ], [ 4.49780589567854, 52.087837566662344 ], [ 4.499967036058125, 52.091655206836784 ], [ 4.504449610751061, 52.093290335724006 ], [ 4.531350018526155, 52.081111225223722 ] ] ] } },
{ "type": "Feature", "properties": { "code": "1892", "gemeente": "Zuidplas", "provincie": "Zuid-Holland" }, "geometry": { "type": "Polygon", "coordinates": [ [ [ 4.618933394952426, 51.933888394696659 ], [ 4.623776760729313, 51.936191770512956 ], [ 4.634237263377312, 51.937456951859239 ], [ 4.63951266299733, 51.950897040317443 ], [ 4.646104965718274, 51.954417330336 ], [ 4.639773575207785, 51.962176775783099 ], [ 4.631099642377322, 51.967621888804914 ], [ 4.631525770183592, 51.96945924838311 ], [ 4.66895115334206, 51.979195031085318 ], [ 4.673016831851984, 51.986254716654884 ], [ 4.688684513658414, 51.996258046064 ], [ 4.684021275557738, 51.997957675494455 ], [ 4.680229461251178, 51.996541579000656 ], [ 4.670716944804139, 52.002326115043616 ], [ 4.662810242881224, 52.00324582868604 ], [ 4.659454560087035, 52.005287700412737 ], [ 4.670728921802452, 52.011126413770221 ], [ 4.664631484555566, 52.014910696378323 ], [ 4.667342670176258, 52.022698559502302 ], [ 4.664040460820222, 52.021915591931709 ], [ 4.66280027679896, 52.023984267998166 ], [ 4.655184802775443, 52.021015924887323 ], [ 4.648627969361721, 52.020571078798113 ], [ 4.648425254348138, 52.018986519173474 ], [ 4.636802564538538, 52.01167990506837 ], [ 4.624735699662132, 52.014722056812822 ], [ 4.591089428692047, 52.035087380038085 ], [ 4.607334558111368, 52.045312000094135 ], [ 4.60627271568445, 52.045949103388899 ], [ 4.610295831475193, 52.04656986433897 ], [ 4.610947409347606, 52.04871085695131 ], [ 4.605513035194435, 52.050545321140831 ], [ 4.607562638413699, 52.065538322513802 ], [ 4.565303035760569, 52.059119980323352 ], [ 4.561059634520217, 52.042060866379522 ], [ 4.563457170346007, 52.035776983821968 ], [ 4.558217973870319, 52.028908453284657 ], [ 4.55487514764999, 52.005948589335993 ], [ 4.546339276139398, 51.991514162168478 ], [ 4.548069799214461, 51.983427623047419 ], [ 4.553760536514027, 51.977041115460864 ], [ 4.547686283340123, 51.972806615670329 ], [ 4.556559373357856, 51.968455213282738 ], [ 4.562413739891625, 51.971926722981152 ], [ 4.566936033049321, 51.971189818821593 ], [ 4.574363306056093, 51.972876215593871 ], [ 4.578999819739884, 51.975787198703223 ], [ 4.573529403018968, 51.974576122735947 ], [ 4.570229901952937, 51.979030104961126 ], [ 4.578918487709368, 51.981134206044068 ], [ 4.577312228694897, 51.986404837114705 ], [ 4.579687158949175, 51.987267162205406 ], [ 4.578935759587297, 51.989869869329169 ], [ 4.594367518425802, 51.994281556466483 ], [ 4.598773042044826, 51.987968597281167 ], [ 4.593768856385993, 51.976000186769163 ], [ 4.601808264988373, 51.972140103970062 ], [ 4.583992414925248, 51.96536897059098 ], [ 4.602068263710435, 51.94947560222959 ], [ 4.59973400985588, 51.947672300694187 ], [ 4.618933394952426, 51.933888394696659 ] ] ] } },
{ "type": "Feature", "properties": { "code": "0879", "gemeente": "Zundert", "provincie": "Noord-Brabant" }, "geometry": { "type": "Polygon", "coordinates": [ [ [ 4.529896464632486, 51.449520513370423 ], [ 4.535408782575562, 51.423029638965502 ], [ 4.57472819121737, 51.432848522101516 ], [ 4.630094466175274, 51.425916932114404 ], [ 4.641290379047051, 51.422014450016405 ], [ 4.646649985383821, 51.423395178586389 ], [ 4.651716571311379, 51.426885364059004 ], [ 4.656418612947703, 51.424993453158613 ], [ 4.669689624078165, 51.426362606713433 ], [ 4.666586272558521, 51.444399195124632 ], [ 4.686440559859893, 51.451270821874978 ], [ 4.693096897364679, 51.451729935331876 ], [ 4.704056129872511, 51.465465336463836 ], [ 4.703248779807366, 51.466968322585551 ], [ 4.716898105495043, 51.468864626381389 ], [ 4.716028667965417, 51.471123508598716 ], [ 4.720603276962084, 51.473454918244435 ], [ 4.729151854560821, 51.483907194070511 ], [ 4.733996600896049, 51.485548210127455 ], [ 4.741558908442303, 51.50519859839541 ], [ 4.738146807444627, 51.505793313674125 ], [ 4.742157710842424, 51.505631404468339 ], [ 4.743535823830778, 51.511223903604694 ], [ 4.743983724545047, 51.518761337330041 ], [ 4.739863692375279, 51.51842352981555 ], [ 4.743868386392696, 51.519284960058378 ], [ 4.743234837492665, 51.52539384540728 ], [ 4.74011874630777, 51.527858176650213 ], [ 4.741463937123778, 51.532857997347826 ], [ 4.738289150248022, 51.531086358838692 ], [ 4.738798760528929, 51.532266989734858 ], [ 4.730710669187061, 51.53645052533868 ], [ 4.725100386410983, 51.532900214422504 ], [ 4.722489940918948, 51.535158168110655 ], [ 4.728417245018476, 51.536877551868173 ], [ 4.703996818858193, 51.54979854600267 ], [ 4.69402544770877, 51.544754857234409 ], [ 4.680905704015225, 51.540667452472348 ], [ 4.659112269710089, 51.525493610053644 ], [ 4.643289073626732, 51.518188812092973 ], [ 4.638157789698727, 51.517205243488867 ], [ 4.638716048787384, 51.524412658828773 ], [ 4.627568251577924, 51.522438526752758 ], [ 4.624986624629384, 51.521090131674612 ], [ 4.626401752580708, 51.518920664668137 ], [ 4.619405380172101, 51.516172005805529 ], [ 4.620539104579549, 51.510736187569798 ], [ 4.618201756468149, 51.510672246435746 ], [ 4.616379470056183, 51.508087301148628 ], [ 4.579338331910833, 51.510730943128628 ], [ 4.589731204083607, 51.496737448639315 ], [ 4.576177673023055, 51.492539447432371 ], [ 4.572286267787161, 51.482655230932188 ], [ 4.556100789532262, 51.485634333797336 ], [ 4.529896464632486, 51.449520513370423 ] ] ] } },
{ "type": "Feature", "properties": { "code": "0301", "gemeente": "Zutphen", "provincie": "Gelderland" }, "geometry": { "type": "Polygon", "coordinates": [ [ [ 6.22149139724498, 52.08878637752106 ], [ 6.219223120808998, 52.092549949358116 ], [ 6.22015877766552, 52.100327163521683 ], [ 6.224490863757574, 52.10004933178179 ], [ 6.224620568139058, 52.101079589251682 ], [ 6.222085101550281, 52.106677133448265 ], [ 6.225827379877243, 52.106826553893761 ], [ 6.226637734815142, 52.109409511258256 ], [ 6.232415982598193, 52.110747141836811 ], [ 6.233876980826587, 52.11312580319661 ], [ 6.25760092535774, 52.110286602200325 ], [ 6.269843322781759, 52.111643497492935 ], [ 6.27748696782355, 52.121728793440944 ], [ 6.288465313439347, 52.125537840287322 ], [ 6.292150249855594, 52.125472566950528 ], [ 6.29111241772961, 52.126446097011211 ], [ 6.293868304333436, 52.127942867276452 ], [ 6.307285680309025, 52.130451593806953 ], [ 6.328314370949888, 52.137712365648618 ], [ 6.324039952398315, 52.15276172008808 ], [ 6.300918056501105, 52.149111171421268 ], [ 6.28360418052056, 52.148195720860038 ], [ 6.269791384670599, 52.149958705954234 ], [ 6.264541761440142, 52.147091338254327 ], [ 6.248481221685514, 52.147585023098635 ], [ 6.237988189237483, 52.14603055482759 ], [ 6.235260914484983, 52.155428632002184 ], [ 6.231640114855119, 52.155940317447893 ], [ 6.223478064611871, 52.153843495386369 ], [ 6.22348914487984, 52.155947129874072 ], [ 6.219153207980914, 52.156076857717679 ], [ 6.218665822139868, 52.15840209904183 ], [ 6.216118371865308, 52.158587645590082 ], [ 6.217080768187592, 52.1616733664859 ], [ 6.212220148428341, 52.162646153305815 ], [ 6.207221674018883, 52.166643689213274 ], [ 6.200528652492345, 52.164916727223456 ], [ 6.198707966382279, 52.162910278475529 ], [ 6.192799436397194, 52.169801276755905 ], [ 6.185230362554904, 52.162588984246 ], [ 6.18161485672241, 52.152707224917307 ], [ 6.171466630293582, 52.152771017481108 ], [ 6.159157876336668, 52.157705034831544 ], [ 6.14742219188945, 52.157995629268463 ], [ 6.143285469459363, 52.156312834098614 ], [ 6.140482571758742, 52.150734621033799 ], [ 6.142803730077618, 52.145663675431159 ], [ 6.150210264664867, 52.14398343738835 ], [ 6.163985491478106, 52.1463519537023 ], [ 6.173395821038965, 52.144969787136382 ], [ 6.172135568116862, 52.143267240304787 ], [ 6.175068700254001, 52.141493535625898 ], [ 6.174131259491944, 52.139431961463046 ], [ 6.179013536301241, 52.138528305002218 ], [ 6.177471663825246, 52.136957486734033 ], [ 6.18363080602558, 52.134226398340374 ], [ 6.182515354572784, 52.126238987316995 ], [ 6.186184946693067, 52.124518267148702 ], [ 6.18554212660294, 52.11954746824793 ], [ 6.188251986655341, 52.115516091362046 ], [ 6.206737106970589, 52.113461388391045 ], [ 6.213467874999476, 52.110908264233622 ], [ 6.218164285991912, 52.102748731004013 ], [ 6.219192691355568, 52.096231339675128 ], [ 6.216750586635573, 52.093325630635377 ], [ 6.218804219806902, 52.092372643931633 ], [ 6.218227828224216, 52.089476655807864 ], [ 6.22149139724498, 52.08878637752106 ] ] ] } },
{ "type": "Feature", "properties": { "code": "1896", "gemeente": "Zwartewaterland", "provincie": "Overijssel" }, "geometry": { "type": "Polygon", "coordinates": [ [ [ 6.140527241858833, 52.552102443196759 ], [ 6.166814247485427, 52.56525215804654 ], [ 6.15881233124654, 52.575405711764425 ], [ 6.157458728524123, 52.580734033040379 ], [ 6.155069511840172, 52.582706349295457 ], [ 6.147418548425008, 52.584408246294856 ], [ 6.131377878229339, 52.58124629741328 ], [ 6.12409039148689, 52.590844089830199 ], [ 6.124056859752215, 52.594056576701725 ], [ 6.103224949120609, 52.605368455190025 ], [ 6.106229779954313, 52.607034733555949 ], [ 6.103700968349265, 52.612685510488397 ], [ 6.106950861455765, 52.614832222702873 ], [ 6.107476764980333, 52.618872776757257 ], [ 6.103930581507871, 52.6255694161812 ], [ 6.098347896903242, 52.625554859676846 ], [ 6.09591666115409, 52.6309412003069 ], [ 6.104470937210634, 52.647925716266911 ], [ 6.104291291663817, 52.657119784828474 ], [ 6.106631616408372, 52.656757818394915 ], [ 6.120271326648631, 52.665089594290073 ], [ 6.119566088856847, 52.667936872708893 ], [ 6.107386892905348, 52.665599249748482 ], [ 6.099917290619293, 52.660821279634909 ], [ 6.097360359275135, 52.664627379984232 ], [ 6.085562846435554, 52.663274216796509 ], [ 6.054864166445728, 52.65021892943286 ], [ 6.038208218256456, 52.649500010696393 ], [ 6.021083251933266, 52.641363278468525 ], [ 6.018072614409182, 52.643854991674459 ], [ 6.010491470113069, 52.637881723147409 ], [ 5.988626375040936, 52.629324496693002 ], [ 5.981015389507128, 52.628302260784203 ], [ 5.991745409319716, 52.62174750923959 ], [ 5.991302026388228, 52.614397034029835 ], [ 5.980242995582775, 52.60508847113308 ], [ 5.971341230954367, 52.594157313396458 ], [ 5.98294070039366, 52.577513774676596 ], [ 6.012888175966988, 52.586114053042117 ], [ 6.033365032227606, 52.558979531437558 ], [ 6.063153716264454, 52.567279912844157 ], [ 6.070155948973195, 52.558226207335032 ], [ 6.07354434585403, 52.559176060787244 ], [ 6.076162813279966, 52.556962793710973 ], [ 6.07418575641334, 52.556402361839417 ], [ 6.089399559752232, 52.551840639346288 ], [ 6.097684129856375, 52.558629444011487 ], [ 6.103335537658708, 52.567388131563625 ], [ 6.108072369600248, 52.56749416568762 ], [ 6.110059637653464, 52.567412365156642 ], [ 6.109790504823907, 52.561114554883432 ], [ 6.114588803386722, 52.560456750410602 ], [ 6.118080956883607, 52.55739749824621 ], [ 6.128679232805331, 52.5565812578199 ], [ 6.140527241858833, 52.552102443196759 ] ] ] } },
{ "type": "Feature", "properties": { "code": "0642", "gemeente": "Zwijndrecht", "provincie": "Zuid-Holland" }, "geometry": { "type": "Polygon", "coordinates": [ [ [ 4.638330415196215, 51.803993450702691 ], [ 4.661898520984376, 51.818511630251585 ], [ 4.671708690614249, 51.820853979780132 ], [ 4.661885762424291, 51.831607889279951 ], [ 4.637208633929611, 51.825348321380901 ], [ 4.600197479332841, 51.838719203667345 ], [ 4.571058446852389, 51.847116778805898 ], [ 4.560013425147341, 51.838791268595749 ], [ 4.55360870140994, 51.829896909520087 ], [ 4.557239425237057, 51.826862683780085 ], [ 4.562652747869768, 51.816124244859424 ], [ 4.57028714307782, 51.811022239232329 ], [ 4.579552341445149, 51.808003967074278 ], [ 4.599037602946253, 51.806105324459686 ], [ 4.62122157652138, 51.800803685593188 ], [ 4.638330415196215, 51.803993450702691 ] ] ] } },
{ "type": "Feature", "properties": { "code": "0193", "gemeente": "Zwolle", "provincie": "Overijssel" }, "geometry": { "type": "Polygon", "coordinates": [ [ [ 6.099900258457629, 52.469518463840558 ], [ 6.103558631187957, 52.453082056681787 ], [ 6.101934492024491, 52.446917270911321 ], [ 6.105023648479563, 52.442586575229896 ], [ 6.109580019242085, 52.440530732031569 ], [ 6.120608242198, 52.442314260648182 ], [ 6.137141138849583, 52.440758495558548 ], [ 6.13999130140815, 52.441909656351633 ], [ 6.140639578737847, 52.44456638300916 ], [ 6.147676425534036, 52.44444114452903 ], [ 6.155084539367001, 52.453657643728427 ], [ 6.152197150836045, 52.45743856887632 ], [ 6.152515900261274, 52.461134512128567 ], [ 6.144145749482267, 52.467664733222627 ], [ 6.151314632252467, 52.471087105288909 ], [ 6.170017697706301, 52.475879317081223 ], [ 6.171246799703665, 52.477395207939132 ], [ 6.177660967779195, 52.477856389925918 ], [ 6.177529292768007, 52.479822382682961 ], [ 6.182076349307404, 52.479057079525312 ], [ 6.182832285861017, 52.480806639733579 ], [ 6.192550747833622, 52.481631592207691 ], [ 6.192387966805478, 52.485615489951549 ], [ 6.196520022205902, 52.48967949820517 ], [ 6.201003429625012, 52.490994695741101 ], [ 6.198742897037893, 52.492816975788863 ], [ 6.199712560301756, 52.495274293730908 ], [ 6.188150296044181, 52.499556655831668 ], [ 6.184070986119335, 52.507741065025797 ], [ 6.173321983641423, 52.518830214569292 ], [ 6.182953447391854, 52.519335387487423 ], [ 6.187851472444915, 52.523515601314699 ], [ 6.193050249763196, 52.531848058398708 ], [ 6.189631145914829, 52.536160052835818 ], [ 6.210810677736872, 52.567797766295399 ], [ 6.205455509028873, 52.575250251193452 ], [ 6.202137717158045, 52.584948507285546 ], [ 6.194533494430947, 52.584150589625466 ], [ 6.179901218862743, 52.587940366324347 ], [ 6.147583063092482, 52.585203745528034 ], [ 6.147531516608977, 52.583800489569278 ], [ 6.155069511840172, 52.582706349295457 ], [ 6.157425466396449, 52.580776705818309 ], [ 6.15881233124654, 52.575405711764425 ], [ 6.166814247485427, 52.56525215804654 ], [ 6.140527241858833, 52.552102443196759 ], [ 6.128679232805331, 52.5565812578199 ], [ 6.118080956883607, 52.55739749824621 ], [ 6.114588803386722, 52.560456750410602 ], [ 6.109925474630685, 52.561048969154903 ], [ 6.110059637653464, 52.567412365156642 ], [ 6.108072369600248, 52.56749416568762 ], [ 6.103335537658708, 52.567388131563625 ], [ 6.097684129856375, 52.558629444011487 ], [ 6.089399559752232, 52.551840639346288 ], [ 6.07418575641334, 52.556402361839417 ], [ 6.076162813279966, 52.556962793710973 ], [ 6.07354434585403, 52.559176060787244 ], [ 6.070155948973195, 52.558226207335032 ], [ 6.063153716264454, 52.567279912844157 ], [ 6.003619008398278, 52.550391504059483 ], [ 6.007287958357645, 52.545118099366846 ], [ 6.030455062965905, 52.538060571721047 ], [ 6.030170533462657, 52.526754361136426 ], [ 6.02483241125957, 52.526308237781741 ], [ 6.023643034984694, 52.527365696047454 ], [ 6.017054625070058, 52.524584085398416 ], [ 6.014713852123074, 52.519429588188437 ], [ 6.017085097446214, 52.515251131780765 ], [ 6.024570453903737, 52.510782317911655 ], [ 6.042409173303147, 52.505595586171545 ], [ 6.054665971319107, 52.499546680243675 ], [ 6.066671865711109, 52.484947499556867 ], [ 6.073716557464849, 52.48114062637552 ], [ 6.09298972672346, 52.474853296490387 ], [ 6.099900258457629, 52.469518463840558 ] ] ] } }
]
}
